order_id,date,region,product,category,customer_id,customer_segment,channel,quantity,unit_price,discount_pct,revenue,cost,profit
10000,2026-02-28,West,Product C,Accessory,CUST1170,Loyal,Retail Store,4,300,15,1020.0,720.0,300.0
10001,2026-02-28,North,Product C,Accessory,CUST1485,New,Retail Store,2,300,20,480.0,360.0,120.0
10002,2026-02-28,West,Product A,Core,CUST1492,At Risk,Retail Store,3,500,0,1500.0,900.0,600.0
10003,2026-02-28,North,Product A,Core,CUST1304,Lost,Online,4,500,5,1900.0,1200.0,700.0
10004,2026-02-28,West,Product B,Core,CUST1044,At Risk,Online,4,750,10,2700.0,1800.0,900.0
10005,2026-02-28,West,Product C,Accessory,CUST1143,New,Online,1,300,0,300.0,180.0,120.0
10006,2026-02-28,North,Product C,Accessory,CUST1457,New,Retail Store,3,300,10,810.0,540.0,270.0
10007,2026-02-28,West,Product A,Core,CUST1544,Champions,Retail Store,1,500,15,425.0,300.0,125.0
10008,2026-02-28,North,Product B,Core,CUST1157,At Risk,Online,3,750,10,2025.0,1350.0,675.0
10009,2026-02-28,North,Product D,Accessory,CUST1314,Loyal,Retail Store,2,1200,5,2280.0,1440.0,840.0
10010,2026-02-28,South,Product A,Core,CUST1329,Loyal,Online,4,500,0,2000.0,1200.0,800.0
10011,2026-02-28,South,Product C,Accessory,CUST1254,Loyal,Partner,4,300,0,1200.0,720.0,480.0
10012,2026-02-28,South,Product A,Core,CUST1071,New,Partner,3,500,10,1350.0,900.0,450.0
10013,2026-02-28,East,Product B,Core,CUST1297,At Risk,Online,4,750,0,3000.0,1800.0,1200.0
10014,2026-02-28,North,Product A,Core,CUST1332,At Risk,Online,1,500,0,500.0,300.0,200.0
10015,2026-02-28,South,Product D,Accessory,CUST1577,New,Online,4,1200,0,4800.0,2880.0,1920.0
10016,2026-02-28,West,Product A,Core,CUST1336,Champions,Partner,2,500,5,950.0,600.0,350.0
10017,2026-02-28,East,Product B,Core,CUST1371,Loyal,Online,3,750,0,2250.0,1350.0,900.0
10018,2026-02-28,North,Product D,Accessory,CUST1000,At Risk,Retail Store,2,1200,10,2160.0,1440.0,720.0
10019,2026-02-28,South,Product B,Core,CUST1569,New,Retail Store,4,750,15,2550.0,1800.0,750.0
10020,2026-02-28,East,Product A,Core,CUST1102,Loyal,Online,3,500,10,1350.0,900.0,450.0
10021,2026-02-28,West,Product B,Core,CUST1560,Champions,Online,2,750,0,1500.0,900.0,600.0
10022,2026-02-28,North,Product A,Core,CUST1343,New,Online,1,500,0,500.0,300.0,200.0
10023,2026-02-28,North,Product A,Core,CUST1381,Lost,Online,2,500,0,1000.0,600.0,400.0
10024,2026-02-28,South,Product B,Core,CUST1138,At Risk,Online,2,750,15,1275.0,900.0,375.0
10025,2026-02-28,North,Product B,Core,CUST1164,New,Online,2,750,10,1350.0,900.0,450.0
10026,2026-02-28,North,Product A,Core,CUST1358,New,Online,1,500,0,500.0,300.0,200.0
10027,2026-02-28,South,Product D,Accessory,CUST1289,Champions,Online,1,1200,10,1080.0,720.0,360.0
10028,2026-02-28,North,Product A,Core,CUST1191,Loyal,Partner,1,500,0,500.0,300.0,200.0
10029,2026-02-28,North,Product A,Core,CUST1423,Champions,Online,3,500,5,1425.0,900.0,525.0
10030,2026-02-28,West,Product A,Core,CUST1168,Loyal,Retail Store,4,500,0,2000.0,1200.0,800.0
10031,2026-02-28,East,Product D,Accessory,CUST1174,Loyal,Partner,2,1200,5,2280.0,1440.0,840.0
10032,2026-02-28,East,Product D,Accessory,CUST1047,Loyal,Retail Store,2,1200,0,2400.0,1440.0,960.0
10033,2026-02-28,East,Product B,Core,CUST1177,Lost,Online,1,750,0,750.0,450.0,300.0
10034,2026-02-28,North,Product A,Core,CUST1230,Champions,Online,1,500,10,450.0,300.0,150.0
10035,2026-02-28,East,Product A,Core,CUST1074,Champions,Retail Store,4,500,0,2000.0,1200.0,800.0
10036,2026-02-28,North,Product C,Accessory,CUST1036,Champions,Online,1,300,0,300.0,180.0,120.0
10037,2026-02-28,North,Product D,Accessory,CUST1346,Lost,Online,3,1200,15,3060.0,2160.0,900.0
10038,2026-02-28,South,Product B,Core,CUST1109,Lost,Online,2,750,0,1500.0,900.0,600.0
10039,2026-02-28,East,Product C,Accessory,CUST1113,New,Retail Store,1,300,0,300.0,180.0,120.0
10040,2026-02-28,West,Product A,Core,CUST1371,Loyal,Retail Store,3,500,0,1500.0,900.0,600.0
10041,2026-02-28,East,Product C,Accessory,CUST1457,New,Retail Store,3,300,20,720.0,540.0,180.0
10042,2026-02-28,South,Product B,Core,CUST1565,At Risk,Retail Store,1,750,5,712.5,450.0,262.5
10043,2026-02-28,North,Product D,Accessory,CUST1394,Champions,Retail Store,2,1200,20,1920.0,1440.0,480.0
10044,2026-02-28,North,Product A,Core,CUST1551,Loyal,Partner,4,500,5,1900.0,1200.0,700.0
10045,2026-02-28,East,Product D,Accessory,CUST1387,Lost,Online,2,1200,10,2160.0,1440.0,720.0
10046,2026-02-28,East,Product C,Accessory,CUST1569,New,Online,3,300,15,765.0,540.0,225.0
10047,2026-02-28,West,Product C,Accessory,CUST1301,Champions,Online,1,300,10,270.0,180.0,90.0
10048,2026-02-28,North,Product D,Accessory,CUST1592,Loyal,Retail Store,2,1200,0,2400.0,1440.0,960.0
10049,2026-02-28,South,Product B,Core,CUST1342,At Risk,Online,3,750,15,1912.5,1350.0,562.5
10050,2026-02-28,South,Product A,Core,CUST1202,New,Online,2,500,0,1000.0,600.0,400.0
10051,2026-02-28,North,Product C,Accessory,CUST1028,Loyal,Partner,2,300,0,600.0,360.0,240.0
10052,2026-02-28,East,Product D,Accessory,CUST1206,Champions,Online,2,1200,0,2400.0,1440.0,960.0
10053,2026-02-28,South,Product B,Core,CUST1272,Champions,Online,2,750,20,1200.0,900.0,300.0
10054,2026-02-28,East,Product B,Core,CUST1530,At Risk,Online,1,750,10,675.0,450.0,225.0
10055,2026-02-28,West,Product D,Accessory,CUST1063,At Risk,Partner,4,1200,20,3840.0,2880.0,960.0
10056,2026-02-28,North,Product A,Core,CUST1564,At Risk,Retail Store,2,500,10,900.0,600.0,300.0
10057,2026-02-28,East,Product B,Core,CUST1312,Loyal,Online,1,750,15,637.5,450.0,187.5
10058,2026-03-01,North,Product B,Core,CUST1501,Lost,Retail Store,2,750,15,1275.0,900.0,375.0
10059,2026-03-01,North,Product D,Accessory,CUST1436,Champions,Online,1,1200,0,1200.0,720.0,480.0
10060,2026-03-01,South,Product B,Core,CUST1111,Loyal,Retail Store,1,750,15,637.5,450.0,187.5
10061,2026-03-01,South,Product B,Core,CUST1431,At Risk,Online,1,750,15,637.5,450.0,187.5
10062,2026-03-01,West,Product C,Accessory,CUST1197,Lost,Online,3,300,5,855.0,540.0,315.0
10063,2026-03-01,South,Product B,Core,CUST1216,Champions,Online,1,750,5,712.5,450.0,262.5
10064,2026-03-01,West,Product A,Core,CUST1223,Lost,Online,3,500,0,1500.0,900.0,600.0
10065,2026-03-01,North,Product A,Core,CUST1094,Loyal,Online,4,500,5,1900.0,1200.0,700.0
10066,2026-03-01,South,Product B,Core,CUST1396,At Risk,Partner,1,750,10,675.0,450.0,225.0
10067,2026-03-01,South,Product A,Core,CUST1497,At Risk,Online,4,500,0,2000.0,1200.0,800.0
10068,2026-03-01,South,Product C,Accessory,CUST1394,Champions,Retail Store,3,300,10,810.0,540.0,270.0
10069,2026-03-01,North,Product D,Accessory,CUST1318,Loyal,Retail Store,2,1200,20,1920.0,1440.0,480.0
10070,2026-03-01,North,Product A,Core,CUST1238,Champions,Online,2,500,5,950.0,600.0,350.0
10071,2026-03-01,South,Product D,Accessory,CUST1388,Champions,Retail Store,2,1200,5,2280.0,1440.0,840.0
10072,2026-03-01,East,Product B,Core,CUST1043,Loyal,Partner,2,750,0,1500.0,900.0,600.0
10073,2026-03-01,East,Product C,Accessory,CUST1350,At Risk,Online,1,300,15,255.0,180.0,75.0
10074,2026-03-01,East,Product D,Accessory,CUST1271,Loyal,Retail Store,3,1200,0,3600.0,2160.0,1440.0
10075,2026-03-01,West,Product B,Core,CUST1440,Lost,Online,3,750,10,2025.0,1350.0,675.0
10076,2026-03-01,South,Product D,Accessory,CUST1198,Loyal,Retail Store,2,1200,0,2400.0,1440.0,960.0
10077,2026-03-01,South,Product B,Core,CUST1155,At Risk,Online,1,750,10,675.0,450.0,225.0
10078,2026-03-01,East,Product A,Core,CUST1532,Loyal,Online,2,500,10,900.0,600.0,300.0
10079,2026-03-01,West,Product A,Core,CUST1547,Champions,Online,3,500,0,1500.0,900.0,600.0
10080,2026-03-01,North,Product A,Core,CUST1168,Loyal,Partner,3,500,5,1425.0,900.0,525.0
10081,2026-03-01,East,Product D,Accessory,CUST1349,Champions,Online,3,1200,5,3420.0,2160.0,1260.0
10082,2026-03-01,South,Product D,Accessory,CUST1311,New,Retail Store,2,1200,0,2400.0,1440.0,960.0
10083,2026-03-01,South,Product D,Accessory,CUST1577,New,Online,3,1200,15,3060.0,2160.0,900.0
10084,2026-03-01,West,Product A,Core,CUST1513,Loyal,Online,3,500,5,1425.0,900.0,525.0
10085,2026-03-01,South,Product A,Core,CUST1241,At Risk,Partner,4,500,10,1800.0,1200.0,600.0
10086,2026-03-01,West,Product C,Accessory,CUST1598,Lost,Retail Store,4,300,5,1140.0,720.0,420.0
10087,2026-03-01,South,Product A,Core,CUST1363,Champions,Online,3,500,0,1500.0,900.0,600.0
10088,2026-03-01,East,Product B,Core,CUST1171,New,Retail Store,1,750,0,750.0,450.0,300.0
10089,2026-03-01,North,Product A,Core,CUST1272,Champions,Retail Store,4,500,10,1800.0,1200.0,600.0
10090,2026-03-01,North,Product B,Core,CUST1270,Champions,Online,4,750,5,2850.0,1800.0,1050.0
10091,2026-03-01,West,Product D,Accessory,CUST1379,At Risk,Online,1,1200,10,1080.0,720.0,360.0
10092,2026-03-01,North,Product D,Accessory,CUST1134,New,Online,3,1200,0,3600.0,2160.0,1440.0
10093,2026-03-01,South,Product B,Core,CUST1146,Loyal,Retail Store,3,750,20,1800.0,1350.0,450.0
10094,2026-03-01,West,Product B,Core,CUST1063,At Risk,Retail Store,1,750,0,750.0,450.0,300.0
10095,2026-03-01,South,Product B,Core,CUST1125,New,Retail Store,1,750,10,675.0,450.0,225.0
10096,2026-03-01,West,Product C,Accessory,CUST1561,Loyal,Online,2,300,10,540.0,360.0,180.0
10097,2026-03-01,West,Product B,Core,CUST1133,Loyal,Online,4,750,0,3000.0,1800.0,1200.0
10098,2026-03-01,North,Product B,Core,CUST1168,Loyal,Online,1,750,10,675.0,450.0,225.0
10099,2026-03-01,North,Product C,Accessory,CUST1448,Champions,Online,4,300,15,1020.0,720.0,300.0
10100,2026-03-01,West,Product B,Core,CUST1272,Champions,Online,4,750,10,2700.0,1800.0,900.0
10101,2026-03-01,North,Product C,Accessory,CUST1120,New,Retail Store,3,300,0,900.0,540.0,360.0
10102,2026-03-01,North,Product A,Core,CUST1389,Lost,Online,4,500,0,2000.0,1200.0,800.0
10103,2026-03-01,North,Product C,Accessory,CUST1036,Champions,Partner,2,300,10,540.0,360.0,180.0
10104,2026-03-01,South,Product B,Core,CUST1110,New,Partner,4,750,0,3000.0,1800.0,1200.0
10105,2026-03-02,North,Product C,Accessory,CUST1003,At Risk,Retail Store,3,300,10,810.0,540.0,270.0
10106,2026-03-02,North,Product A,Core,CUST1558,New,Online,3,500,5,1425.0,900.0,525.0
10107,2026-03-02,East,Product C,Accessory,CUST1209,New,Online,3,300,0,900.0,540.0,360.0
10108,2026-03-02,South,Product A,Core,CUST1270,Champions,Retail Store,3,500,0,1500.0,900.0,600.0
10109,2026-03-02,North,Product A,Core,CUST1358,New,Retail Store,4,500,15,1700.0,1200.0,500.0
10110,2026-03-02,South,Product B,Core,CUST1504,New,Online,4,750,5,2850.0,1800.0,1050.0
10111,2026-03-02,North,Product C,Accessory,CUST1016,New,Online,1,300,5,285.0,180.0,105.0
10112,2026-03-02,North,Product A,Core,CUST1390,At Risk,Online,4,500,0,2000.0,1200.0,800.0
10113,2026-03-02,South,Product A,Core,CUST1557,New,Online,3,500,15,1275.0,900.0,375.0
10114,2026-03-02,West,Product A,Core,CUST1451,Lost,Online,1,500,5,475.0,300.0,175.0
10115,2026-03-02,North,Product D,Accessory,CUST1577,New,Retail Store,4,1200,20,3840.0,2880.0,960.0
10116,2026-03-02,North,Product B,Core,CUST1037,New,Partner,2,750,0,1500.0,900.0,600.0
10117,2026-03-02,West,Product B,Core,CUST1318,Loyal,Partner,2,750,0,1500.0,900.0,600.0
10118,2026-03-02,East,Product A,Core,CUST1392,New,Online,2,500,0,1000.0,600.0,400.0
10119,2026-03-02,West,Product B,Core,CUST1346,Lost,Online,2,750,5,1425.0,900.0,525.0
10120,2026-03-02,West,Product D,Accessory,CUST1438,At Risk,Online,2,1200,5,2280.0,1440.0,840.0
10121,2026-03-02,East,Product B,Core,CUST1174,Loyal,Retail Store,3,750,0,2250.0,1350.0,900.0
10122,2026-03-02,South,Product A,Core,CUST1183,Loyal,Retail Store,1,500,0,500.0,300.0,200.0
10123,2026-03-02,North,Product B,Core,CUST1454,Champions,Online,4,750,5,2850.0,1800.0,1050.0
10124,2026-03-02,East,Product A,Core,CUST1393,At Risk,Online,4,500,15,1700.0,1200.0,500.0
10125,2026-03-02,East,Product A,Core,CUST1369,Lost,Retail Store,1,500,5,475.0,300.0,175.0
10126,2026-03-02,North,Product C,Accessory,CUST1090,Loyal,Online,4,300,0,1200.0,720.0,480.0
10127,2026-03-02,East,Product A,Core,CUST1528,At Risk,Online,4,500,5,1900.0,1200.0,700.0
10128,2026-03-02,North,Product A,Core,CUST1260,Champions,Online,4,500,20,1600.0,1200.0,400.0
10129,2026-03-02,West,Product D,Accessory,CUST1510,Champions,Retail Store,1,1200,15,1020.0,720.0,300.0
10130,2026-03-02,South,Product A,Core,CUST1233,New,Online,4,500,5,1900.0,1200.0,700.0
10131,2026-03-02,West,Product B,Core,CUST1546,Loyal,Online,2,750,0,1500.0,900.0,600.0
10132,2026-03-02,East,Product C,Accessory,CUST1041,At Risk,Online,2,300,15,510.0,360.0,150.0
10133,2026-03-02,North,Product B,Core,CUST1303,New,Retail Store,2,750,0,1500.0,900.0,600.0
10134,2026-03-02,East,Product A,Core,CUST1348,New,Online,2,500,0,1000.0,600.0,400.0
10135,2026-03-02,North,Product A,Core,CUST1295,Lost,Online,2,500,5,950.0,600.0,350.0
10136,2026-03-02,West,Product D,Accessory,CUST1147,New,Retail Store,1,1200,15,1020.0,720.0,300.0
10137,2026-03-02,East,Product B,Core,CUST1080,At Risk,Online,2,750,20,1200.0,900.0,300.0
10138,2026-03-02,West,Product A,Core,CUST1122,Champions,Online,3,500,15,1275.0,900.0,375.0
10139,2026-03-02,North,Product D,Accessory,CUST1457,New,Online,4,1200,10,4320.0,2880.0,1440.0
10140,2026-03-02,North,Product B,Core,CUST1041,At Risk,Retail Store,4,750,0,3000.0,1800.0,1200.0
10141,2026-03-02,West,Product A,Core,CUST1474,Loyal,Online,1,500,20,400.0,300.0,100.0
10142,2026-03-02,North,Product D,Accessory,CUST1076,Loyal,Retail Store,3,1200,10,3240.0,2160.0,1080.0
10143,2026-03-02,West,Product A,Core,CUST1553,Lost,Online,4,500,5,1900.0,1200.0,700.0
10144,2026-03-03,South,Product B,Core,CUST1167,At Risk,Online,2,750,0,1500.0,900.0,600.0
10145,2026-03-03,East,Product B,Core,CUST1116,At Risk,Retail Store,4,750,0,3000.0,1800.0,1200.0
10146,2026-03-03,North,Product D,Accessory,CUST1490,At Risk,Online,1,1200,20,960.0,720.0,240.0
10147,2026-03-03,North,Product A,Core,CUST1213,At Risk,Online,1,500,5,475.0,300.0,175.0
10148,2026-03-03,West,Product B,Core,CUST1396,At Risk,Online,3,750,5,2137.5,1350.0,787.5
10149,2026-03-03,West,Product D,Accessory,CUST1076,Loyal,Online,2,1200,0,2400.0,1440.0,960.0
10150,2026-03-03,South,Product D,Accessory,CUST1509,Champions,Retail Store,2,1200,5,2280.0,1440.0,840.0
10151,2026-03-03,North,Product A,Core,CUST1111,Loyal,Retail Store,3,500,0,1500.0,900.0,600.0
10152,2026-03-03,East,Product A,Core,CUST1429,At Risk,Online,4,500,0,2000.0,1200.0,800.0
10153,2026-03-03,South,Product B,Core,CUST1018,At Risk,Online,3,750,5,2137.5,1350.0,787.5
10154,2026-03-03,South,Product B,Core,CUST1583,Loyal,Retail Store,1,750,5,712.5,450.0,262.5
10155,2026-03-03,North,Product D,Accessory,CUST1010,Loyal,Retail Store,2,1200,0,2400.0,1440.0,960.0
10156,2026-03-03,West,Product B,Core,CUST1448,Champions,Online,4,750,15,2550.0,1800.0,750.0
10157,2026-03-03,East,Product A,Core,CUST1260,Champions,Retail Store,3,500,20,1200.0,900.0,300.0
10158,2026-03-03,South,Product B,Core,CUST1377,New,Online,4,750,5,2850.0,1800.0,1050.0
10159,2026-03-03,North,Product C,Accessory,CUST1209,New,Online,1,300,10,270.0,180.0,90.0
10160,2026-03-03,West,Product A,Core,CUST1337,At Risk,Partner,1,500,0,500.0,300.0,200.0
10161,2026-03-03,North,Product A,Core,CUST1196,New,Retail Store,3,500,10,1350.0,900.0,450.0
10162,2026-03-03,North,Product B,Core,CUST1472,Champions,Online,2,750,0,1500.0,900.0,600.0
10163,2026-03-03,East,Product C,Accessory,CUST1089,New,Online,1,300,10,270.0,180.0,90.0
10164,2026-03-03,East,Product C,Accessory,CUST1123,New,Retail Store,2,300,0,600.0,360.0,240.0
10165,2026-03-03,South,Product A,Core,CUST1138,At Risk,Online,2,500,0,1000.0,600.0,400.0
10166,2026-03-03,East,Product A,Core,CUST1110,New,Online,2,500,5,950.0,600.0,350.0
10167,2026-03-03,South,Product B,Core,CUST1540,Lost,Retail Store,1,750,5,712.5,450.0,262.5
10168,2026-03-03,East,Product D,Accessory,CUST1374,Loyal,Retail Store,4,1200,15,4080.0,2880.0,1200.0
10169,2026-03-03,West,Product C,Accessory,CUST1215,At Risk,Online,2,300,0,600.0,360.0,240.0
10170,2026-03-03,South,Product B,Core,CUST1295,Lost,Retail Store,2,750,10,1350.0,900.0,450.0
10171,2026-03-03,North,Product A,Core,CUST1118,New,Retail Store,4,500,15,1700.0,1200.0,500.0
10172,2026-03-03,West,Product A,Core,CUST1076,Loyal,Online,2,500,5,950.0,600.0,350.0
10173,2026-03-03,West,Product A,Core,CUST1596,At Risk,Online,3,500,0,1500.0,900.0,600.0
10174,2026-03-03,North,Product A,Core,CUST1377,New,Online,4,500,10,1800.0,1200.0,600.0
10175,2026-03-03,North,Product A,Core,CUST1135,Champions,Online,4,500,0,2000.0,1200.0,800.0
10176,2026-03-03,East,Product C,Accessory,CUST1252,New,Online,1,300,20,240.0,180.0,60.0
10177,2026-03-03,North,Product B,Core,CUST1591,New,Online,2,750,0,1500.0,900.0,600.0
10178,2026-03-03,West,Product A,Core,CUST1405,Lost,Retail Store,1,500,20,400.0,300.0,100.0
10179,2026-03-03,North,Product A,Core,CUST1538,Loyal,Retail Store,3,500,0,1500.0,900.0,600.0
10180,2026-03-03,East,Product B,Core,CUST1141,New,Online,1,750,5,712.5,450.0,262.5
10181,2026-03-03,West,Product B,Core,CUST1443,Loyal,Partner,3,750,5,2137.5,1350.0,787.5
10182,2026-03-03,West,Product A,Core,CUST1595,Loyal,Retail Store,3,500,0,1500.0,900.0,600.0
10183,2026-03-03,South,Product A,Core,CUST1104,At Risk,Online,1,500,0,500.0,300.0,200.0
10184,2026-03-03,East,Product D,Accessory,CUST1323,New,Online,4,1200,0,4800.0,2880.0,1920.0
10185,2026-03-03,North,Product A,Core,CUST1014,New,Online,4,500,10,1800.0,1200.0,600.0
10186,2026-03-03,South,Product A,Core,CUST1051,Champions,Retail Store,1,500,10,450.0,300.0,150.0
10187,2026-03-03,North,Product D,Accessory,CUST1368,Loyal,Retail Store,4,1200,0,4800.0,2880.0,1920.0
10188,2026-03-03,West,Product A,Core,CUST1059,Champions,Retail Store,3,500,0,1500.0,900.0,600.0
10189,2026-03-03,East,Product D,Accessory,CUST1063,At Risk,Online,3,1200,15,3060.0,2160.0,900.0
10190,2026-03-03,South,Product C,Accessory,CUST1027,Champions,Retail Store,4,300,0,1200.0,720.0,480.0
10191,2026-03-03,North,Product A,Core,CUST1185,At Risk,Online,3,500,0,1500.0,900.0,600.0
10192,2026-03-03,East,Product D,Accessory,CUST1478,At Risk,Retail Store,1,1200,10,1080.0,720.0,360.0
10193,2026-03-04,East,Product D,Accessory,CUST1004,Champions,Partner,3,1200,20,2880.0,2160.0,720.0
10194,2026-03-04,South,Product B,Core,CUST1395,New,Partner,2,750,5,1425.0,900.0,525.0
10195,2026-03-04,West,Product A,Core,CUST1309,Champions,Online,4,500,20,1600.0,1200.0,400.0
10196,2026-03-04,West,Product A,Core,CUST1149,Champions,Online,4,500,5,1900.0,1200.0,700.0
10197,2026-03-04,East,Product C,Accessory,CUST1568,Loyal,Online,1,300,10,270.0,180.0,90.0
10198,2026-03-04,East,Product B,Core,CUST1284,New,Online,1,750,0,750.0,450.0,300.0
10199,2026-03-04,South,Product D,Accessory,CUST1520,Lost,Retail Store,1,1200,0,1200.0,720.0,480.0
10200,2026-03-04,West,Product C,Accessory,CUST1440,Lost,Online,4,300,5,1140.0,720.0,420.0
10201,2026-03-04,East,Product A,Core,CUST1477,At Risk,Online,1,500,20,400.0,300.0,100.0
10202,2026-03-04,East,Product B,Core,CUST1222,At Risk,Online,3,750,5,2137.5,1350.0,787.5
10203,2026-03-04,East,Product A,Core,CUST1010,Loyal,Retail Store,4,500,0,2000.0,1200.0,800.0
10204,2026-03-04,East,Product A,Core,CUST1157,At Risk,Partner,4,500,15,1700.0,1200.0,500.0
10205,2026-03-04,South,Product A,Core,CUST1174,Loyal,Online,1,500,0,500.0,300.0,200.0
10206,2026-03-04,North,Product D,Accessory,CUST1052,At Risk,Online,1,1200,5,1140.0,720.0,420.0
10207,2026-03-04,East,Product B,Core,CUST1245,Lost,Retail Store,4,750,10,2700.0,1800.0,900.0
10208,2026-03-04,South,Product A,Core,CUST1100,Lost,Online,2,500,10,900.0,600.0,300.0
10209,2026-03-04,North,Product A,Core,CUST1453,Loyal,Retail Store,1,500,10,450.0,300.0,150.0
10210,2026-03-04,West,Product A,Core,CUST1528,At Risk,Online,4,500,0,2000.0,1200.0,800.0
10211,2026-03-04,East,Product D,Accessory,CUST1066,New,Retail Store,2,1200,0,2400.0,1440.0,960.0
10212,2026-03-04,East,Product B,Core,CUST1267,Loyal,Retail Store,3,750,10,2025.0,1350.0,675.0
10213,2026-03-04,East,Product C,Accessory,CUST1365,New,Online,1,300,5,285.0,180.0,105.0
10214,2026-03-04,North,Product A,Core,CUST1198,Loyal,Retail Store,2,500,10,900.0,600.0,300.0
10215,2026-03-04,South,Product C,Accessory,CUST1576,Lost,Online,2,300,5,570.0,360.0,210.0
10216,2026-03-04,West,Product B,Core,CUST1575,New,Retail Store,3,750,0,2250.0,1350.0,900.0
10217,2026-03-04,South,Product B,Core,CUST1308,Loyal,Online,4,750,20,2400.0,1800.0,600.0
10218,2026-03-04,South,Product A,Core,CUST1255,At Risk,Online,1,500,0,500.0,300.0,200.0
10219,2026-03-04,South,Product C,Accessory,CUST1323,New,Online,3,300,5,855.0,540.0,315.0
10220,2026-03-04,North,Product D,Accessory,CUST1580,New,Retail Store,1,1200,5,1140.0,720.0,420.0
10221,2026-03-04,South,Product C,Accessory,CUST1091,At Risk,Partner,1,300,5,285.0,180.0,105.0
10222,2026-03-04,East,Product C,Accessory,CUST1215,At Risk,Online,4,300,0,1200.0,720.0,480.0
10223,2026-03-04,North,Product A,Core,CUST1383,New,Partner,3,500,5,1425.0,900.0,525.0
10224,2026-03-04,East,Product D,Accessory,CUST1241,At Risk,Online,4,1200,5,4560.0,2880.0,1680.0
10225,2026-03-04,West,Product A,Core,CUST1563,At Risk,Partner,2,500,20,800.0,600.0,200.0
10226,2026-03-04,West,Product C,Accessory,CUST1576,Lost,Online,2,300,5,570.0,360.0,210.0
10227,2026-03-04,East,Product B,Core,CUST1345,At Risk,Online,3,750,0,2250.0,1350.0,900.0
10228,2026-03-04,South,Product A,Core,CUST1258,Champions,Retail Store,1,500,5,475.0,300.0,175.0
10229,2026-03-04,North,Product C,Accessory,CUST1590,Lost,Online,3,300,0,900.0,540.0,360.0
10230,2026-03-04,East,Product A,Core,CUST1412,Champions,Online,1,500,5,475.0,300.0,175.0
10231,2026-03-04,North,Product C,Accessory,CUST1061,New,Retail Store,1,300,5,285.0,180.0,105.0
10232,2026-03-04,North,Product C,Accessory,CUST1376,Lost,Online,4,300,15,1020.0,720.0,300.0
10233,2026-03-04,South,Product A,Core,CUST1538,Loyal,Retail Store,1,500,10,450.0,300.0,150.0
10234,2026-03-04,East,Product D,Accessory,CUST1522,Loyal,Online,2,1200,5,2280.0,1440.0,840.0
10235,2026-03-04,South,Product A,Core,CUST1440,Lost,Online,1,500,10,450.0,300.0,150.0
10236,2026-03-04,North,Product B,Core,CUST1326,At Risk,Retail Store,3,750,10,2025.0,1350.0,675.0
10237,2026-03-04,North,Product B,Core,CUST1372,Loyal,Online,3,750,5,2137.5,1350.0,787.5
10238,2026-03-04,South,Product A,Core,CUST1083,Loyal,Partner,4,500,0,2000.0,1200.0,800.0
10239,2026-03-05,West,Product D,Accessory,CUST1305,New,Retail Store,1,1200,20,960.0,720.0,240.0
10240,2026-03-05,West,Product D,Accessory,CUST1114,Loyal,Online,3,1200,10,3240.0,2160.0,1080.0
10241,2026-03-05,East,Product B,Core,CUST1288,New,Retail Store,2,750,10,1350.0,900.0,450.0
10242,2026-03-05,North,Product C,Accessory,CUST1110,New,Online,4,300,0,1200.0,720.0,480.0
10243,2026-03-05,West,Product C,Accessory,CUST1014,New,Online,2,300,0,600.0,360.0,240.0
10244,2026-03-05,South,Product D,Accessory,CUST1312,Loyal,Online,3,1200,15,3060.0,2160.0,900.0
10245,2026-03-05,South,Product D,Accessory,CUST1471,New,Retail Store,1,1200,15,1020.0,720.0,300.0
10246,2026-03-05,North,Product C,Accessory,CUST1386,At Risk,Online,4,300,10,1080.0,720.0,360.0
10247,2026-03-05,South,Product A,Core,CUST1249,New,Retail Store,2,500,0,1000.0,600.0,400.0
10248,2026-03-05,South,Product C,Accessory,CUST1438,At Risk,Retail Store,3,300,5,855.0,540.0,315.0
10249,2026-03-05,West,Product C,Accessory,CUST1113,New,Retail Store,1,300,5,285.0,180.0,105.0
10250,2026-03-05,North,Product A,Core,CUST1112,Loyal,Online,3,500,0,1500.0,900.0,600.0
10251,2026-03-05,South,Product B,Core,CUST1325,At Risk,Online,3,750,5,2137.5,1350.0,787.5
10252,2026-03-05,South,Product C,Accessory,CUST1455,Loyal,Online,1,300,0,300.0,180.0,120.0
10253,2026-03-05,South,Product B,Core,CUST1458,At Risk,Online,4,750,5,2850.0,1800.0,1050.0
10254,2026-03-05,North,Product B,Core,CUST1453,Loyal,Online,2,750,15,1275.0,900.0,375.0
10255,2026-03-05,North,Product B,Core,CUST1148,New,Online,4,750,15,2550.0,1800.0,750.0
10256,2026-03-05,West,Product A,Core,CUST1219,Loyal,Online,2,500,0,1000.0,600.0,400.0
10257,2026-03-05,South,Product D,Accessory,CUST1114,Loyal,Online,1,1200,10,1080.0,720.0,360.0
10258,2026-03-05,South,Product B,Core,CUST1090,Loyal,Online,4,750,0,3000.0,1800.0,1200.0
10259,2026-03-05,West,Product A,Core,CUST1473,Champions,Online,3,500,5,1425.0,900.0,525.0
10260,2026-03-05,West,Product B,Core,CUST1592,Loyal,Online,4,750,15,2550.0,1800.0,750.0
10261,2026-03-05,South,Product A,Core,CUST1248,Loyal,Online,4,500,5,1900.0,1200.0,700.0
10262,2026-03-05,West,Product A,Core,CUST1424,At Risk,Online,2,500,0,1000.0,600.0,400.0
10263,2026-03-05,North,Product C,Accessory,CUST1277,New,Retail Store,1,300,0,300.0,180.0,120.0
10264,2026-03-05,South,Product C,Accessory,CUST1276,Loyal,Online,2,300,15,510.0,360.0,150.0
10265,2026-03-05,East,Product A,Core,CUST1025,Loyal,Online,4,500,0,2000.0,1200.0,800.0
10266,2026-03-05,South,Product A,Core,CUST1571,At Risk,Retail Store,1,500,0,500.0,300.0,200.0
10267,2026-03-05,West,Product D,Accessory,CUST1135,Champions,Retail Store,3,1200,10,3240.0,2160.0,1080.0
10268,2026-03-05,West,Product A,Core,CUST1316,Loyal,Online,1,500,5,475.0,300.0,175.0
10269,2026-03-05,North,Product B,Core,CUST1208,Champions,Partner,1,750,0,750.0,450.0,300.0
10270,2026-03-05,North,Product A,Core,CUST1494,At Risk,Online,1,500,0,500.0,300.0,200.0
10271,2026-03-05,South,Product A,Core,CUST1205,Loyal,Online,2,500,0,1000.0,600.0,400.0
10272,2026-03-05,North,Product C,Accessory,CUST1359,New,Partner,4,300,5,1140.0,720.0,420.0
10273,2026-03-05,South,Product C,Accessory,CUST1040,New,Retail Store,4,300,15,1020.0,720.0,300.0
10274,2026-03-05,South,Product C,Accessory,CUST1428,Champions,Online,4,300,15,1020.0,720.0,300.0
10275,2026-03-05,North,Product D,Accessory,CUST1267,Loyal,Online,4,1200,0,4800.0,2880.0,1920.0
10276,2026-03-05,East,Product C,Accessory,CUST1481,Loyal,Retail Store,3,300,0,900.0,540.0,360.0
10277,2026-03-05,North,Product B,Core,CUST1511,At Risk,Online,1,750,5,712.5,450.0,262.5
10278,2026-03-05,West,Product A,Core,CUST1516,Loyal,Online,4,500,0,2000.0,1200.0,800.0
10279,2026-03-05,South,Product B,Core,CUST1280,Champions,Online,2,750,0,1500.0,900.0,600.0
10280,2026-03-05,East,Product B,Core,CUST1289,Champions,Online,4,750,10,2700.0,1800.0,900.0
10281,2026-03-05,West,Product C,Accessory,CUST1099,Lost,Online,1,300,0,300.0,180.0,120.0
10282,2026-03-05,West,Product B,Core,CUST1189,Loyal,Partner,2,750,5,1425.0,900.0,525.0
10283,2026-03-05,East,Product A,Core,CUST1202,New,Retail Store,3,500,0,1500.0,900.0,600.0
10284,2026-03-05,South,Product A,Core,CUST1041,At Risk,Online,3,500,15,1275.0,900.0,375.0
10285,2026-03-05,West,Product A,Core,CUST1156,Loyal,Retail Store,2,500,10,900.0,600.0,300.0
10286,2026-03-05,South,Product A,Core,CUST1427,At Risk,Partner,1,500,5,475.0,300.0,175.0
10287,2026-03-05,West,Product B,Core,CUST1462,Lost,Online,4,750,15,2550.0,1800.0,750.0
10288,2026-03-05,West,Product A,Core,CUST1195,Loyal,Online,2,500,5,950.0,600.0,350.0
10289,2026-03-05,North,Product D,Accessory,CUST1515,Loyal,Retail Store,2,1200,0,2400.0,1440.0,960.0
10290,2026-03-05,East,Product A,Core,CUST1353,New,Online,3,500,15,1275.0,900.0,375.0
10291,2026-03-05,East,Product D,Accessory,CUST1292,Lost,Online,1,1200,0,1200.0,720.0,480.0
10292,2026-03-05,South,Product A,Core,CUST1501,Lost,Online,1,500,0,500.0,300.0,200.0
10293,2026-03-05,South,Product A,Core,CUST1417,At Risk,Retail Store,2,500,0,1000.0,600.0,400.0
10294,2026-03-05,South,Product B,Core,CUST1598,Lost,Online,4,750,20,2400.0,1800.0,600.0
10295,2026-03-05,South,Product D,Accessory,CUST1547,Champions,Online,4,1200,5,4560.0,2880.0,1680.0
10296,2026-03-05,East,Product D,Accessory,CUST1480,New,Online,2,1200,5,2280.0,1440.0,840.0
10297,2026-03-06,South,Product C,Accessory,CUST1500,At Risk,Retail Store,4,300,5,1140.0,720.0,420.0
10298,2026-03-06,East,Product C,Accessory,CUST1314,Loyal,Online,4,300,5,1140.0,720.0,420.0
10299,2026-03-06,North,Product D,Accessory,CUST1450,Champions,Online,3,1200,0,3600.0,2160.0,1440.0
10300,2026-03-06,East,Product A,Core,CUST1415,Loyal,Retail Store,1,500,10,450.0,300.0,150.0
10301,2026-03-06,North,Product A,Core,CUST1116,At Risk,Retail Store,4,500,0,2000.0,1200.0,800.0
10302,2026-03-06,North,Product A,Core,CUST1043,Loyal,Online,3,500,10,1350.0,900.0,450.0
10303,2026-03-06,West,Product C,Accessory,CUST1126,Loyal,Online,2,300,5,570.0,360.0,210.0
10304,2026-03-06,South,Product B,Core,CUST1336,Champions,Retail Store,2,750,20,1200.0,900.0,300.0
10305,2026-03-06,North,Product B,Core,CUST1001,New,Online,1,750,10,675.0,450.0,225.0
10306,2026-03-06,South,Product D,Accessory,CUST1505,At Risk,Online,1,1200,5,1140.0,720.0,420.0
10307,2026-03-06,North,Product A,Core,CUST1238,Champions,Online,4,500,5,1900.0,1200.0,700.0
10308,2026-03-06,South,Product B,Core,CUST1093,Loyal,Retail Store,2,750,5,1425.0,900.0,525.0
10309,2026-03-06,East,Product D,Accessory,CUST1499,New,Retail Store,2,1200,0,2400.0,1440.0,960.0
10310,2026-03-06,North,Product A,Core,CUST1310,New,Online,3,500,0,1500.0,900.0,600.0
10311,2026-03-06,West,Product C,Accessory,CUST1045,At Risk,Online,1,300,0,300.0,180.0,120.0
10312,2026-03-06,West,Product A,Core,CUST1282,Loyal,Online,3,500,10,1350.0,900.0,450.0
10313,2026-03-06,South,Product B,Core,CUST1533,At Risk,Online,4,750,0,3000.0,1800.0,1200.0
10314,2026-03-06,South,Product D,Accessory,CUST1067,Loyal,Retail Store,3,1200,0,3600.0,2160.0,1440.0
10315,2026-03-06,South,Product B,Core,CUST1209,New,Online,3,750,0,2250.0,1350.0,900.0
10316,2026-03-06,North,Product B,Core,CUST1024,At Risk,Retail Store,1,750,10,675.0,450.0,225.0
10317,2026-03-06,West,Product A,Core,CUST1262,Loyal,Online,1,500,0,500.0,300.0,200.0
10318,2026-03-06,East,Product D,Accessory,CUST1161,Lost,Retail Store,1,1200,0,1200.0,720.0,480.0
10319,2026-03-06,East,Product C,Accessory,CUST1506,Loyal,Online,2,300,5,570.0,360.0,210.0
10320,2026-03-06,West,Product A,Core,CUST1237,At Risk,Online,1,500,5,475.0,300.0,175.0
10321,2026-03-06,East,Product C,Accessory,CUST1415,Loyal,Retail Store,4,300,10,1080.0,720.0,360.0
10322,2026-03-06,North,Product B,Core,CUST1447,At Risk,Online,2,750,20,1200.0,900.0,300.0
10323,2026-03-06,South,Product B,Core,CUST1551,Loyal,Online,2,750,5,1425.0,900.0,525.0
10324,2026-03-06,North,Product D,Accessory,CUST1457,New,Online,1,1200,0,1200.0,720.0,480.0
10325,2026-03-06,West,Product C,Accessory,CUST1063,At Risk,Retail Store,1,300,5,285.0,180.0,105.0
10326,2026-03-06,East,Product C,Accessory,CUST1535,Loyal,Retail Store,3,300,0,900.0,540.0,360.0
10327,2026-03-06,East,Product D,Accessory,CUST1035,Loyal,Retail Store,3,1200,5,3420.0,2160.0,1260.0
10328,2026-03-06,East,Product D,Accessory,CUST1299,At Risk,Online,1,1200,5,1140.0,720.0,420.0
10329,2026-03-06,South,Product B,Core,CUST1034,New,Online,1,750,5,712.5,450.0,262.5
10330,2026-03-06,East,Product C,Accessory,CUST1113,New,Retail Store,3,300,5,855.0,540.0,315.0
10331,2026-03-06,South,Product B,Core,CUST1466,At Risk,Online,1,750,15,637.5,450.0,187.5
10332,2026-03-06,East,Product A,Core,CUST1239,Champions,Online,3,500,10,1350.0,900.0,450.0
10333,2026-03-06,West,Product B,Core,CUST1576,Lost,Online,3,750,15,1912.5,1350.0,562.5
10334,2026-03-06,East,Product B,Core,CUST1158,At Risk,Online,2,750,0,1500.0,900.0,600.0
10335,2026-03-06,South,Product D,Accessory,CUST1229,Champions,Online,3,1200,0,3600.0,2160.0,1440.0
10336,2026-03-06,South,Product C,Accessory,CUST1513,Loyal,Retail Store,2,300,10,540.0,360.0,180.0
10337,2026-03-06,North,Product B,Core,CUST1540,Lost,Online,4,750,15,2550.0,1800.0,750.0
10338,2026-03-06,South,Product B,Core,CUST1385,Lost,Retail Store,1,750,0,750.0,450.0,300.0
10339,2026-03-06,East,Product D,Accessory,CUST1298,At Risk,Online,4,1200,0,4800.0,2880.0,1920.0
10340,2026-03-06,West,Product D,Accessory,CUST1033,Loyal,Retail Store,3,1200,5,3420.0,2160.0,1260.0
10341,2026-03-06,South,Product A,Core,CUST1152,Champions,Online,1,500,10,450.0,300.0,150.0
10342,2026-03-06,North,Product A,Core,CUST1548,At Risk,Online,3,500,5,1425.0,900.0,525.0
10343,2026-03-06,South,Product B,Core,CUST1175,Champions,Online,4,750,15,2550.0,1800.0,750.0
10344,2026-03-06,West,Product B,Core,CUST1322,Loyal,Retail Store,3,750,0,2250.0,1350.0,900.0
10345,2026-03-06,West,Product B,Core,CUST1104,At Risk,Online,4,750,5,2850.0,1800.0,1050.0
10346,2026-03-07,South,Product A,Core,CUST1082,At Risk,Online,3,500,20,1200.0,900.0,300.0
10347,2026-03-07,North,Product A,Core,CUST1562,At Risk,Online,2,500,5,950.0,600.0,350.0
10348,2026-03-07,West,Product A,Core,CUST1329,Loyal,Online,3,500,0,1500.0,900.0,600.0
10349,2026-03-07,South,Product A,Core,CUST1489,New,Retail Store,3,500,10,1350.0,900.0,450.0
10350,2026-03-07,South,Product B,Core,CUST1193,At Risk,Online,2,750,10,1350.0,900.0,450.0
10351,2026-03-07,West,Product A,Core,CUST1395,New,Retail Store,3,500,10,1350.0,900.0,450.0
10352,2026-03-07,South,Product B,Core,CUST1156,Loyal,Retail Store,3,750,15,1912.5,1350.0,562.5
10353,2026-03-07,North,Product C,Accessory,CUST1212,Loyal,Online,1,300,5,285.0,180.0,105.0
10354,2026-03-07,South,Product A,Core,CUST1120,New,Online,2,500,10,900.0,600.0,300.0
10355,2026-03-07,West,Product C,Accessory,CUST1517,At Risk,Online,1,300,15,255.0,180.0,75.0
10356,2026-03-07,North,Product B,Core,CUST1562,At Risk,Partner,4,750,5,2850.0,1800.0,1050.0
10357,2026-03-07,East,Product A,Core,CUST1061,New,Retail Store,1,500,0,500.0,300.0,200.0
10358,2026-03-07,East,Product B,Core,CUST1181,Lost,Retail Store,4,750,10,2700.0,1800.0,900.0
10359,2026-03-07,North,Product B,Core,CUST1179,At Risk,Retail Store,1,750,15,637.5,450.0,187.5
10360,2026-03-07,West,Product A,Core,CUST1350,At Risk,Retail Store,4,500,5,1900.0,1200.0,700.0
10361,2026-03-07,East,Product A,Core,CUST1035,Loyal,Online,2,500,0,1000.0,600.0,400.0
10362,2026-03-07,South,Product D,Accessory,CUST1326,At Risk,Online,3,1200,5,3420.0,2160.0,1260.0
10363,2026-03-07,South,Product A,Core,CUST1149,Champions,Online,4,500,10,1800.0,1200.0,600.0
10364,2026-03-07,East,Product B,Core,CUST1172,Loyal,Online,4,750,10,2700.0,1800.0,900.0
10365,2026-03-07,East,Product C,Accessory,CUST1101,At Risk,Partner,4,300,5,1140.0,720.0,420.0
10366,2026-03-07,West,Product C,Accessory,CUST1040,New,Partner,2,300,0,600.0,360.0,240.0
10367,2026-03-07,East,Product A,Core,CUST1457,New,Retail Store,1,500,0,500.0,300.0,200.0
10368,2026-03-07,South,Product A,Core,CUST1109,Lost,Retail Store,2,500,15,850.0,600.0,250.0
10369,2026-03-07,North,Product B,Core,CUST1233,New,Retail Store,2,750,5,1425.0,900.0,525.0
10370,2026-03-07,East,Product B,Core,CUST1072,Lost,Retail Store,2,750,0,1500.0,900.0,600.0
10371,2026-03-07,West,Product D,Accessory,CUST1163,Champions,Retail Store,1,1200,0,1200.0,720.0,480.0
10372,2026-03-07,East,Product A,Core,CUST1445,At Risk,Online,3,500,5,1425.0,900.0,525.0
10373,2026-03-07,West,Product B,Core,CUST1036,Champions,Partner,4,750,0,3000.0,1800.0,1200.0
10374,2026-03-07,West,Product A,Core,CUST1566,At Risk,Retail Store,2,500,10,900.0,600.0,300.0
10375,2026-03-07,South,Product B,Core,CUST1438,At Risk,Retail Store,4,750,15,2550.0,1800.0,750.0
10376,2026-03-07,North,Product A,Core,CUST1335,At Risk,Partner,3,500,0,1500.0,900.0,600.0
10377,2026-03-07,North,Product D,Accessory,CUST1576,Lost,Online,1,1200,0,1200.0,720.0,480.0
10378,2026-03-07,East,Product B,Core,CUST1553,Lost,Online,4,750,0,3000.0,1800.0,1200.0
10379,2026-03-07,East,Product C,Accessory,CUST1184,At Risk,Online,1,300,15,255.0,180.0,75.0
10380,2026-03-07,North,Product A,Core,CUST1118,New,Online,3,500,5,1425.0,900.0,525.0
10381,2026-03-07,North,Product B,Core,CUST1154,Champions,Retail Store,3,750,0,2250.0,1350.0,900.0
10382,2026-03-07,East,Product B,Core,CUST1284,New,Online,4,750,5,2850.0,1800.0,1050.0
10383,2026-03-07,North,Product A,Core,CUST1021,Loyal,Retail Store,3,500,15,1275.0,900.0,375.0
10384,2026-03-07,East,Product D,Accessory,CUST1305,New,Retail Store,3,1200,5,3420.0,2160.0,1260.0
10385,2026-03-07,East,Product D,Accessory,CUST1367,At Risk,Online,1,1200,0,1200.0,720.0,480.0
10386,2026-03-07,West,Product B,Core,CUST1053,At Risk,Retail Store,3,750,0,2250.0,1350.0,900.0
10387,2026-03-07,East,Product D,Accessory,CUST1092,New,Retail Store,1,1200,0,1200.0,720.0,480.0
10388,2026-03-07,East,Product B,Core,CUST1060,At Risk,Online,2,750,0,1500.0,900.0,600.0
10389,2026-03-07,East,Product B,Core,CUST1188,At Risk,Retail Store,1,750,5,712.5,450.0,262.5
10390,2026-03-07,West,Product B,Core,CUST1323,New,Online,4,750,20,2400.0,1800.0,600.0
10391,2026-03-07,West,Product B,Core,CUST1316,Loyal,Online,3,750,10,2025.0,1350.0,675.0
10392,2026-03-07,West,Product B,Core,CUST1365,New,Retail Store,1,750,0,750.0,450.0,300.0
10393,2026-03-07,South,Product C,Accessory,CUST1478,At Risk,Online,1,300,0,300.0,180.0,120.0
10394,2026-03-07,West,Product C,Accessory,CUST1251,Lost,Online,1,300,5,285.0,180.0,105.0
10395,2026-03-07,North,Product B,Core,CUST1152,Champions,Partner,2,750,0,1500.0,900.0,600.0
10396,2026-03-07,West,Product D,Accessory,CUST1557,New,Online,3,1200,0,3600.0,2160.0,1440.0
10397,2026-03-07,West,Product C,Accessory,CUST1077,At Risk,Online,1,300,5,285.0,180.0,105.0
10398,2026-03-07,West,Product C,Accessory,CUST1211,New,Retail Store,3,300,0,900.0,540.0,360.0
10399,2026-03-07,South,Product A,Core,CUST1114,Loyal,Online,4,500,5,1900.0,1200.0,700.0
10400,2026-03-07,North,Product A,Core,CUST1222,At Risk,Online,3,500,10,1350.0,900.0,450.0
10401,2026-03-07,South,Product B,Core,CUST1166,At Risk,Retail Store,2,750,10,1350.0,900.0,450.0
10402,2026-03-07,West,Product C,Accessory,CUST1574,Lost,Retail Store,2,300,5,570.0,360.0,210.0
10403,2026-03-07,South,Product B,Core,CUST1128,Champions,Online,2,750,0,1500.0,900.0,600.0
10404,2026-03-07,South,Product B,Core,CUST1179,At Risk,Online,4,750,5,2850.0,1800.0,1050.0
10405,2026-03-08,North,Product B,Core,CUST1198,Loyal,Online,3,750,5,2137.5,1350.0,787.5
10406,2026-03-08,South,Product B,Core,CUST1198,Loyal,Online,1,750,0,750.0,450.0,300.0
10407,2026-03-08,North,Product A,Core,CUST1530,At Risk,Retail Store,4,500,20,1600.0,1200.0,400.0
10408,2026-03-08,North,Product D,Accessory,CUST1242,Loyal,Retail Store,1,1200,0,1200.0,720.0,480.0
10409,2026-03-08,West,Product A,Core,CUST1256,At Risk,Online,4,500,5,1900.0,1200.0,700.0
10410,2026-03-08,West,Product A,Core,CUST1244,At Risk,Retail Store,4,500,10,1800.0,1200.0,600.0
10411,2026-03-08,North,Product B,Core,CUST1091,At Risk,Online,3,750,15,1912.5,1350.0,562.5
10412,2026-03-08,North,Product C,Accessory,CUST1466,At Risk,Online,4,300,10,1080.0,720.0,360.0
10413,2026-03-08,North,Product B,Core,CUST1153,New,Retail Store,3,750,5,2137.5,1350.0,787.5
10414,2026-03-08,North,Product B,Core,CUST1430,Lost,Retail Store,4,750,0,3000.0,1800.0,1200.0
10415,2026-03-08,North,Product A,Core,CUST1093,Loyal,Online,4,500,0,2000.0,1200.0,800.0
10416,2026-03-08,North,Product B,Core,CUST1075,Loyal,Retail Store,2,750,0,1500.0,900.0,600.0
10417,2026-03-08,East,Product A,Core,CUST1281,Loyal,Online,4,500,0,2000.0,1200.0,800.0
10418,2026-03-08,North,Product A,Core,CUST1195,Loyal,Partner,1,500,20,400.0,300.0,100.0
10419,2026-03-08,North,Product B,Core,CUST1067,Loyal,Online,2,750,5,1425.0,900.0,525.0
10420,2026-03-08,North,Product B,Core,CUST1119,At Risk,Online,3,750,10,2025.0,1350.0,675.0
10421,2026-03-08,East,Product C,Accessory,CUST1130,Loyal,Retail Store,3,300,5,855.0,540.0,315.0
10422,2026-03-08,North,Product A,Core,CUST1430,Lost,Online,3,500,0,1500.0,900.0,600.0
10423,2026-03-08,South,Product A,Core,CUST1123,New,Retail Store,3,500,10,1350.0,900.0,450.0
10424,2026-03-08,South,Product B,Core,CUST1520,Lost,Online,3,750,0,2250.0,1350.0,900.0
10425,2026-03-08,West,Product A,Core,CUST1371,Loyal,Retail Store,4,500,0,2000.0,1200.0,800.0
10426,2026-03-08,East,Product A,Core,CUST1237,At Risk,Retail Store,4,500,0,2000.0,1200.0,800.0
10427,2026-03-08,North,Product C,Accessory,CUST1154,Champions,Retail Store,2,300,10,540.0,360.0,180.0
10428,2026-03-08,North,Product C,Accessory,CUST1461,Champions,Online,4,300,0,1200.0,720.0,480.0
10429,2026-03-08,South,Product C,Accessory,CUST1355,New,Retail Store,2,300,0,600.0,360.0,240.0
10430,2026-03-08,North,Product A,Core,CUST1509,Champions,Retail Store,4,500,10,1800.0,1200.0,600.0
10431,2026-03-08,North,Product A,Core,CUST1229,Champions,Partner,1,500,5,475.0,300.0,175.0
10432,2026-03-08,North,Product A,Core,CUST1346,Lost,Online,3,500,10,1350.0,900.0,450.0
10433,2026-03-08,South,Product C,Accessory,CUST1126,Loyal,Online,4,300,5,1140.0,720.0,420.0
10434,2026-03-08,West,Product A,Core,CUST1123,New,Online,4,500,5,1900.0,1200.0,700.0
10435,2026-03-08,East,Product B,Core,CUST1518,Champions,Retail Store,2,750,0,1500.0,900.0,600.0
10436,2026-03-08,North,Product B,Core,CUST1481,Loyal,Online,2,750,5,1425.0,900.0,525.0
10437,2026-03-08,South,Product A,Core,CUST1085,Champions,Online,3,500,0,1500.0,900.0,600.0
10438,2026-03-08,West,Product C,Accessory,CUST1323,New,Retail Store,3,300,15,765.0,540.0,225.0
10439,2026-03-08,South,Product B,Core,CUST1052,At Risk,Online,3,750,0,2250.0,1350.0,900.0
10440,2026-03-08,East,Product C,Accessory,CUST1491,At Risk,Online,4,300,0,1200.0,720.0,480.0
10441,2026-03-09,West,Product D,Accessory,CUST1101,At Risk,Retail Store,4,1200,20,3840.0,2880.0,960.0
10442,2026-03-09,South,Product A,Core,CUST1159,At Risk,Online,1,500,0,500.0,300.0,200.0
10443,2026-03-09,North,Product D,Accessory,CUST1132,New,Partner,1,1200,5,1140.0,720.0,420.0
10444,2026-03-09,East,Product A,Core,CUST1426,Loyal,Online,3,500,15,1275.0,900.0,375.0
10445,2026-03-09,South,Product A,Core,CUST1225,Lost,Retail Store,3,500,5,1425.0,900.0,525.0
10446,2026-03-09,East,Product A,Core,CUST1457,New,Online,3,500,0,1500.0,900.0,600.0
10447,2026-03-09,North,Product A,Core,CUST1481,Loyal,Online,2,500,0,1000.0,600.0,400.0
10448,2026-03-09,South,Product A,Core,CUST1374,Loyal,Partner,3,500,5,1425.0,900.0,525.0
10449,2026-03-09,West,Product A,Core,CUST1415,Loyal,Retail Store,1,500,10,450.0,300.0,150.0
10450,2026-03-09,West,Product A,Core,CUST1042,At Risk,Online,4,500,0,2000.0,1200.0,800.0
10451,2026-03-09,North,Product D,Accessory,CUST1042,At Risk,Retail Store,1,1200,10,1080.0,720.0,360.0
10452,2026-03-09,East,Product D,Accessory,CUST1177,Lost,Online,1,1200,5,1140.0,720.0,420.0
10453,2026-03-09,South,Product A,Core,CUST1237,At Risk,Online,1,500,0,500.0,300.0,200.0
10454,2026-03-09,North,Product D,Accessory,CUST1279,Lost,Partner,2,1200,0,2400.0,1440.0,960.0
10455,2026-03-09,East,Product B,Core,CUST1038,Loyal,Online,3,750,0,2250.0,1350.0,900.0
10456,2026-03-09,East,Product D,Accessory,CUST1395,New,Retail Store,3,1200,20,2880.0,2160.0,720.0
10457,2026-03-09,East,Product A,Core,CUST1076,Loyal,Online,4,500,0,2000.0,1200.0,800.0
10458,2026-03-09,South,Product D,Accessory,CUST1455,Loyal,Online,2,1200,0,2400.0,1440.0,960.0
10459,2026-03-09,North,Product A,Core,CUST1563,At Risk,Retail Store,3,500,0,1500.0,900.0,600.0
10460,2026-03-09,North,Product A,Core,CUST1147,New,Retail Store,3,500,0,1500.0,900.0,600.0
10461,2026-03-09,East,Product A,Core,CUST1339,Lost,Partner,1,500,10,450.0,300.0,150.0
10462,2026-03-09,West,Product D,Accessory,CUST1444,Loyal,Partner,3,1200,5,3420.0,2160.0,1260.0
10463,2026-03-09,North,Product A,Core,CUST1126,Loyal,Online,1,500,10,450.0,300.0,150.0
10464,2026-03-09,East,Product B,Core,CUST1404,Lost,Retail Store,1,750,0,750.0,450.0,300.0
10465,2026-03-09,North,Product A,Core,CUST1501,Lost,Retail Store,2,500,10,900.0,600.0,300.0
10466,2026-03-09,North,Product C,Accessory,CUST1588,Loyal,Online,3,300,5,855.0,540.0,315.0
10467,2026-03-09,South,Product A,Core,CUST1079,At Risk,Online,3,500,0,1500.0,900.0,600.0
10468,2026-03-09,North,Product D,Accessory,CUST1145,Loyal,Online,2,1200,15,2040.0,1440.0,600.0
10469,2026-03-09,East,Product D,Accessory,CUST1472,Champions,Online,2,1200,5,2280.0,1440.0,840.0
10470,2026-03-09,South,Product C,Accessory,CUST1367,At Risk,Online,4,300,20,960.0,720.0,240.0
10471,2026-03-09,East,Product A,Core,CUST1569,New,Online,2,500,10,900.0,600.0,300.0
10472,2026-03-09,North,Product A,Core,CUST1164,New,Online,3,500,10,1350.0,900.0,450.0
10473,2026-03-09,North,Product B,Core,CUST1504,New,Online,2,750,20,1200.0,900.0,300.0
10474,2026-03-09,North,Product D,Accessory,CUST1187,Champions,Retail Store,3,1200,10,3240.0,2160.0,1080.0
10475,2026-03-09,West,Product B,Core,CUST1249,New,Online,3,750,10,2025.0,1350.0,675.0
10476,2026-03-09,North,Product A,Core,CUST1061,New,Online,1,500,5,475.0,300.0,175.0
10477,2026-03-09,South,Product A,Core,CUST1079,At Risk,Online,2,500,10,900.0,600.0,300.0
10478,2026-03-09,East,Product B,Core,CUST1142,Lost,Partner,2,750,5,1425.0,900.0,525.0
10479,2026-03-09,South,Product A,Core,CUST1081,New,Online,4,500,0,2000.0,1200.0,800.0
10480,2026-03-09,West,Product C,Accessory,CUST1201,Lost,Online,1,300,0,300.0,180.0,120.0
10481,2026-03-09,East,Product A,Core,CUST1069,New,Partner,4,500,5,1900.0,1200.0,700.0
10482,2026-03-09,East,Product A,Core,CUST1291,Champions,Retail Store,1,500,0,500.0,300.0,200.0
10483,2026-03-09,North,Product A,Core,CUST1196,New,Online,1,500,10,450.0,300.0,150.0
10484,2026-03-09,East,Product C,Accessory,CUST1559,New,Retail Store,2,300,5,570.0,360.0,210.0
10485,2026-03-09,North,Product D,Accessory,CUST1289,Champions,Online,2,1200,0,2400.0,1440.0,960.0
10486,2026-03-10,West,Product A,Core,CUST1541,New,Online,3,500,10,1350.0,900.0,450.0
10487,2026-03-10,North,Product A,Core,CUST1419,Lost,Retail Store,3,500,5,1425.0,900.0,525.0
10488,2026-03-10,East,Product B,Core,CUST1534,Champions,Online,1,750,0,750.0,450.0,300.0
10489,2026-03-10,South,Product B,Core,CUST1338,Champions,Online,3,750,10,2025.0,1350.0,675.0
10490,2026-03-10,South,Product A,Core,CUST1165,Loyal,Retail Store,3,500,0,1500.0,900.0,600.0
10491,2026-03-10,South,Product C,Accessory,CUST1197,Lost,Online,3,300,5,855.0,540.0,315.0
10492,2026-03-10,West,Product A,Core,CUST1520,Lost,Online,4,500,5,1900.0,1200.0,700.0
10493,2026-03-10,South,Product A,Core,CUST1395,New,Online,4,500,20,1600.0,1200.0,400.0
10494,2026-03-10,North,Product D,Accessory,CUST1289,Champions,Retail Store,4,1200,10,4320.0,2880.0,1440.0
10495,2026-03-10,South,Product D,Accessory,CUST1313,Loyal,Online,2,1200,0,2400.0,1440.0,960.0
10496,2026-03-10,East,Product D,Accessory,CUST1389,Lost,Retail Store,1,1200,15,1020.0,720.0,300.0
10497,2026-03-10,North,Product A,Core,CUST1045,At Risk,Retail Store,3,500,10,1350.0,900.0,450.0
10498,2026-03-10,South,Product D,Accessory,CUST1029,At Risk,Retail Store,4,1200,5,4560.0,2880.0,1680.0
10499,2026-03-10,North,Product B,Core,CUST1434,Champions,Retail Store,1,750,0,750.0,450.0,300.0
10500,2026-03-10,North,Product A,Core,CUST1261,At Risk,Retail Store,3,500,15,1275.0,900.0,375.0
10501,2026-03-10,West,Product A,Core,CUST1164,New,Online,3,500,0,1500.0,900.0,600.0
10502,2026-03-10,South,Product A,Core,CUST1523,At Risk,Partner,4,500,10,1800.0,1200.0,600.0
10503,2026-03-10,East,Product B,Core,CUST1540,Lost,Online,4,750,5,2850.0,1800.0,1050.0
10504,2026-03-10,South,Product A,Core,CUST1264,Lost,Retail Store,1,500,0,500.0,300.0,200.0
10505,2026-03-10,North,Product A,Core,CUST1529,Loyal,Retail Store,2,500,10,900.0,600.0,300.0
10506,2026-03-10,East,Product A,Core,CUST1562,At Risk,Retail Store,4,500,5,1900.0,1200.0,700.0
10507,2026-03-10,North,Product A,Core,CUST1095,At Risk,Retail Store,4,500,15,1700.0,1200.0,500.0
10508,2026-03-10,North,Product C,Accessory,CUST1154,Champions,Retail Store,2,300,0,600.0,360.0,240.0
10509,2026-03-10,East,Product C,Accessory,CUST1042,At Risk,Online,3,300,0,900.0,540.0,360.0
10510,2026-03-10,West,Product B,Core,CUST1301,Champions,Retail Store,2,750,5,1425.0,900.0,525.0
10511,2026-03-10,South,Product C,Accessory,CUST1257,Champions,Partner,4,300,5,1140.0,720.0,420.0
10512,2026-03-10,South,Product C,Accessory,CUST1048,At Risk,Retail Store,4,300,10,1080.0,720.0,360.0
10513,2026-03-10,East,Product C,Accessory,CUST1183,Loyal,Online,3,300,5,855.0,540.0,315.0
10514,2026-03-10,East,Product A,Core,CUST1574,Lost,Retail Store,4,500,0,2000.0,1200.0,800.0
10515,2026-03-10,West,Product C,Accessory,CUST1448,Champions,Online,4,300,15,1020.0,720.0,300.0
10516,2026-03-10,South,Product B,Core,CUST1231,New,Retail Store,1,750,5,712.5,450.0,262.5
10517,2026-03-10,South,Product C,Accessory,CUST1366,At Risk,Online,3,300,20,720.0,540.0,180.0
10518,2026-03-10,East,Product D,Accessory,CUST1146,Loyal,Partner,4,1200,10,4320.0,2880.0,1440.0
10519,2026-03-10,East,Product A,Core,CUST1042,At Risk,Retail Store,3,500,5,1425.0,900.0,525.0
10520,2026-03-10,West,Product A,Core,CUST1357,At Risk,Online,2,500,5,950.0,600.0,350.0
10521,2026-03-10,North,Product A,Core,CUST1227,New,Online,4,500,0,2000.0,1200.0,800.0
10522,2026-03-10,South,Product A,Core,CUST1376,Lost,Retail Store,3,500,0,1500.0,900.0,600.0
10523,2026-03-10,East,Product A,Core,CUST1138,At Risk,Retail Store,2,500,5,950.0,600.0,350.0
10524,2026-03-10,West,Product A,Core,CUST1082,At Risk,Online,2,500,5,950.0,600.0,350.0
10525,2026-03-10,West,Product A,Core,CUST1146,Loyal,Retail Store,4,500,5,1900.0,1200.0,700.0
10526,2026-03-10,South,Product B,Core,CUST1168,Loyal,Retail Store,2,750,15,1275.0,900.0,375.0
10527,2026-03-10,East,Product B,Core,CUST1313,Loyal,Online,3,750,0,2250.0,1350.0,900.0
10528,2026-03-10,West,Product C,Accessory,CUST1471,New,Online,4,300,10,1080.0,720.0,360.0
10529,2026-03-11,North,Product A,Core,CUST1533,At Risk,Online,2,500,10,900.0,600.0,300.0
10530,2026-03-11,North,Product C,Accessory,CUST1093,Loyal,Retail Store,1,300,5,285.0,180.0,105.0
10531,2026-03-11,East,Product D,Accessory,CUST1539,At Risk,Online,4,1200,5,4560.0,2880.0,1680.0
10532,2026-03-11,East,Product A,Core,CUST1267,Loyal,Online,4,500,10,1800.0,1200.0,600.0
10533,2026-03-11,North,Product A,Core,CUST1285,New,Retail Store,4,500,20,1600.0,1200.0,400.0
10534,2026-03-11,South,Product A,Core,CUST1158,At Risk,Online,1,500,0,500.0,300.0,200.0
10535,2026-03-11,West,Product A,Core,CUST1300,At Risk,Online,1,500,0,500.0,300.0,200.0
10536,2026-03-11,North,Product C,Accessory,CUST1239,Champions,Retail Store,2,300,5,570.0,360.0,210.0
10537,2026-03-11,East,Product B,Core,CUST1211,New,Online,1,750,5,712.5,450.0,262.5
10538,2026-03-11,North,Product B,Core,CUST1088,Loyal,Retail Store,4,750,10,2700.0,1800.0,900.0
10539,2026-03-11,East,Product A,Core,CUST1121,At Risk,Partner,1,500,5,475.0,300.0,175.0
10540,2026-03-11,South,Product B,Core,CUST1182,New,Retail Store,1,750,10,675.0,450.0,225.0
10541,2026-03-11,South,Product A,Core,CUST1428,Champions,Retail Store,1,500,0,500.0,300.0,200.0
10542,2026-03-11,North,Product C,Accessory,CUST1167,At Risk,Online,2,300,15,510.0,360.0,150.0
10543,2026-03-11,North,Product A,Core,CUST1546,Loyal,Online,2,500,0,1000.0,600.0,400.0
10544,2026-03-11,North,Product B,Core,CUST1404,Lost,Online,4,750,15,2550.0,1800.0,750.0
10545,2026-03-11,East,Product A,Core,CUST1150,At Risk,Online,2,500,0,1000.0,600.0,400.0
10546,2026-03-11,South,Product B,Core,CUST1529,Loyal,Retail Store,2,750,0,1500.0,900.0,600.0
10547,2026-03-11,East,Product D,Accessory,CUST1223,Lost,Retail Store,2,1200,0,2400.0,1440.0,960.0
10548,2026-03-11,North,Product C,Accessory,CUST1000,At Risk,Online,1,300,0,300.0,180.0,120.0
10549,2026-03-11,North,Product A,Core,CUST1222,At Risk,Retail Store,4,500,0,2000.0,1200.0,800.0
10550,2026-03-11,East,Product A,Core,CUST1472,Champions,Retail Store,3,500,5,1425.0,900.0,525.0
10551,2026-03-11,North,Product A,Core,CUST1290,At Risk,Online,1,500,0,500.0,300.0,200.0
10552,2026-03-11,East,Product C,Accessory,CUST1323,New,Online,1,300,0,300.0,180.0,120.0
10553,2026-03-11,East,Product B,Core,CUST1529,Loyal,Retail Store,3,750,20,1800.0,1350.0,450.0
10554,2026-03-11,East,Product D,Accessory,CUST1538,Loyal,Retail Store,4,1200,10,4320.0,2880.0,1440.0
10555,2026-03-11,West,Product B,Core,CUST1099,Lost,Online,3,750,5,2137.5,1350.0,787.5
10556,2026-03-11,West,Product C,Accessory,CUST1513,Loyal,Online,4,300,10,1080.0,720.0,360.0
10557,2026-03-11,East,Product D,Accessory,CUST1127,Champions,Retail Store,4,1200,5,4560.0,2880.0,1680.0
10558,2026-03-11,North,Product D,Accessory,CUST1132,New,Retail Store,2,1200,5,2280.0,1440.0,840.0
10559,2026-03-11,North,Product A,Core,CUST1016,New,Online,4,500,10,1800.0,1200.0,600.0
10560,2026-03-11,North,Product D,Accessory,CUST1457,New,Online,2,1200,5,2280.0,1440.0,840.0
10561,2026-03-11,South,Product C,Accessory,CUST1378,Loyal,Online,2,300,0,600.0,360.0,240.0
10562,2026-03-11,North,Product D,Accessory,CUST1141,New,Partner,1,1200,0,1200.0,720.0,480.0
10563,2026-03-11,North,Product A,Core,CUST1255,At Risk,Online,4,500,10,1800.0,1200.0,600.0
10564,2026-03-11,East,Product D,Accessory,CUST1222,At Risk,Retail Store,4,1200,10,4320.0,2880.0,1440.0
10565,2026-03-11,East,Product B,Core,CUST1299,At Risk,Online,3,750,20,1800.0,1350.0,450.0
10566,2026-03-11,North,Product C,Accessory,CUST1167,At Risk,Online,4,300,15,1020.0,720.0,300.0
10567,2026-03-11,West,Product A,Core,CUST1555,Loyal,Retail Store,2,500,0,1000.0,600.0,400.0
10568,2026-03-11,South,Product A,Core,CUST1495,New,Retail Store,1,500,10,450.0,300.0,150.0
10569,2026-03-11,East,Product C,Accessory,CUST1386,At Risk,Online,2,300,0,600.0,360.0,240.0
10570,2026-03-11,North,Product A,Core,CUST1303,New,Online,1,500,10,450.0,300.0,150.0
10571,2026-03-12,East,Product B,Core,CUST1504,New,Retail Store,1,750,5,712.5,450.0,262.5
10572,2026-03-12,South,Product B,Core,CUST1047,Loyal,Retail Store,2,750,10,1350.0,900.0,450.0
10573,2026-03-12,East,Product B,Core,CUST1334,Champions,Retail Store,1,750,0,750.0,450.0,300.0
10574,2026-03-12,South,Product D,Accessory,CUST1381,Lost,Online,3,1200,5,3420.0,2160.0,1260.0
10575,2026-03-12,South,Product B,Core,CUST1171,New,Online,2,750,0,1500.0,900.0,600.0
10576,2026-03-12,East,Product A,Core,CUST1214,At Risk,Retail Store,3,500,10,1350.0,900.0,450.0
10577,2026-03-12,East,Product D,Accessory,CUST1533,At Risk,Retail Store,3,1200,10,3240.0,2160.0,1080.0
10578,2026-03-12,North,Product A,Core,CUST1317,At Risk,Online,2,500,0,1000.0,600.0,400.0
10579,2026-03-12,East,Product A,Core,CUST1227,New,Online,4,500,10,1800.0,1200.0,600.0
10580,2026-03-12,North,Product B,Core,CUST1486,New,Retail Store,1,750,0,750.0,450.0,300.0
10581,2026-03-12,East,Product A,Core,CUST1099,Lost,Online,3,500,0,1500.0,900.0,600.0
10582,2026-03-12,North,Product A,Core,CUST1490,At Risk,Partner,1,500,0,500.0,300.0,200.0
10583,2026-03-12,West,Product A,Core,CUST1489,New,Retail Store,2,500,15,850.0,600.0,250.0
10584,2026-03-12,East,Product B,Core,CUST1170,Loyal,Online,4,750,10,2700.0,1800.0,900.0
10585,2026-03-12,West,Product A,Core,CUST1307,At Risk,Retail Store,1,500,5,475.0,300.0,175.0
10586,2026-03-12,South,Product D,Accessory,CUST1569,New,Online,3,1200,5,3420.0,2160.0,1260.0
10587,2026-03-12,North,Product A,Core,CUST1257,Champions,Retail Store,1,500,5,475.0,300.0,175.0
10588,2026-03-12,South,Product C,Accessory,CUST1058,Champions,Retail Store,4,300,5,1140.0,720.0,420.0
10589,2026-03-12,West,Product B,Core,CUST1017,Champions,Retail Store,2,750,0,1500.0,900.0,600.0
10590,2026-03-12,South,Product B,Core,CUST1552,Loyal,Retail Store,3,750,0,2250.0,1350.0,900.0
10591,2026-03-12,West,Product A,Core,CUST1163,Champions,Online,4,500,5,1900.0,1200.0,700.0
10592,2026-03-12,South,Product C,Accessory,CUST1059,Champions,Partner,1,300,5,285.0,180.0,105.0
10593,2026-03-12,East,Product B,Core,CUST1421,Champions,Online,1,750,0,750.0,450.0,300.0
10594,2026-03-12,East,Product B,Core,CUST1478,At Risk,Online,1,750,0,750.0,450.0,300.0
10595,2026-03-12,East,Product A,Core,CUST1127,Champions,Online,4,500,0,2000.0,1200.0,800.0
10596,2026-03-12,West,Product A,Core,CUST1068,Champions,Partner,2,500,15,850.0,600.0,250.0
10597,2026-03-12,East,Product A,Core,CUST1027,Champions,Partner,3,500,15,1275.0,900.0,375.0
10598,2026-03-12,North,Product B,Core,CUST1203,Champions,Online,2,750,0,1500.0,900.0,600.0
10599,2026-03-12,North,Product B,Core,CUST1398,New,Online,1,750,0,750.0,450.0,300.0
10600,2026-03-12,South,Product A,Core,CUST1347,Loyal,Online,1,500,0,500.0,300.0,200.0
10601,2026-03-12,North,Product B,Core,CUST1580,New,Online,3,750,0,2250.0,1350.0,900.0
10602,2026-03-12,South,Product A,Core,CUST1260,Champions,Online,1,500,20,400.0,300.0,100.0
10603,2026-03-12,West,Product D,Accessory,CUST1325,At Risk,Online,2,1200,0,2400.0,1440.0,960.0
10604,2026-03-12,North,Product A,Core,CUST1401,Lost,Online,1,500,0,500.0,300.0,200.0
10605,2026-03-12,East,Product B,Core,CUST1567,Champions,Online,4,750,0,3000.0,1800.0,1200.0
10606,2026-03-12,South,Product A,Core,CUST1245,Lost,Retail Store,1,500,0,500.0,300.0,200.0
10607,2026-03-12,North,Product D,Accessory,CUST1330,At Risk,Retail Store,1,1200,0,1200.0,720.0,480.0
10608,2026-03-12,South,Product A,Core,CUST1194,Loyal,Online,3,500,0,1500.0,900.0,600.0
10609,2026-03-12,South,Product D,Accessory,CUST1439,At Risk,Partner,4,1200,10,4320.0,2880.0,1440.0
10610,2026-03-12,East,Product B,Core,CUST1388,Champions,Online,4,750,5,2850.0,1800.0,1050.0
10611,2026-03-12,South,Product A,Core,CUST1037,New,Online,2,500,10,900.0,600.0,300.0
10612,2026-03-12,South,Product C,Accessory,CUST1537,Loyal,Retail Store,2,300,0,600.0,360.0,240.0
10613,2026-03-12,West,Product B,Core,CUST1313,Loyal,Online,2,750,0,1500.0,900.0,600.0
10614,2026-03-12,East,Product D,Accessory,CUST1108,Champions,Online,3,1200,5,3420.0,2160.0,1260.0
10615,2026-03-12,West,Product C,Accessory,CUST1110,New,Partner,2,300,0,600.0,360.0,240.0
10616,2026-03-12,West,Product D,Accessory,CUST1444,Loyal,Online,3,1200,5,3420.0,2160.0,1260.0
10617,2026-03-12,North,Product C,Accessory,CUST1394,Champions,Retail Store,2,300,0,600.0,360.0,240.0
10618,2026-03-12,South,Product B,Core,CUST1361,Champions,Online,2,750,5,1425.0,900.0,525.0
10619,2026-03-13,North,Product B,Core,CUST1100,Lost,Online,2,750,5,1425.0,900.0,525.0
10620,2026-03-13,West,Product B,Core,CUST1013,At Risk,Online,3,750,0,2250.0,1350.0,900.0
10621,2026-03-13,East,Product C,Accessory,CUST1262,Loyal,Online,1,300,0,300.0,180.0,120.0
10622,2026-03-13,East,Product B,Core,CUST1200,At Risk,Partner,3,750,10,2025.0,1350.0,675.0
10623,2026-03-13,East,Product A,Core,CUST1188,At Risk,Online,4,500,10,1800.0,1200.0,600.0
10624,2026-03-13,East,Product D,Accessory,CUST1293,Champions,Online,3,1200,10,3240.0,2160.0,1080.0
10625,2026-03-13,East,Product B,Core,CUST1203,Champions,Online,4,750,15,2550.0,1800.0,750.0
10626,2026-03-13,South,Product B,Core,CUST1420,At Risk,Retail Store,4,750,0,3000.0,1800.0,1200.0
10627,2026-03-13,West,Product A,Core,CUST1024,At Risk,Online,3,500,10,1350.0,900.0,450.0
10628,2026-03-13,West,Product C,Accessory,CUST1468,Champions,Online,3,300,5,855.0,540.0,315.0
10629,2026-03-13,South,Product A,Core,CUST1074,Champions,Retail Store,3,500,10,1350.0,900.0,450.0
10630,2026-03-13,East,Product B,Core,CUST1000,At Risk,Online,3,750,5,2137.5,1350.0,787.5
10631,2026-03-13,North,Product A,Core,CUST1059,Champions,Online,3,500,0,1500.0,900.0,600.0
10632,2026-03-13,South,Product B,Core,CUST1283,Loyal,Retail Store,2,750,15,1275.0,900.0,375.0
10633,2026-03-13,North,Product B,Core,CUST1138,At Risk,Online,1,750,0,750.0,450.0,300.0
10634,2026-03-13,East,Product A,Core,CUST1427,At Risk,Online,1,500,5,475.0,300.0,175.0
10635,2026-03-13,South,Product D,Accessory,CUST1120,New,Partner,3,1200,0,3600.0,2160.0,1440.0
10636,2026-03-13,East,Product B,Core,CUST1207,At Risk,Partner,3,750,15,1912.5,1350.0,562.5
10637,2026-03-13,East,Product A,Core,CUST1528,At Risk,Online,3,500,15,1275.0,900.0,375.0
10638,2026-03-13,West,Product A,Core,CUST1548,At Risk,Online,1,500,5,475.0,300.0,175.0
10639,2026-03-13,North,Product C,Accessory,CUST1596,At Risk,Retail Store,3,300,5,855.0,540.0,315.0
10640,2026-03-13,North,Product D,Accessory,CUST1403,Champions,Online,1,1200,10,1080.0,720.0,360.0
10641,2026-03-13,North,Product B,Core,CUST1017,Champions,Retail Store,3,750,5,2137.5,1350.0,787.5
10642,2026-03-13,North,Product C,Accessory,CUST1143,New,Online,2,300,5,570.0,360.0,210.0
10643,2026-03-13,North,Product C,Accessory,CUST1202,New,Partner,1,300,0,300.0,180.0,120.0
10644,2026-03-13,North,Product A,Core,CUST1299,At Risk,Online,1,500,5,475.0,300.0,175.0
10645,2026-03-13,North,Product B,Core,CUST1245,Lost,Partner,2,750,10,1350.0,900.0,450.0
10646,2026-03-13,North,Product A,Core,CUST1291,Champions,Retail Store,2,500,10,900.0,600.0,300.0
10647,2026-03-13,East,Product C,Accessory,CUST1080,At Risk,Online,2,300,10,540.0,360.0,180.0
10648,2026-03-13,North,Product D,Accessory,CUST1186,Loyal,Online,1,1200,0,1200.0,720.0,480.0
10649,2026-03-13,North,Product A,Core,CUST1274,At Risk,Retail Store,3,500,0,1500.0,900.0,600.0
10650,2026-03-13,South,Product D,Accessory,CUST1556,Loyal,Partner,2,1200,15,2040.0,1440.0,600.0
10651,2026-03-13,North,Product C,Accessory,CUST1557,New,Online,3,300,10,810.0,540.0,270.0
10652,2026-03-13,East,Product C,Accessory,CUST1304,Lost,Online,4,300,10,1080.0,720.0,360.0
10653,2026-03-13,West,Product A,Core,CUST1526,Lost,Online,1,500,15,425.0,300.0,125.0
10654,2026-03-13,North,Product C,Accessory,CUST1580,New,Online,1,300,0,300.0,180.0,120.0
10655,2026-03-13,West,Product A,Core,CUST1542,At Risk,Online,4,500,20,1600.0,1200.0,400.0
10656,2026-03-13,East,Product A,Core,CUST1155,At Risk,Online,1,500,5,475.0,300.0,175.0
10657,2026-03-13,West,Product B,Core,CUST1124,Champions,Retail Store,2,750,10,1350.0,900.0,450.0
10658,2026-03-13,South,Product C,Accessory,CUST1112,Loyal,Online,4,300,0,1200.0,720.0,480.0
10659,2026-03-13,North,Product B,Core,CUST1107,Loyal,Partner,2,750,10,1350.0,900.0,450.0
10660,2026-03-13,North,Product C,Accessory,CUST1168,Loyal,Retail Store,1,300,10,270.0,180.0,90.0
10661,2026-03-13,West,Product B,Core,CUST1353,New,Retail Store,4,750,0,3000.0,1800.0,1200.0
10662,2026-03-13,North,Product B,Core,CUST1193,At Risk,Retail Store,1,750,0,750.0,450.0,300.0
10663,2026-03-13,West,Product A,Core,CUST1525,Loyal,Retail Store,2,500,0,1000.0,600.0,400.0
10664,2026-03-13,North,Product A,Core,CUST1477,At Risk,Retail Store,3,500,0,1500.0,900.0,600.0
10665,2026-03-13,East,Product A,Core,CUST1322,Loyal,Partner,3,500,10,1350.0,900.0,450.0
10666,2026-03-13,West,Product B,Core,CUST1266,Loyal,Online,4,750,10,2700.0,1800.0,900.0
10667,2026-03-13,North,Product D,Accessory,CUST1143,New,Partner,3,1200,5,3420.0,2160.0,1260.0
10668,2026-03-13,East,Product A,Core,CUST1453,Loyal,Retail Store,3,500,20,1200.0,900.0,300.0
10669,2026-03-13,East,Product A,Core,CUST1231,New,Retail Store,2,500,0,1000.0,600.0,400.0
10670,2026-03-13,South,Product A,Core,CUST1527,Lost,Online,1,500,0,500.0,300.0,200.0
10671,2026-03-13,East,Product A,Core,CUST1255,At Risk,Online,3,500,15,1275.0,900.0,375.0
10672,2026-03-13,North,Product B,Core,CUST1465,At Risk,Online,2,750,15,1275.0,900.0,375.0
10673,2026-03-13,South,Product A,Core,CUST1494,At Risk,Retail Store,3,500,0,1500.0,900.0,600.0
10674,2026-03-13,East,Product B,Core,CUST1148,New,Online,3,750,0,2250.0,1350.0,900.0
10675,2026-03-13,East,Product A,Core,CUST1508,New,Retail Store,4,500,10,1800.0,1200.0,600.0
10676,2026-03-13,North,Product A,Core,CUST1463,Loyal,Retail Store,2,500,0,1000.0,600.0,400.0
10677,2026-03-13,West,Product A,Core,CUST1295,Lost,Online,2,500,10,900.0,600.0,300.0
10678,2026-03-13,North,Product A,Core,CUST1564,At Risk,Online,4,500,0,2000.0,1200.0,800.0
10679,2026-03-13,South,Product A,Core,CUST1386,At Risk,Retail Store,1,500,0,500.0,300.0,200.0
10680,2026-03-13,East,Product B,Core,CUST1326,At Risk,Online,1,750,0,750.0,450.0,300.0
10681,2026-03-13,South,Product D,Accessory,CUST1480,New,Online,4,1200,5,4560.0,2880.0,1680.0
10682,2026-03-14,North,Product A,Core,CUST1207,At Risk,Online,2,500,15,850.0,600.0,250.0
10683,2026-03-14,West,Product A,Core,CUST1542,At Risk,Online,2,500,5,950.0,600.0,350.0
10684,2026-03-14,East,Product A,Core,CUST1078,New,Partner,4,500,10,1800.0,1200.0,600.0
10685,2026-03-14,East,Product B,Core,CUST1141,New,Online,2,750,0,1500.0,900.0,600.0
10686,2026-03-14,West,Product B,Core,CUST1392,New,Online,2,750,0,1500.0,900.0,600.0
10687,2026-03-14,North,Product A,Core,CUST1216,Champions,Partner,3,500,15,1275.0,900.0,375.0
10688,2026-03-14,North,Product B,Core,CUST1045,At Risk,Online,1,750,0,750.0,450.0,300.0
10689,2026-03-14,West,Product D,Accessory,CUST1268,Champions,Retail Store,2,1200,10,2160.0,1440.0,720.0
10690,2026-03-14,North,Product D,Accessory,CUST1369,Lost,Retail Store,2,1200,0,2400.0,1440.0,960.0
10691,2026-03-14,South,Product B,Core,CUST1520,Lost,Partner,4,750,0,3000.0,1800.0,1200.0
10692,2026-03-14,South,Product B,Core,CUST1014,New,Retail Store,2,750,0,1500.0,900.0,600.0
10693,2026-03-14,South,Product B,Core,CUST1472,Champions,Online,2,750,5,1425.0,900.0,525.0
10694,2026-03-14,North,Product C,Accessory,CUST1074,Champions,Retail Store,2,300,15,510.0,360.0,150.0
10695,2026-03-14,North,Product A,Core,CUST1137,New,Online,2,500,10,900.0,600.0,300.0
10696,2026-03-14,North,Product A,Core,CUST1326,At Risk,Retail Store,2,500,10,900.0,600.0,300.0
10697,2026-03-14,East,Product C,Accessory,CUST1580,New,Online,3,300,5,855.0,540.0,315.0
10698,2026-03-14,East,Product A,Core,CUST1366,At Risk,Online,3,500,5,1425.0,900.0,525.0
10699,2026-03-14,North,Product C,Accessory,CUST1251,Lost,Online,4,300,0,1200.0,720.0,480.0
10700,2026-03-14,North,Product D,Accessory,CUST1410,At Risk,Online,2,1200,20,1920.0,1440.0,480.0
10701,2026-03-14,North,Product C,Accessory,CUST1277,New,Online,2,300,0,600.0,360.0,240.0
10702,2026-03-14,East,Product A,Core,CUST1092,New,Retail Store,3,500,10,1350.0,900.0,450.0
10703,2026-03-14,North,Product C,Accessory,CUST1388,Champions,Online,4,300,10,1080.0,720.0,360.0
10704,2026-03-14,North,Product C,Accessory,CUST1589,Champions,Online,4,300,5,1140.0,720.0,420.0
10705,2026-03-14,South,Product D,Accessory,CUST1495,New,Online,1,1200,10,1080.0,720.0,360.0
10706,2026-03-14,North,Product C,Accessory,CUST1550,New,Online,1,300,10,270.0,180.0,90.0
10707,2026-03-14,East,Product C,Accessory,CUST1446,Lost,Retail Store,4,300,10,1080.0,720.0,360.0
10708,2026-03-14,South,Product D,Accessory,CUST1043,Loyal,Retail Store,3,1200,0,3600.0,2160.0,1440.0
10709,2026-03-14,South,Product C,Accessory,CUST1020,At Risk,Online,1,300,20,240.0,180.0,60.0
10710,2026-03-14,South,Product A,Core,CUST1549,New,Online,2,500,5,950.0,600.0,350.0
10711,2026-03-14,West,Product D,Accessory,CUST1220,Loyal,Retail Store,3,1200,0,3600.0,2160.0,1440.0
10712,2026-03-14,West,Product A,Core,CUST1430,Lost,Partner,1,500,15,425.0,300.0,125.0
10713,2026-03-14,South,Product C,Accessory,CUST1432,At Risk,Online,2,300,0,600.0,360.0,240.0
10714,2026-03-14,North,Product B,Core,CUST1333,Lost,Online,2,750,5,1425.0,900.0,525.0
10715,2026-03-14,West,Product A,Core,CUST1380,New,Retail Store,3,500,0,1500.0,900.0,600.0
10716,2026-03-14,North,Product A,Core,CUST1219,Loyal,Online,2,500,0,1000.0,600.0,400.0
10717,2026-03-14,East,Product A,Core,CUST1511,At Risk,Retail Store,2,500,0,1000.0,600.0,400.0
10718,2026-03-14,North,Product A,Core,CUST1074,Champions,Online,1,500,0,500.0,300.0,200.0
10719,2026-03-14,West,Product D,Accessory,CUST1115,Lost,Online,1,1200,5,1140.0,720.0,420.0
10720,2026-03-14,West,Product C,Accessory,CUST1271,Loyal,Online,1,300,5,285.0,180.0,105.0
10721,2026-03-14,West,Product D,Accessory,CUST1066,New,Retail Store,1,1200,0,1200.0,720.0,480.0
10722,2026-03-14,East,Product D,Accessory,CUST1244,At Risk,Online,2,1200,5,2280.0,1440.0,840.0
10723,2026-03-14,South,Product C,Accessory,CUST1563,At Risk,Retail Store,2,300,0,600.0,360.0,240.0
10724,2026-03-14,North,Product A,Core,CUST1595,Loyal,Online,1,500,0,500.0,300.0,200.0
10725,2026-03-14,North,Product A,Core,CUST1421,Champions,Retail Store,1,500,0,500.0,300.0,200.0
10726,2026-03-14,East,Product C,Accessory,CUST1464,New,Online,4,300,0,1200.0,720.0,480.0
10727,2026-03-14,South,Product D,Accessory,CUST1464,New,Online,3,1200,0,3600.0,2160.0,1440.0
10728,2026-03-14,East,Product D,Accessory,CUST1257,Champions,Retail Store,2,1200,5,2280.0,1440.0,840.0
10729,2026-03-14,South,Product B,Core,CUST1533,At Risk,Partner,4,750,0,3000.0,1800.0,1200.0
10730,2026-03-14,South,Product A,Core,CUST1505,At Risk,Online,2,500,5,950.0,600.0,350.0
10731,2026-03-14,North,Product A,Core,CUST1282,Loyal,Online,4,500,15,1700.0,1200.0,500.0
10732,2026-03-14,East,Product A,Core,CUST1510,Champions,Retail Store,2,500,5,950.0,600.0,350.0
10733,2026-03-14,North,Product B,Core,CUST1111,Loyal,Online,3,750,0,2250.0,1350.0,900.0
10734,2026-03-14,West,Product A,Core,CUST1035,Loyal,Online,3,500,0,1500.0,900.0,600.0
10735,2026-03-14,West,Product A,Core,CUST1382,At Risk,Partner,1,500,10,450.0,300.0,150.0
10736,2026-03-14,East,Product A,Core,CUST1208,Champions,Retail Store,1,500,0,500.0,300.0,200.0
10737,2026-03-14,North,Product C,Accessory,CUST1219,Loyal,Online,2,300,5,570.0,360.0,210.0
10738,2026-03-14,East,Product D,Accessory,CUST1550,New,Online,1,1200,5,1140.0,720.0,420.0
10739,2026-03-14,South,Product B,Core,CUST1488,New,Online,4,750,20,2400.0,1800.0,600.0
10740,2026-03-14,North,Product D,Accessory,CUST1193,At Risk,Online,3,1200,5,3420.0,2160.0,1260.0
10741,2026-03-14,South,Product A,Core,CUST1322,Loyal,Retail Store,3,500,0,1500.0,900.0,600.0
10742,2026-03-14,East,Product B,Core,CUST1155,At Risk,Online,2,750,0,1500.0,900.0,600.0
10743,2026-03-15,North,Product A,Core,CUST1462,Lost,Online,3,500,15,1275.0,900.0,375.0
10744,2026-03-15,East,Product D,Accessory,CUST1570,Loyal,Online,4,1200,10,4320.0,2880.0,1440.0
10745,2026-03-15,North,Product C,Accessory,CUST1272,Champions,Online,2,300,20,480.0,360.0,120.0
10746,2026-03-15,South,Product A,Core,CUST1599,At Risk,Online,1,500,10,450.0,300.0,150.0
10747,2026-03-15,East,Product B,Core,CUST1094,Loyal,Online,1,750,10,675.0,450.0,225.0
10748,2026-03-15,East,Product B,Core,CUST1437,New,Online,3,750,5,2137.5,1350.0,787.5
10749,2026-03-15,East,Product B,Core,CUST1232,Lost,Online,4,750,0,3000.0,1800.0,1200.0
10750,2026-03-15,South,Product B,Core,CUST1541,New,Retail Store,3,750,10,2025.0,1350.0,675.0
10751,2026-03-15,East,Product B,Core,CUST1177,Lost,Online,2,750,10,1350.0,900.0,450.0
10752,2026-03-15,West,Product B,Core,CUST1059,Champions,Retail Store,2,750,0,1500.0,900.0,600.0
10753,2026-03-15,West,Product A,Core,CUST1241,At Risk,Online,1,500,0,500.0,300.0,200.0
10754,2026-03-15,West,Product B,Core,CUST1388,Champions,Online,2,750,0,1500.0,900.0,600.0
10755,2026-03-15,North,Product C,Accessory,CUST1256,At Risk,Retail Store,1,300,10,270.0,180.0,90.0
10756,2026-03-15,West,Product A,Core,CUST1518,Champions,Partner,1,500,5,475.0,300.0,175.0
10757,2026-03-15,East,Product A,Core,CUST1331,Loyal,Online,2,500,15,850.0,600.0,250.0
10758,2026-03-15,North,Product C,Accessory,CUST1515,Loyal,Online,3,300,0,900.0,540.0,360.0
10759,2026-03-15,South,Product B,Core,CUST1209,New,Online,2,750,5,1425.0,900.0,525.0
10760,2026-03-15,South,Product B,Core,CUST1475,Loyal,Retail Store,1,750,0,750.0,450.0,300.0
10761,2026-03-15,North,Product B,Core,CUST1456,Lost,Online,3,750,0,2250.0,1350.0,900.0
10762,2026-03-15,East,Product B,Core,CUST1384,Loyal,Online,4,750,5,2850.0,1800.0,1050.0
10763,2026-03-15,North,Product C,Accessory,CUST1120,New,Online,2,300,15,510.0,360.0,150.0
10764,2026-03-15,East,Product B,Core,CUST1379,At Risk,Online,2,750,10,1350.0,900.0,450.0
10765,2026-03-15,East,Product D,Accessory,CUST1307,At Risk,Retail Store,1,1200,0,1200.0,720.0,480.0
10766,2026-03-15,North,Product B,Core,CUST1023,Lost,Partner,2,750,10,1350.0,900.0,450.0
10767,2026-03-15,East,Product D,Accessory,CUST1061,New,Online,2,1200,0,2400.0,1440.0,960.0
10768,2026-03-15,North,Product D,Accessory,CUST1396,At Risk,Online,2,1200,5,2280.0,1440.0,840.0
10769,2026-03-15,East,Product A,Core,CUST1317,At Risk,Retail Store,4,500,10,1800.0,1200.0,600.0
10770,2026-03-15,North,Product B,Core,CUST1387,Lost,Online,1,750,0,750.0,450.0,300.0
10771,2026-03-15,West,Product A,Core,CUST1147,New,Partner,3,500,5,1425.0,900.0,525.0
10772,2026-03-15,West,Product B,Core,CUST1284,New,Retail Store,4,750,0,3000.0,1800.0,1200.0
10773,2026-03-15,East,Product A,Core,CUST1526,Lost,Online,4,500,0,2000.0,1200.0,800.0
10774,2026-03-15,West,Product A,Core,CUST1048,At Risk,Retail Store,2,500,0,1000.0,600.0,400.0
10775,2026-03-15,North,Product B,Core,CUST1342,At Risk,Online,1,750,0,750.0,450.0,300.0
10776,2026-03-15,North,Product B,Core,CUST1344,At Risk,Online,3,750,5,2137.5,1350.0,787.5
10777,2026-03-16,North,Product C,Accessory,CUST1181,Lost,Partner,4,300,0,1200.0,720.0,480.0
10778,2026-03-16,North,Product A,Core,CUST1119,At Risk,Retail Store,2,500,15,850.0,600.0,250.0
10779,2026-03-16,North,Product A,Core,CUST1205,Loyal,Retail Store,4,500,5,1900.0,1200.0,700.0
10780,2026-03-16,North,Product A,Core,CUST1575,New,Online,2,500,0,1000.0,600.0,400.0
10781,2026-03-16,East,Product C,Accessory,CUST1383,New,Online,1,300,5,285.0,180.0,105.0
10782,2026-03-16,East,Product C,Accessory,CUST1504,New,Online,3,300,0,900.0,540.0,360.0
10783,2026-03-16,South,Product A,Core,CUST1580,New,Online,3,500,0,1500.0,900.0,600.0
10784,2026-03-16,South,Product B,Core,CUST1294,At Risk,Online,3,750,10,2025.0,1350.0,675.0
10785,2026-03-16,West,Product B,Core,CUST1193,At Risk,Retail Store,3,750,0,2250.0,1350.0,900.0
10786,2026-03-16,East,Product A,Core,CUST1066,New,Retail Store,1,500,0,500.0,300.0,200.0
10787,2026-03-16,South,Product B,Core,CUST1141,New,Retail Store,1,750,15,637.5,450.0,187.5
10788,2026-03-16,East,Product A,Core,CUST1131,Lost,Online,1,500,0,500.0,300.0,200.0
10789,2026-03-16,North,Product D,Accessory,CUST1359,New,Retail Store,1,1200,20,960.0,720.0,240.0
10790,2026-03-16,North,Product B,Core,CUST1293,Champions,Online,3,750,5,2137.5,1350.0,787.5
10791,2026-03-16,South,Product B,Core,CUST1304,Lost,Online,1,750,0,750.0,450.0,300.0
10792,2026-03-16,North,Product D,Accessory,CUST1170,Loyal,Retail Store,3,1200,0,3600.0,2160.0,1440.0
10793,2026-03-16,South,Product A,Core,CUST1247,New,Online,2,500,5,950.0,600.0,350.0
10794,2026-03-16,West,Product A,Core,CUST1239,Champions,Online,2,500,0,1000.0,600.0,400.0
10795,2026-03-16,East,Product A,Core,CUST1248,Loyal,Online,3,500,0,1500.0,900.0,600.0
10796,2026-03-16,West,Product B,Core,CUST1310,New,Online,4,750,0,3000.0,1800.0,1200.0
10797,2026-03-16,South,Product C,Accessory,CUST1501,Lost,Online,2,300,20,480.0,360.0,120.0
10798,2026-03-16,East,Product C,Accessory,CUST1540,Lost,Retail Store,3,300,15,765.0,540.0,225.0
10799,2026-03-16,East,Product A,Core,CUST1405,Lost,Retail Store,1,500,10,450.0,300.0,150.0
10800,2026-03-16,South,Product A,Core,CUST1493,Loyal,Online,2,500,10,900.0,600.0,300.0
10801,2026-03-16,North,Product B,Core,CUST1450,Champions,Partner,4,750,5,2850.0,1800.0,1050.0
10802,2026-03-16,East,Product A,Core,CUST1244,At Risk,Retail Store,3,500,0,1500.0,900.0,600.0
10803,2026-03-16,South,Product B,Core,CUST1478,At Risk,Online,3,750,0,2250.0,1350.0,900.0
10804,2026-03-16,West,Product D,Accessory,CUST1108,Champions,Online,2,1200,0,2400.0,1440.0,960.0
10805,2026-03-16,South,Product D,Accessory,CUST1583,Loyal,Online,3,1200,0,3600.0,2160.0,1440.0
10806,2026-03-16,North,Product C,Accessory,CUST1427,At Risk,Retail Store,3,300,15,765.0,540.0,225.0
10807,2026-03-16,South,Product C,Accessory,CUST1046,Loyal,Online,4,300,15,1020.0,720.0,300.0
10808,2026-03-16,North,Product C,Accessory,CUST1087,New,Online,1,300,0,300.0,180.0,120.0
10809,2026-03-16,North,Product A,Core,CUST1316,Loyal,Online,3,500,20,1200.0,900.0,300.0
10810,2026-03-16,West,Product A,Core,CUST1520,Lost,Retail Store,2,500,10,900.0,600.0,300.0
10811,2026-03-16,South,Product C,Accessory,CUST1149,Champions,Online,1,300,10,270.0,180.0,90.0
10812,2026-03-16,East,Product C,Accessory,CUST1566,At Risk,Online,1,300,0,300.0,180.0,120.0
10813,2026-03-16,North,Product A,Core,CUST1010,Loyal,Online,3,500,0,1500.0,900.0,600.0
10814,2026-03-16,North,Product C,Accessory,CUST1204,Champions,Retail Store,1,300,5,285.0,180.0,105.0
10815,2026-03-16,West,Product B,Core,CUST1446,Lost,Retail Store,3,750,10,2025.0,1350.0,675.0
10816,2026-03-16,West,Product D,Accessory,CUST1402,At Risk,Online,2,1200,10,2160.0,1440.0,720.0
10817,2026-03-16,South,Product A,Core,CUST1416,Champions,Online,1,500,5,475.0,300.0,175.0
10818,2026-03-16,North,Product A,Core,CUST1590,Lost,Partner,1,500,0,500.0,300.0,200.0
10819,2026-03-16,South,Product A,Core,CUST1084,Champions,Partner,4,500,5,1900.0,1200.0,700.0
10820,2026-03-16,South,Product B,Core,CUST1365,New,Online,1,750,0,750.0,450.0,300.0
10821,2026-03-17,North,Product B,Core,CUST1479,New,Online,2,750,0,1500.0,900.0,600.0
10822,2026-03-17,West,Product D,Accessory,CUST1123,New,Online,2,1200,10,2160.0,1440.0,720.0
10823,2026-03-17,East,Product A,Core,CUST1237,At Risk,Online,1,500,5,475.0,300.0,175.0
10824,2026-03-17,North,Product A,Core,CUST1065,New,Online,2,500,10,900.0,600.0,300.0
10825,2026-03-17,South,Product A,Core,CUST1329,Loyal,Retail Store,1,500,5,475.0,300.0,175.0
10826,2026-03-17,North,Product A,Core,CUST1023,Lost,Retail Store,4,500,5,1900.0,1200.0,700.0
10827,2026-03-17,South,Product B,Core,CUST1311,New,Retail Store,1,750,0,750.0,450.0,300.0
10828,2026-03-17,West,Product B,Core,CUST1153,New,Online,1,750,15,637.5,450.0,187.5
10829,2026-03-17,South,Product D,Accessory,CUST1394,Champions,Retail Store,4,1200,15,4080.0,2880.0,1200.0
10830,2026-03-17,South,Product C,Accessory,CUST1550,New,Retail Store,3,300,0,900.0,540.0,360.0
10831,2026-03-17,East,Product D,Accessory,CUST1196,New,Partner,2,1200,0,2400.0,1440.0,960.0
10832,2026-03-17,North,Product A,Core,CUST1106,New,Retail Store,4,500,5,1900.0,1200.0,700.0
10833,2026-03-17,South,Product B,Core,CUST1325,At Risk,Retail Store,4,750,5,2850.0,1800.0,1050.0
10834,2026-03-17,West,Product A,Core,CUST1190,Lost,Online,2,500,5,950.0,600.0,350.0
10835,2026-03-17,East,Product C,Accessory,CUST1317,At Risk,Online,2,300,5,570.0,360.0,210.0
10836,2026-03-17,West,Product A,Core,CUST1577,New,Online,1,500,5,475.0,300.0,175.0
10837,2026-03-17,North,Product A,Core,CUST1171,New,Online,3,500,0,1500.0,900.0,600.0
10838,2026-03-17,West,Product B,Core,CUST1458,At Risk,Online,2,750,15,1275.0,900.0,375.0
10839,2026-03-17,North,Product A,Core,CUST1319,Lost,Retail Store,1,500,5,475.0,300.0,175.0
10840,2026-03-17,South,Product C,Accessory,CUST1157,At Risk,Online,3,300,0,900.0,540.0,360.0
10841,2026-03-17,South,Product C,Accessory,CUST1199,Loyal,Retail Store,3,300,10,810.0,540.0,270.0
10842,2026-03-17,North,Product A,Core,CUST1418,Loyal,Retail Store,1,500,0,500.0,300.0,200.0
10843,2026-03-17,North,Product C,Accessory,CUST1450,Champions,Retail Store,3,300,15,765.0,540.0,225.0
10844,2026-03-17,East,Product C,Accessory,CUST1375,Champions,Partner,3,300,15,765.0,540.0,225.0
10845,2026-03-17,East,Product B,Core,CUST1390,At Risk,Retail Store,2,750,0,1500.0,900.0,600.0
10846,2026-03-17,North,Product D,Accessory,CUST1288,New,Partner,4,1200,10,4320.0,2880.0,1440.0
10847,2026-03-17,West,Product A,Core,CUST1357,At Risk,Partner,1,500,0,500.0,300.0,200.0
10848,2026-03-17,East,Product C,Accessory,CUST1312,Loyal,Online,3,300,10,810.0,540.0,270.0
10849,2026-03-17,North,Product C,Accessory,CUST1121,At Risk,Retail Store,1,300,0,300.0,180.0,120.0
10850,2026-03-17,North,Product C,Accessory,CUST1397,Loyal,Online,1,300,15,255.0,180.0,75.0
10851,2026-03-17,East,Product B,Core,CUST1495,New,Online,4,750,5,2850.0,1800.0,1050.0
10852,2026-03-17,South,Product A,Core,CUST1224,Loyal,Online,3,500,10,1350.0,900.0,450.0
10853,2026-03-17,North,Product B,Core,CUST1441,Loyal,Retail Store,1,750,0,750.0,450.0,300.0
10854,2026-03-17,North,Product C,Accessory,CUST1538,Loyal,Retail Store,2,300,0,600.0,360.0,240.0
10855,2026-03-17,East,Product B,Core,CUST1200,At Risk,Partner,1,750,0,750.0,450.0,300.0
10856,2026-03-17,South,Product B,Core,CUST1458,At Risk,Online,4,750,5,2850.0,1800.0,1050.0
10857,2026-03-17,West,Product C,Accessory,CUST1387,Lost,Retail Store,4,300,0,1200.0,720.0,480.0
10858,2026-03-17,South,Product C,Accessory,CUST1190,Lost,Retail Store,2,300,0,600.0,360.0,240.0
10859,2026-03-17,West,Product A,Core,CUST1027,Champions,Online,4,500,0,2000.0,1200.0,800.0
10860,2026-03-17,West,Product C,Accessory,CUST1001,New,Partner,3,300,0,900.0,540.0,360.0
10861,2026-03-17,West,Product B,Core,CUST1441,Loyal,Online,3,750,5,2137.5,1350.0,787.5
10862,2026-03-17,East,Product A,Core,CUST1574,Lost,Online,4,500,0,2000.0,1200.0,800.0
10863,2026-03-17,East,Product A,Core,CUST1080,At Risk,Retail Store,1,500,0,500.0,300.0,200.0
10864,2026-03-17,North,Product C,Accessory,CUST1176,New,Retail Store,1,300,0,300.0,180.0,120.0
10865,2026-03-17,South,Product A,Core,CUST1222,At Risk,Online,3,500,15,1275.0,900.0,375.0
10866,2026-03-17,North,Product C,Accessory,CUST1034,New,Online,1,300,5,285.0,180.0,105.0
10867,2026-03-17,West,Product A,Core,CUST1053,At Risk,Online,1,500,0,500.0,300.0,200.0
10868,2026-03-18,South,Product C,Accessory,CUST1300,At Risk,Retail Store,2,300,0,600.0,360.0,240.0
10869,2026-03-18,South,Product D,Accessory,CUST1212,Loyal,Partner,2,1200,0,2400.0,1440.0,960.0
10870,2026-03-18,North,Product A,Core,CUST1509,Champions,Online,1,500,5,475.0,300.0,175.0
10871,2026-03-18,West,Product B,Core,CUST1018,At Risk,Online,1,750,5,712.5,450.0,262.5
10872,2026-03-18,North,Product B,Core,CUST1052,At Risk,Online,2,750,0,1500.0,900.0,600.0
10873,2026-03-18,North,Product A,Core,CUST1371,Loyal,Online,3,500,5,1425.0,900.0,525.0
10874,2026-03-18,East,Product A,Core,CUST1511,At Risk,Online,4,500,0,2000.0,1200.0,800.0
10875,2026-03-18,West,Product C,Accessory,CUST1437,New,Retail Store,2,300,5,570.0,360.0,210.0
10876,2026-03-18,South,Product C,Accessory,CUST1225,Lost,Online,4,300,5,1140.0,720.0,420.0
10877,2026-03-18,South,Product A,Core,CUST1055,At Risk,Online,4,500,5,1900.0,1200.0,700.0
10878,2026-03-18,East,Product B,Core,CUST1346,Lost,Partner,2,750,10,1350.0,900.0,450.0
10879,2026-03-18,South,Product A,Core,CUST1583,Loyal,Online,1,500,0,500.0,300.0,200.0
10880,2026-03-18,East,Product D,Accessory,CUST1522,Loyal,Online,2,1200,10,2160.0,1440.0,720.0
10881,2026-03-18,North,Product D,Accessory,CUST1155,At Risk,Online,2,1200,15,2040.0,1440.0,600.0
10882,2026-03-18,North,Product C,Accessory,CUST1521,Loyal,Online,1,300,0,300.0,180.0,120.0
10883,2026-03-18,North,Product B,Core,CUST1207,At Risk,Online,4,750,10,2700.0,1800.0,900.0
10884,2026-03-18,West,Product C,Accessory,CUST1280,Champions,Online,3,300,0,900.0,540.0,360.0
10885,2026-03-18,East,Product C,Accessory,CUST1269,Champions,Retail Store,4,300,0,1200.0,720.0,480.0
10886,2026-03-18,South,Product B,Core,CUST1246,At Risk,Retail Store,2,750,0,1500.0,900.0,600.0
10887,2026-03-18,East,Product B,Core,CUST1406,Loyal,Online,4,750,5,2850.0,1800.0,1050.0
10888,2026-03-18,South,Product A,Core,CUST1173,Lost,Partner,4,500,5,1900.0,1200.0,700.0
10889,2026-03-18,East,Product A,Core,CUST1285,New,Online,3,500,10,1350.0,900.0,450.0
10890,2026-03-18,North,Product C,Accessory,CUST1470,New,Retail Store,2,300,0,600.0,360.0,240.0
10891,2026-03-18,South,Product C,Accessory,CUST1582,Champions,Online,3,300,5,855.0,540.0,315.0
10892,2026-03-18,South,Product B,Core,CUST1098,Champions,Online,3,750,10,2025.0,1350.0,675.0
10893,2026-03-18,East,Product A,Core,CUST1385,Lost,Online,2,500,0,1000.0,600.0,400.0
10894,2026-03-18,South,Product A,Core,CUST1514,Loyal,Retail Store,1,500,0,500.0,300.0,200.0
10895,2026-03-18,East,Product A,Core,CUST1108,Champions,Online,3,500,10,1350.0,900.0,450.0
10896,2026-03-18,East,Product B,Core,CUST1160,Champions,Online,3,750,0,2250.0,1350.0,900.0
10897,2026-03-18,South,Product A,Core,CUST1590,Lost,Online,4,500,5,1900.0,1200.0,700.0
10898,2026-03-18,South,Product A,Core,CUST1576,Lost,Partner,1,500,10,450.0,300.0,150.0
10899,2026-03-18,North,Product C,Accessory,CUST1445,At Risk,Online,2,300,0,600.0,360.0,240.0
10900,2026-03-18,North,Product C,Accessory,CUST1568,Loyal,Retail Store,2,300,10,540.0,360.0,180.0
10901,2026-03-18,East,Product D,Accessory,CUST1410,At Risk,Online,2,1200,5,2280.0,1440.0,840.0
10902,2026-03-18,West,Product A,Core,CUST1592,Loyal,Retail Store,3,500,0,1500.0,900.0,600.0
10903,2026-03-18,West,Product B,Core,CUST1517,At Risk,Retail Store,1,750,0,750.0,450.0,300.0
10904,2026-03-18,North,Product A,Core,CUST1578,Lost,Retail Store,4,500,0,2000.0,1200.0,800.0
10905,2026-03-18,South,Product D,Accessory,CUST1099,Lost,Online,3,1200,0,3600.0,2160.0,1440.0
10906,2026-03-18,West,Product D,Accessory,CUST1354,New,Retail Store,1,1200,0,1200.0,720.0,480.0
10907,2026-03-18,North,Product C,Accessory,CUST1399,New,Online,3,300,10,810.0,540.0,270.0
10908,2026-03-18,North,Product B,Core,CUST1325,At Risk,Retail Store,4,750,0,3000.0,1800.0,1200.0
10909,2026-03-18,North,Product C,Accessory,CUST1134,New,Online,4,300,10,1080.0,720.0,360.0
10910,2026-03-18,North,Product A,Core,CUST1403,Champions,Retail Store,4,500,10,1800.0,1200.0,600.0
10911,2026-03-18,South,Product D,Accessory,CUST1186,Loyal,Online,2,1200,15,2040.0,1440.0,600.0
10912,2026-03-18,East,Product D,Accessory,CUST1450,Champions,Partner,1,1200,5,1140.0,720.0,420.0
10913,2026-03-18,East,Product D,Accessory,CUST1100,Lost,Retail Store,2,1200,5,2280.0,1440.0,840.0
10914,2026-03-18,East,Product D,Accessory,CUST1217,Champions,Online,3,1200,0,3600.0,2160.0,1440.0
10915,2026-03-18,West,Product D,Accessory,CUST1029,At Risk,Online,4,1200,0,4800.0,2880.0,1920.0
10916,2026-03-18,East,Product C,Accessory,CUST1117,At Risk,Retail Store,1,300,0,300.0,180.0,120.0
10917,2026-03-18,South,Product A,Core,CUST1010,Loyal,Online,1,500,15,425.0,300.0,125.0
10918,2026-03-18,East,Product D,Accessory,CUST1493,Loyal,Online,2,1200,0,2400.0,1440.0,960.0
10919,2026-03-18,East,Product B,Core,CUST1499,New,Retail Store,3,750,0,2250.0,1350.0,900.0
10920,2026-03-18,South,Product A,Core,CUST1218,Lost,Retail Store,1,500,5,475.0,300.0,175.0
10921,2026-03-18,East,Product A,Core,CUST1229,Champions,Partner,4,500,5,1900.0,1200.0,700.0
10922,2026-03-18,West,Product A,Core,CUST1054,At Risk,Retail Store,3,500,10,1350.0,900.0,450.0
10923,2026-03-19,West,Product C,Accessory,CUST1203,Champions,Online,1,300,10,270.0,180.0,90.0
10924,2026-03-19,East,Product B,Core,CUST1363,Champions,Retail Store,4,750,5,2850.0,1800.0,1050.0
10925,2026-03-19,East,Product C,Accessory,CUST1441,Loyal,Online,3,300,10,810.0,540.0,270.0
10926,2026-03-19,East,Product C,Accessory,CUST1220,Loyal,Retail Store,1,300,5,285.0,180.0,105.0
10927,2026-03-19,North,Product C,Accessory,CUST1304,Lost,Online,3,300,0,900.0,540.0,360.0
10928,2026-03-19,North,Product B,Core,CUST1188,At Risk,Retail Store,2,750,0,1500.0,900.0,600.0
10929,2026-03-19,South,Product A,Core,CUST1284,New,Online,3,500,5,1425.0,900.0,525.0
10930,2026-03-19,East,Product C,Accessory,CUST1530,At Risk,Online,2,300,10,540.0,360.0,180.0
10931,2026-03-19,South,Product A,Core,CUST1545,New,Online,4,500,5,1900.0,1200.0,700.0
10932,2026-03-19,North,Product B,Core,CUST1563,At Risk,Online,2,750,15,1275.0,900.0,375.0
10933,2026-03-19,West,Product A,Core,CUST1424,At Risk,Retail Store,1,500,20,400.0,300.0,100.0
10934,2026-03-19,West,Product A,Core,CUST1576,Lost,Online,2,500,10,900.0,600.0,300.0
10935,2026-03-19,East,Product B,Core,CUST1267,Loyal,Online,3,750,0,2250.0,1350.0,900.0
10936,2026-03-19,East,Product C,Accessory,CUST1594,Champions,Online,3,300,10,810.0,540.0,270.0
10937,2026-03-19,East,Product A,Core,CUST1129,New,Retail Store,1,500,0,500.0,300.0,200.0
10938,2026-03-19,North,Product A,Core,CUST1046,Loyal,Online,1,500,0,500.0,300.0,200.0
10939,2026-03-19,East,Product A,Core,CUST1122,Champions,Online,2,500,10,900.0,600.0,300.0
10940,2026-03-19,West,Product B,Core,CUST1228,At Risk,Online,1,750,10,675.0,450.0,225.0
10941,2026-03-19,North,Product D,Accessory,CUST1508,New,Online,3,1200,0,3600.0,2160.0,1440.0
10942,2026-03-19,East,Product A,Core,CUST1085,Champions,Online,4,500,0,2000.0,1200.0,800.0
10943,2026-03-19,West,Product A,Core,CUST1421,Champions,Retail Store,1,500,5,475.0,300.0,175.0
10944,2026-03-19,West,Product B,Core,CUST1081,New,Online,3,750,20,1800.0,1350.0,450.0
10945,2026-03-19,North,Product B,Core,CUST1331,Loyal,Online,2,750,10,1350.0,900.0,450.0
10946,2026-03-19,West,Product A,Core,CUST1319,Lost,Online,2,500,10,900.0,600.0,300.0
10947,2026-03-19,South,Product B,Core,CUST1286,Champions,Retail Store,1,750,15,637.5,450.0,187.5
10948,2026-03-19,North,Product D,Accessory,CUST1384,Loyal,Online,1,1200,0,1200.0,720.0,480.0
10949,2026-03-19,East,Product A,Core,CUST1340,Champions,Retail Store,2,500,10,900.0,600.0,300.0
10950,2026-03-19,East,Product B,Core,CUST1479,New,Retail Store,1,750,0,750.0,450.0,300.0
10951,2026-03-19,North,Product C,Accessory,CUST1318,Loyal,Retail Store,2,300,5,570.0,360.0,210.0
10952,2026-03-19,South,Product A,Core,CUST1316,Loyal,Retail Store,2,500,5,950.0,600.0,350.0
10953,2026-03-19,North,Product C,Accessory,CUST1188,At Risk,Online,2,300,5,570.0,360.0,210.0
10954,2026-03-19,South,Product C,Accessory,CUST1134,New,Retail Store,1,300,0,300.0,180.0,120.0
10955,2026-03-19,East,Product C,Accessory,CUST1178,Lost,Online,2,300,5,570.0,360.0,210.0
10956,2026-03-19,West,Product D,Accessory,CUST1408,Champions,Retail Store,1,1200,0,1200.0,720.0,480.0
10957,2026-03-19,North,Product C,Accessory,CUST1543,Lost,Online,3,300,0,900.0,540.0,360.0
10958,2026-03-19,East,Product B,Core,CUST1342,At Risk,Online,1,750,5,712.5,450.0,262.5
10959,2026-03-19,North,Product C,Accessory,CUST1409,Lost,Partner,4,300,0,1200.0,720.0,480.0
10960,2026-03-19,East,Product C,Accessory,CUST1037,New,Retail Store,4,300,5,1140.0,720.0,420.0
10961,2026-03-19,North,Product B,Core,CUST1332,At Risk,Online,1,750,15,637.5,450.0,187.5
10962,2026-03-19,East,Product D,Accessory,CUST1231,New,Retail Store,4,1200,0,4800.0,2880.0,1920.0
10963,2026-03-19,East,Product A,Core,CUST1431,At Risk,Online,1,500,10,450.0,300.0,150.0
10964,2026-03-19,East,Product D,Accessory,CUST1278,Lost,Retail Store,4,1200,0,4800.0,2880.0,1920.0
10965,2026-03-19,West,Product C,Accessory,CUST1063,At Risk,Online,4,300,0,1200.0,720.0,480.0
10966,2026-03-19,West,Product A,Core,CUST1253,Loyal,Online,2,500,0,1000.0,600.0,400.0
10967,2026-03-19,North,Product D,Accessory,CUST1220,Loyal,Partner,4,1200,0,4800.0,2880.0,1920.0
10968,2026-03-19,South,Product B,Core,CUST1478,At Risk,Retail Store,1,750,5,712.5,450.0,262.5
10969,2026-03-19,South,Product B,Core,CUST1343,New,Online,1,750,5,712.5,450.0,262.5
10970,2026-03-19,South,Product C,Accessory,CUST1462,Lost,Online,1,300,0,300.0,180.0,120.0
10971,2026-03-19,North,Product B,Core,CUST1142,Lost,Retail Store,4,750,0,3000.0,1800.0,1200.0
10972,2026-03-19,South,Product A,Core,CUST1572,New,Online,4,500,0,2000.0,1200.0,800.0
10973,2026-03-19,North,Product A,Core,CUST1200,At Risk,Online,4,500,0,2000.0,1200.0,800.0
10974,2026-03-19,West,Product B,Core,CUST1423,Champions,Online,3,750,15,1912.5,1350.0,562.5
10975,2026-03-19,North,Product A,Core,CUST1070,Loyal,Online,3,500,10,1350.0,900.0,450.0
10976,2026-03-20,South,Product C,Accessory,CUST1410,At Risk,Online,1,300,5,285.0,180.0,105.0
10977,2026-03-20,East,Product D,Accessory,CUST1435,Loyal,Online,2,1200,5,2280.0,1440.0,840.0
10978,2026-03-20,East,Product A,Core,CUST1321,New,Online,3,500,10,1350.0,900.0,450.0
10979,2026-03-20,West,Product B,Core,CUST1529,Loyal,Partner,4,750,0,3000.0,1800.0,1200.0
10980,2026-03-20,East,Product A,Core,CUST1309,Champions,Online,2,500,20,800.0,600.0,200.0
10981,2026-03-20,South,Product C,Accessory,CUST1283,Loyal,Online,2,300,15,510.0,360.0,150.0
10982,2026-03-20,North,Product A,Core,CUST1300,At Risk,Retail Store,2,500,0,1000.0,600.0,400.0
10983,2026-03-20,South,Product A,Core,CUST1582,Champions,Online,1,500,0,500.0,300.0,200.0
10984,2026-03-20,North,Product B,Core,CUST1186,Loyal,Online,3,750,20,1800.0,1350.0,450.0
10985,2026-03-20,North,Product A,Core,CUST1097,Champions,Online,2,500,0,1000.0,600.0,400.0
10986,2026-03-20,East,Product B,Core,CUST1413,Lost,Retail Store,3,750,15,1912.5,1350.0,562.5
10987,2026-03-20,East,Product C,Accessory,CUST1173,Lost,Online,3,300,0,900.0,540.0,360.0
10988,2026-03-20,South,Product A,Core,CUST1328,At Risk,Online,2,500,0,1000.0,600.0,400.0
10989,2026-03-20,West,Product C,Accessory,CUST1003,At Risk,Online,3,300,5,855.0,540.0,315.0
10990,2026-03-20,West,Product C,Accessory,CUST1383,New,Online,3,300,0,900.0,540.0,360.0
10991,2026-03-20,East,Product D,Accessory,CUST1237,At Risk,Online,2,1200,5,2280.0,1440.0,840.0
10992,2026-03-20,South,Product D,Accessory,CUST1315,Loyal,Online,3,1200,0,3600.0,2160.0,1440.0
10993,2026-03-20,South,Product A,Core,CUST1584,Lost,Retail Store,3,500,10,1350.0,900.0,450.0
10994,2026-03-20,North,Product C,Accessory,CUST1013,At Risk,Online,3,300,5,855.0,540.0,315.0
10995,2026-03-20,West,Product A,Core,CUST1527,Lost,Online,1,500,0,500.0,300.0,200.0
10996,2026-03-20,South,Product C,Accessory,CUST1363,Champions,Online,1,300,20,240.0,180.0,60.0
10997,2026-03-20,South,Product B,Core,CUST1185,At Risk,Online,3,750,10,2025.0,1350.0,675.0
10998,2026-03-20,South,Product A,Core,CUST1554,Champions,Retail Store,1,500,0,500.0,300.0,200.0
10999,2026-03-20,East,Product B,Core,CUST1378,Loyal,Online,3,750,5,2137.5,1350.0,787.5
11000,2026-03-20,East,Product A,Core,CUST1323,New,Online,2,500,0,1000.0,600.0,400.0
11001,2026-03-20,East,Product A,Core,CUST1339,Lost,Online,3,500,5,1425.0,900.0,525.0
11002,2026-03-20,South,Product B,Core,CUST1281,Loyal,Partner,2,750,10,1350.0,900.0,450.0
11003,2026-03-20,North,Product B,Core,CUST1057,New,Online,1,750,5,712.5,450.0,262.5
11004,2026-03-20,East,Product A,Core,CUST1255,At Risk,Retail Store,1,500,0,500.0,300.0,200.0
11005,2026-03-20,North,Product D,Accessory,CUST1378,Loyal,Retail Store,4,1200,10,4320.0,2880.0,1440.0
11006,2026-03-20,North,Product B,Core,CUST1188,At Risk,Partner,2,750,0,1500.0,900.0,600.0
11007,2026-03-20,South,Product A,Core,CUST1057,New,Online,4,500,0,2000.0,1200.0,800.0
11008,2026-03-20,East,Product B,Core,CUST1221,New,Online,4,750,0,3000.0,1800.0,1200.0
11009,2026-03-20,North,Product B,Core,CUST1040,New,Retail Store,1,750,10,675.0,450.0,225.0
11010,2026-03-20,North,Product C,Accessory,CUST1114,Loyal,Online,3,300,0,900.0,540.0,360.0
11011,2026-03-20,South,Product A,Core,CUST1598,Lost,Retail Store,4,500,5,1900.0,1200.0,700.0
11012,2026-03-20,West,Product A,Core,CUST1222,At Risk,Retail Store,4,500,15,1700.0,1200.0,500.0
11013,2026-03-20,West,Product D,Accessory,CUST1385,Lost,Retail Store,1,1200,10,1080.0,720.0,360.0
11014,2026-03-20,East,Product A,Core,CUST1260,Champions,Online,4,500,5,1900.0,1200.0,700.0
11015,2026-03-20,South,Product A,Core,CUST1203,Champions,Online,3,500,10,1350.0,900.0,450.0
11016,2026-03-20,West,Product A,Core,CUST1021,Loyal,Online,3,500,10,1350.0,900.0,450.0
11017,2026-03-20,West,Product A,Core,CUST1083,Loyal,Online,3,500,5,1425.0,900.0,525.0
11018,2026-03-20,East,Product B,Core,CUST1385,Lost,Online,3,750,15,1912.5,1350.0,562.5
11019,2026-03-20,North,Product B,Core,CUST1224,Loyal,Retail Store,1,750,0,750.0,450.0,300.0
11020,2026-03-20,South,Product D,Accessory,CUST1160,Champions,Online,3,1200,10,3240.0,2160.0,1080.0
11021,2026-03-20,South,Product B,Core,CUST1336,Champions,Online,2,750,15,1275.0,900.0,375.0
11022,2026-03-20,West,Product D,Accessory,CUST1200,At Risk,Online,2,1200,5,2280.0,1440.0,840.0
11023,2026-03-20,West,Product C,Accessory,CUST1301,Champions,Retail Store,2,300,10,540.0,360.0,180.0
11024,2026-03-20,West,Product C,Accessory,CUST1235,At Risk,Online,2,300,5,570.0,360.0,210.0
11025,2026-03-20,South,Product D,Accessory,CUST1061,New,Online,3,1200,0,3600.0,2160.0,1440.0
11026,2026-03-20,East,Product B,Core,CUST1259,New,Retail Store,1,750,5,712.5,450.0,262.5
11027,2026-03-20,North,Product B,Core,CUST1073,Loyal,Retail Store,3,750,10,2025.0,1350.0,675.0
11028,2026-03-20,North,Product A,Core,CUST1217,Champions,Retail Store,2,500,5,950.0,600.0,350.0
11029,2026-03-20,East,Product D,Accessory,CUST1219,Loyal,Retail Store,3,1200,0,3600.0,2160.0,1440.0
11030,2026-03-20,West,Product A,Core,CUST1085,Champions,Partner,1,500,0,500.0,300.0,200.0
11031,2026-03-20,North,Product B,Core,CUST1591,New,Online,2,750,10,1350.0,900.0,450.0
11032,2026-03-20,North,Product B,Core,CUST1323,New,Online,4,750,5,2850.0,1800.0,1050.0
11033,2026-03-20,North,Product C,Accessory,CUST1381,Lost,Online,4,300,0,1200.0,720.0,480.0
11034,2026-03-20,North,Product C,Accessory,CUST1315,Loyal,Partner,2,300,0,600.0,360.0,240.0
11035,2026-03-20,South,Product A,Core,CUST1071,New,Retail Store,4,500,0,2000.0,1200.0,800.0
11036,2026-03-21,East,Product A,Core,CUST1548,At Risk,Online,1,500,0,500.0,300.0,200.0
11037,2026-03-21,South,Product A,Core,CUST1555,Loyal,Online,2,500,0,1000.0,600.0,400.0
11038,2026-03-21,West,Product B,Core,CUST1386,At Risk,Online,2,750,15,1275.0,900.0,375.0
11039,2026-03-21,East,Product B,Core,CUST1419,Lost,Retail Store,4,750,0,3000.0,1800.0,1200.0
11040,2026-03-21,North,Product C,Accessory,CUST1305,New,Retail Store,2,300,0,600.0,360.0,240.0
11041,2026-03-21,North,Product B,Core,CUST1263,Champions,Retail Store,2,750,10,1350.0,900.0,450.0
11042,2026-03-21,South,Product C,Accessory,CUST1552,Loyal,Retail Store,1,300,10,270.0,180.0,90.0
11043,2026-03-21,North,Product B,Core,CUST1244,At Risk,Online,4,750,15,2550.0,1800.0,750.0
11044,2026-03-21,South,Product B,Core,CUST1458,At Risk,Retail Store,4,750,0,3000.0,1800.0,1200.0
11045,2026-03-21,East,Product B,Core,CUST1290,At Risk,Online,1,750,5,712.5,450.0,262.5
11046,2026-03-21,West,Product C,Accessory,CUST1002,Lost,Retail Store,4,300,0,1200.0,720.0,480.0
11047,2026-03-21,East,Product A,Core,CUST1162,Loyal,Online,4,500,10,1800.0,1200.0,600.0
11048,2026-03-21,West,Product A,Core,CUST1194,Loyal,Online,4,500,5,1900.0,1200.0,700.0
11049,2026-03-21,South,Product B,Core,CUST1140,New,Partner,3,750,5,2137.5,1350.0,787.5
11050,2026-03-21,West,Product C,Accessory,CUST1119,At Risk,Partner,1,300,0,300.0,180.0,120.0
11051,2026-03-21,East,Product B,Core,CUST1456,Lost,Online,4,750,10,2700.0,1800.0,900.0
11052,2026-03-21,North,Product B,Core,CUST1382,At Risk,Retail Store,3,750,20,1800.0,1350.0,450.0
11053,2026-03-21,South,Product A,Core,CUST1542,At Risk,Online,1,500,20,400.0,300.0,100.0
11054,2026-03-21,South,Product A,Core,CUST1007,At Risk,Online,3,500,0,1500.0,900.0,600.0
11055,2026-03-21,West,Product C,Accessory,CUST1461,Champions,Online,1,300,0,300.0,180.0,120.0
11056,2026-03-21,North,Product B,Core,CUST1020,At Risk,Retail Store,3,750,15,1912.5,1350.0,562.5
11057,2026-03-21,South,Product A,Core,CUST1042,At Risk,Online,4,500,5,1900.0,1200.0,700.0
11058,2026-03-21,East,Product A,Core,CUST1176,New,Online,4,500,10,1800.0,1200.0,600.0
11059,2026-03-21,North,Product A,Core,CUST1083,Loyal,Retail Store,2,500,15,850.0,600.0,250.0
11060,2026-03-21,North,Product B,Core,CUST1283,Loyal,Online,2,750,10,1350.0,900.0,450.0
11061,2026-03-21,East,Product B,Core,CUST1373,Loyal,Retail Store,3,750,5,2137.5,1350.0,787.5
11062,2026-03-21,East,Product B,Core,CUST1214,At Risk,Retail Store,2,750,10,1350.0,900.0,450.0
11063,2026-03-21,West,Product D,Accessory,CUST1211,New,Retail Store,4,1200,10,4320.0,2880.0,1440.0
11064,2026-03-21,North,Product B,Core,CUST1445,At Risk,Online,2,750,5,1425.0,900.0,525.0
11065,2026-03-21,North,Product C,Accessory,CUST1244,At Risk,Retail Store,2,300,0,600.0,360.0,240.0
11066,2026-03-21,North,Product A,Core,CUST1241,At Risk,Online,1,500,0,500.0,300.0,200.0
11067,2026-03-21,North,Product A,Core,CUST1494,At Risk,Online,3,500,0,1500.0,900.0,600.0
11068,2026-03-21,North,Product A,Core,CUST1299,At Risk,Online,3,500,0,1500.0,900.0,600.0
11069,2026-03-21,West,Product A,Core,CUST1180,Lost,Retail Store,2,500,0,1000.0,600.0,400.0
11070,2026-03-21,North,Product C,Accessory,CUST1203,Champions,Online,2,300,0,600.0,360.0,240.0
11071,2026-03-21,West,Product B,Core,CUST1313,Loyal,Online,3,750,10,2025.0,1350.0,675.0
11072,2026-03-21,North,Product D,Accessory,CUST1389,Lost,Retail Store,3,1200,0,3600.0,2160.0,1440.0
11073,2026-03-21,East,Product C,Accessory,CUST1032,Loyal,Online,2,300,10,540.0,360.0,180.0
11074,2026-03-21,North,Product A,Core,CUST1441,Loyal,Online,3,500,0,1500.0,900.0,600.0
11075,2026-03-21,West,Product A,Core,CUST1445,At Risk,Partner,3,500,10,1350.0,900.0,450.0
11076,2026-03-21,South,Product B,Core,CUST1550,New,Retail Store,2,750,10,1350.0,900.0,450.0
11077,2026-03-21,South,Product A,Core,CUST1429,At Risk,Online,4,500,10,1800.0,1200.0,600.0
11078,2026-03-21,North,Product C,Accessory,CUST1474,Loyal,Online,4,300,10,1080.0,720.0,360.0
11079,2026-03-21,South,Product A,Core,CUST1383,New,Online,3,500,10,1350.0,900.0,450.0
11080,2026-03-21,North,Product B,Core,CUST1597,At Risk,Online,4,750,15,2550.0,1800.0,750.0
11081,2026-03-21,East,Product C,Accessory,CUST1325,At Risk,Online,1,300,15,255.0,180.0,75.0
11082,2026-03-21,West,Product B,Core,CUST1274,At Risk,Online,2,750,15,1275.0,900.0,375.0
11083,2026-03-21,West,Product B,Core,CUST1015,Loyal,Online,2,750,10,1350.0,900.0,450.0
11084,2026-03-21,East,Product A,Core,CUST1179,At Risk,Partner,3,500,0,1500.0,900.0,600.0
11085,2026-03-21,South,Product B,Core,CUST1262,Loyal,Online,1,750,0,750.0,450.0,300.0
11086,2026-03-21,North,Product D,Accessory,CUST1529,Loyal,Retail Store,2,1200,10,2160.0,1440.0,720.0
11087,2026-03-21,East,Product C,Accessory,CUST1315,Loyal,Online,3,300,0,900.0,540.0,360.0
11088,2026-03-21,South,Product B,Core,CUST1042,At Risk,Online,1,750,0,750.0,450.0,300.0
11089,2026-03-21,North,Product C,Accessory,CUST1043,Loyal,Retail Store,3,300,15,765.0,540.0,225.0
11090,2026-03-21,East,Product A,Core,CUST1367,At Risk,Online,4,500,5,1900.0,1200.0,700.0
11091,2026-03-21,East,Product A,Core,CUST1173,Lost,Online,3,500,0,1500.0,900.0,600.0
11092,2026-03-21,North,Product A,Core,CUST1214,At Risk,Retail Store,1,500,5,475.0,300.0,175.0
11093,2026-03-21,East,Product A,Core,CUST1262,Loyal,Retail Store,2,500,15,850.0,600.0,250.0
11094,2026-03-21,South,Product A,Core,CUST1217,Champions,Retail Store,4,500,5,1900.0,1200.0,700.0
11095,2026-03-21,North,Product A,Core,CUST1159,At Risk,Partner,3,500,0,1500.0,900.0,600.0
11096,2026-03-21,East,Product C,Accessory,CUST1215,At Risk,Retail Store,2,300,0,600.0,360.0,240.0
11097,2026-03-22,South,Product D,Accessory,CUST1032,Loyal,Online,3,1200,0,3600.0,2160.0,1440.0
11098,2026-03-22,South,Product B,Core,CUST1301,Champions,Online,3,750,5,2137.5,1350.0,787.5
11099,2026-03-22,North,Product C,Accessory,CUST1051,Champions,Online,3,300,10,810.0,540.0,270.0
11100,2026-03-22,West,Product B,Core,CUST1472,Champions,Retail Store,2,750,5,1425.0,900.0,525.0
11101,2026-03-22,East,Product C,Accessory,CUST1585,At Risk,Retail Store,1,300,0,300.0,180.0,120.0
11102,2026-03-22,South,Product C,Accessory,CUST1177,Lost,Online,2,300,15,510.0,360.0,150.0
11103,2026-03-22,East,Product B,Core,CUST1052,At Risk,Online,4,750,0,3000.0,1800.0,1200.0
11104,2026-03-22,North,Product A,Core,CUST1062,New,Online,1,500,5,475.0,300.0,175.0
11105,2026-03-22,North,Product A,Core,CUST1015,Loyal,Retail Store,4,500,5,1900.0,1200.0,700.0
11106,2026-03-22,North,Product B,Core,CUST1222,At Risk,Online,3,750,10,2025.0,1350.0,675.0
11107,2026-03-22,South,Product B,Core,CUST1072,Lost,Partner,2,750,0,1500.0,900.0,600.0
11108,2026-03-22,North,Product B,Core,CUST1208,Champions,Retail Store,4,750,10,2700.0,1800.0,900.0
11109,2026-03-22,South,Product B,Core,CUST1472,Champions,Online,1,750,0,750.0,450.0,300.0
11110,2026-03-22,West,Product D,Accessory,CUST1500,At Risk,Retail Store,2,1200,5,2280.0,1440.0,840.0
11111,2026-03-22,North,Product A,Core,CUST1477,At Risk,Online,1,500,0,500.0,300.0,200.0
11112,2026-03-22,North,Product D,Accessory,CUST1222,At Risk,Online,1,1200,0,1200.0,720.0,480.0
11113,2026-03-22,South,Product A,Core,CUST1287,Loyal,Retail Store,3,500,10,1350.0,900.0,450.0
11114,2026-03-22,East,Product B,Core,CUST1074,Champions,Online,2,750,0,1500.0,900.0,600.0
11115,2026-03-22,South,Product C,Accessory,CUST1582,Champions,Online,1,300,10,270.0,180.0,90.0
11116,2026-03-22,South,Product C,Accessory,CUST1436,Champions,Partner,4,300,5,1140.0,720.0,420.0
11117,2026-03-22,North,Product B,Core,CUST1264,Lost,Retail Store,3,750,0,2250.0,1350.0,900.0
11118,2026-03-22,North,Product A,Core,CUST1499,New,Online,4,500,15,1700.0,1200.0,500.0
11119,2026-03-22,South,Product B,Core,CUST1430,Lost,Online,3,750,10,2025.0,1350.0,675.0
11120,2026-03-22,East,Product C,Accessory,CUST1484,Champions,Online,4,300,10,1080.0,720.0,360.0
11121,2026-03-22,East,Product C,Accessory,CUST1252,New,Retail Store,3,300,15,765.0,540.0,225.0
11122,2026-03-22,South,Product C,Accessory,CUST1054,At Risk,Retail Store,2,300,10,540.0,360.0,180.0
11123,2026-03-22,East,Product B,Core,CUST1278,Lost,Online,3,750,0,2250.0,1350.0,900.0
11124,2026-03-22,West,Product A,Core,CUST1029,At Risk,Online,4,500,10,1800.0,1200.0,600.0
11125,2026-03-22,East,Product C,Accessory,CUST1411,At Risk,Retail Store,3,300,15,765.0,540.0,225.0
11126,2026-03-22,East,Product A,Core,CUST1524,Champions,Retail Store,2,500,5,950.0,600.0,350.0
11127,2026-03-22,South,Product B,Core,CUST1576,Lost,Retail Store,2,750,10,1350.0,900.0,450.0
11128,2026-03-22,East,Product D,Accessory,CUST1590,Lost,Partner,3,1200,0,3600.0,2160.0,1440.0
11129,2026-03-22,East,Product C,Accessory,CUST1019,At Risk,Online,2,300,5,570.0,360.0,210.0
11130,2026-03-22,South,Product D,Accessory,CUST1174,Loyal,Online,2,1200,5,2280.0,1440.0,840.0
11131,2026-03-22,South,Product A,Core,CUST1559,New,Online,3,500,0,1500.0,900.0,600.0
11132,2026-03-22,East,Product B,Core,CUST1441,Loyal,Online,4,750,20,2400.0,1800.0,600.0
11133,2026-03-22,East,Product A,Core,CUST1423,Champions,Online,4,500,10,1800.0,1200.0,600.0
11134,2026-03-22,East,Product D,Accessory,CUST1025,Loyal,Online,4,1200,10,4320.0,2880.0,1440.0
11135,2026-03-22,South,Product B,Core,CUST1115,Lost,Online,3,750,0,2250.0,1350.0,900.0
11136,2026-03-22,North,Product A,Core,CUST1457,New,Online,4,500,10,1800.0,1200.0,600.0
11137,2026-03-22,East,Product B,Core,CUST1533,At Risk,Retail Store,4,750,15,2550.0,1800.0,750.0
11138,2026-03-22,East,Product B,Core,CUST1001,New,Online,4,750,0,3000.0,1800.0,1200.0
11139,2026-03-22,North,Product B,Core,CUST1322,Loyal,Partner,1,750,0,750.0,450.0,300.0
11140,2026-03-23,North,Product A,Core,CUST1020,At Risk,Partner,3,500,0,1500.0,900.0,600.0
11141,2026-03-23,South,Product A,Core,CUST1127,Champions,Retail Store,3,500,0,1500.0,900.0,600.0
11142,2026-03-23,East,Product D,Accessory,CUST1486,New,Online,1,1200,0,1200.0,720.0,480.0
11143,2026-03-23,North,Product A,Core,CUST1300,At Risk,Online,3,500,15,1275.0,900.0,375.0
11144,2026-03-23,West,Product C,Accessory,CUST1011,Lost,Online,1,300,0,300.0,180.0,120.0
11145,2026-03-23,West,Product D,Accessory,CUST1092,New,Online,2,1200,5,2280.0,1440.0,840.0
11146,2026-03-23,North,Product D,Accessory,CUST1198,Loyal,Online,1,1200,0,1200.0,720.0,480.0
11147,2026-03-23,South,Product D,Accessory,CUST1534,Champions,Retail Store,1,1200,5,1140.0,720.0,420.0
11148,2026-03-23,North,Product A,Core,CUST1041,At Risk,Online,2,500,10,900.0,600.0,300.0
11149,2026-03-23,East,Product D,Accessory,CUST1210,At Risk,Retail Store,2,1200,10,2160.0,1440.0,720.0
11150,2026-03-23,North,Product A,Core,CUST1238,Champions,Retail Store,3,500,0,1500.0,900.0,600.0
11151,2026-03-23,West,Product A,Core,CUST1170,Loyal,Retail Store,4,500,10,1800.0,1200.0,600.0
11152,2026-03-23,East,Product A,Core,CUST1563,At Risk,Retail Store,3,500,10,1350.0,900.0,450.0
11153,2026-03-23,North,Product A,Core,CUST1587,Loyal,Online,2,500,10,900.0,600.0,300.0
11154,2026-03-23,East,Product C,Accessory,CUST1021,Loyal,Online,2,300,0,600.0,360.0,240.0
11155,2026-03-23,North,Product A,Core,CUST1502,Lost,Online,2,500,0,1000.0,600.0,400.0
11156,2026-03-23,North,Product A,Core,CUST1572,New,Retail Store,3,500,0,1500.0,900.0,600.0
11157,2026-03-23,West,Product B,Core,CUST1422,Champions,Online,3,750,15,1912.5,1350.0,562.5
11158,2026-03-23,South,Product C,Accessory,CUST1531,At Risk,Retail Store,1,300,0,300.0,180.0,120.0
11159,2026-03-23,North,Product D,Accessory,CUST1345,At Risk,Online,4,1200,0,4800.0,2880.0,1920.0
11160,2026-03-23,South,Product D,Accessory,CUST1260,Champions,Online,2,1200,10,2160.0,1440.0,720.0
11161,2026-03-23,North,Product B,Core,CUST1015,Loyal,Retail Store,2,750,10,1350.0,900.0,450.0
11162,2026-03-23,North,Product B,Core,CUST1201,Lost,Retail Store,3,750,10,2025.0,1350.0,675.0
11163,2026-03-23,South,Product C,Accessory,CUST1211,New,Retail Store,3,300,5,855.0,540.0,315.0
11164,2026-03-23,East,Product D,Accessory,CUST1503,New,Retail Store,3,1200,10,3240.0,2160.0,1080.0
11165,2026-03-23,West,Product D,Accessory,CUST1270,Champions,Online,1,1200,5,1140.0,720.0,420.0
11166,2026-03-23,South,Product B,Core,CUST1255,At Risk,Partner,4,750,10,2700.0,1800.0,900.0
11167,2026-03-23,North,Product B,Core,CUST1278,Lost,Online,1,750,5,712.5,450.0,262.5
11168,2026-03-23,South,Product A,Core,CUST1216,Champions,Partner,1,500,15,425.0,300.0,125.0
11169,2026-03-23,South,Product A,Core,CUST1504,New,Retail Store,2,500,0,1000.0,600.0,400.0
11170,2026-03-23,North,Product B,Core,CUST1597,At Risk,Online,2,750,5,1425.0,900.0,525.0
11171,2026-03-23,North,Product B,Core,CUST1039,At Risk,Retail Store,2,750,15,1275.0,900.0,375.0
11172,2026-03-23,East,Product C,Accessory,CUST1054,At Risk,Online,2,300,0,600.0,360.0,240.0
11173,2026-03-23,West,Product B,Core,CUST1598,Lost,Online,2,750,0,1500.0,900.0,600.0
11174,2026-03-23,East,Product B,Core,CUST1587,Loyal,Retail Store,4,750,10,2700.0,1800.0,900.0
11175,2026-03-23,North,Product C,Accessory,CUST1538,Loyal,Online,3,300,0,900.0,540.0,360.0
11176,2026-03-23,North,Product B,Core,CUST1476,New,Retail Store,1,750,0,750.0,450.0,300.0
11177,2026-03-23,North,Product D,Accessory,CUST1575,New,Online,2,1200,0,2400.0,1440.0,960.0
11178,2026-03-23,East,Product C,Accessory,CUST1572,New,Retail Store,2,300,5,570.0,360.0,210.0
11179,2026-03-23,West,Product B,Core,CUST1062,New,Retail Store,2,750,5,1425.0,900.0,525.0
11180,2026-03-23,West,Product D,Accessory,CUST1004,Champions,Retail Store,1,1200,5,1140.0,720.0,420.0
11181,2026-03-23,South,Product B,Core,CUST1175,Champions,Retail Store,4,750,0,3000.0,1800.0,1200.0
11182,2026-03-23,South,Product D,Accessory,CUST1538,Loyal,Online,3,1200,15,3060.0,2160.0,900.0
11183,2026-03-23,West,Product B,Core,CUST1125,New,Retail Store,1,750,0,750.0,450.0,300.0
11184,2026-03-23,East,Product D,Accessory,CUST1408,Champions,Retail Store,2,1200,15,2040.0,1440.0,600.0
11185,2026-03-23,North,Product A,Core,CUST1507,At Risk,Retail Store,3,500,10,1350.0,900.0,450.0
11186,2026-03-23,East,Product C,Accessory,CUST1096,Loyal,Online,3,300,0,900.0,540.0,360.0
11187,2026-03-23,North,Product D,Accessory,CUST1106,New,Retail Store,4,1200,5,4560.0,2880.0,1680.0
11188,2026-03-23,North,Product B,Core,CUST1122,Champions,Retail Store,2,750,20,1200.0,900.0,300.0
11189,2026-03-23,East,Product A,Core,CUST1371,Loyal,Retail Store,4,500,5,1900.0,1200.0,700.0
11190,2026-03-23,East,Product D,Accessory,CUST1556,Loyal,Online,2,1200,5,2280.0,1440.0,840.0
11191,2026-03-23,North,Product C,Accessory,CUST1463,Loyal,Online,1,300,0,300.0,180.0,120.0
11192,2026-03-23,South,Product B,Core,CUST1192,Champions,Online,2,750,20,1200.0,900.0,300.0
11193,2026-03-23,South,Product A,Core,CUST1122,Champions,Online,1,500,0,500.0,300.0,200.0
11194,2026-03-23,West,Product C,Accessory,CUST1325,At Risk,Partner,2,300,5,570.0,360.0,210.0
11195,2026-03-23,North,Product B,Core,CUST1351,Loyal,Retail Store,1,750,0,750.0,450.0,300.0
11196,2026-03-23,West,Product B,Core,CUST1581,New,Online,2,750,5,1425.0,900.0,525.0
11197,2026-03-23,North,Product D,Accessory,CUST1143,New,Online,1,1200,0,1200.0,720.0,480.0
11198,2026-03-23,South,Product A,Core,CUST1191,Loyal,Online,1,500,0,500.0,300.0,200.0
11199,2026-03-23,West,Product B,Core,CUST1070,Loyal,Online,2,750,0,1500.0,900.0,600.0
11200,2026-03-23,North,Product C,Accessory,CUST1343,New,Retail Store,2,300,10,540.0,360.0,180.0
11201,2026-03-23,North,Product A,Core,CUST1573,At Risk,Retail Store,1,500,15,425.0,300.0,125.0
11202,2026-03-23,North,Product C,Accessory,CUST1523,At Risk,Retail Store,3,300,0,900.0,540.0,360.0
11203,2026-03-23,North,Product D,Accessory,CUST1256,At Risk,Online,2,1200,0,2400.0,1440.0,960.0
11204,2026-03-23,West,Product A,Core,CUST1315,Loyal,Retail Store,1,500,5,475.0,300.0,175.0
11205,2026-03-23,North,Product A,Core,CUST1299,At Risk,Online,1,500,0,500.0,300.0,200.0
11206,2026-03-24,West,Product B,Core,CUST1389,Lost,Partner,2,750,5,1425.0,900.0,525.0
11207,2026-03-24,North,Product A,Core,CUST1447,At Risk,Online,3,500,20,1200.0,900.0,300.0
11208,2026-03-24,East,Product B,Core,CUST1312,Loyal,Retail Store,1,750,0,750.0,450.0,300.0
11209,2026-03-24,East,Product C,Accessory,CUST1223,Lost,Online,4,300,15,1020.0,720.0,300.0
11210,2026-03-24,South,Product A,Core,CUST1091,At Risk,Online,1,500,0,500.0,300.0,200.0
11211,2026-03-24,South,Product C,Accessory,CUST1293,Champions,Partner,1,300,0,300.0,180.0,120.0
11212,2026-03-24,East,Product D,Accessory,CUST1559,New,Retail Store,4,1200,10,4320.0,2880.0,1440.0
11213,2026-03-24,North,Product A,Core,CUST1255,At Risk,Online,2,500,0,1000.0,600.0,400.0
11214,2026-03-24,West,Product D,Accessory,CUST1440,Lost,Retail Store,4,1200,0,4800.0,2880.0,1920.0
11215,2026-03-24,North,Product C,Accessory,CUST1454,Champions,Online,3,300,5,855.0,540.0,315.0
11216,2026-03-24,North,Product A,Core,CUST1160,Champions,Retail Store,2,500,5,950.0,600.0,350.0
11217,2026-03-24,East,Product C,Accessory,CUST1510,Champions,Retail Store,1,300,5,285.0,180.0,105.0
11218,2026-03-24,East,Product A,Core,CUST1354,New,Partner,4,500,0,2000.0,1200.0,800.0
11219,2026-03-24,North,Product A,Core,CUST1560,Champions,Retail Store,4,500,10,1800.0,1200.0,600.0
11220,2026-03-24,South,Product B,Core,CUST1226,Champions,Online,2,750,0,1500.0,900.0,600.0
11221,2026-03-24,South,Product D,Accessory,CUST1317,At Risk,Partner,3,1200,5,3420.0,2160.0,1260.0
11222,2026-03-24,East,Product A,Core,CUST1034,New,Online,4,500,0,2000.0,1200.0,800.0
11223,2026-03-24,North,Product A,Core,CUST1112,Loyal,Partner,4,500,0,2000.0,1200.0,800.0
11224,2026-03-24,West,Product C,Accessory,CUST1556,Loyal,Online,2,300,10,540.0,360.0,180.0
11225,2026-03-24,North,Product B,Core,CUST1341,Lost,Online,3,750,10,2025.0,1350.0,675.0
11226,2026-03-24,West,Product C,Accessory,CUST1449,At Risk,Retail Store,3,300,5,855.0,540.0,315.0
11227,2026-03-24,South,Product A,Core,CUST1402,At Risk,Retail Store,3,500,5,1425.0,900.0,525.0
11228,2026-03-24,West,Product C,Accessory,CUST1546,Loyal,Online,2,300,0,600.0,360.0,240.0
11229,2026-03-24,South,Product B,Core,CUST1561,Loyal,Online,1,750,10,675.0,450.0,225.0
11230,2026-03-24,East,Product B,Core,CUST1540,Lost,Online,1,750,0,750.0,450.0,300.0
11231,2026-03-24,North,Product A,Core,CUST1438,At Risk,Online,4,500,0,2000.0,1200.0,800.0
11232,2026-03-24,North,Product D,Accessory,CUST1390,At Risk,Retail Store,2,1200,5,2280.0,1440.0,840.0
11233,2026-03-24,South,Product B,Core,CUST1162,Loyal,Online,1,750,15,637.5,450.0,187.5
11234,2026-03-24,East,Product A,Core,CUST1379,At Risk,Retail Store,1,500,15,425.0,300.0,125.0
11235,2026-03-24,North,Product A,Core,CUST1371,Loyal,Retail Store,4,500,0,2000.0,1200.0,800.0
11236,2026-03-24,North,Product B,Core,CUST1052,At Risk,Retail Store,2,750,15,1275.0,900.0,375.0
11237,2026-03-24,West,Product C,Accessory,CUST1078,New,Online,4,300,0,1200.0,720.0,480.0
11238,2026-03-24,North,Product D,Accessory,CUST1321,New,Online,4,1200,0,4800.0,2880.0,1920.0
11239,2026-03-24,North,Product C,Accessory,CUST1342,At Risk,Retail Store,1,300,0,300.0,180.0,120.0
11240,2026-03-24,North,Product D,Accessory,CUST1443,Loyal,Online,3,1200,15,3060.0,2160.0,900.0
11241,2026-03-24,West,Product C,Accessory,CUST1131,Lost,Retail Store,3,300,0,900.0,540.0,360.0
11242,2026-03-24,East,Product B,Core,CUST1241,At Risk,Partner,3,750,5,2137.5,1350.0,787.5
11243,2026-03-24,East,Product D,Accessory,CUST1009,New,Retail Store,4,1200,0,4800.0,2880.0,1920.0
11244,2026-03-24,South,Product D,Accessory,CUST1256,At Risk,Retail Store,4,1200,10,4320.0,2880.0,1440.0
11245,2026-03-24,South,Product B,Core,CUST1524,Champions,Online,4,750,10,2700.0,1800.0,900.0
11246,2026-03-24,West,Product A,Core,CUST1194,Loyal,Online,3,500,0,1500.0,900.0,600.0
11247,2026-03-24,South,Product A,Core,CUST1100,Lost,Partner,4,500,0,2000.0,1200.0,800.0
11248,2026-03-24,West,Product B,Core,CUST1342,At Risk,Retail Store,3,750,0,2250.0,1350.0,900.0
11249,2026-03-24,North,Product B,Core,CUST1471,New,Retail Store,4,750,15,2550.0,1800.0,750.0
11250,2026-03-24,South,Product C,Accessory,CUST1441,Loyal,Online,3,300,0,900.0,540.0,360.0
11251,2026-03-24,South,Product A,Core,CUST1582,Champions,Retail Store,3,500,0,1500.0,900.0,600.0
11252,2026-03-24,South,Product A,Core,CUST1286,Champions,Retail Store,1,500,10,450.0,300.0,150.0
11253,2026-03-24,East,Product A,Core,CUST1262,Loyal,Online,3,500,20,1200.0,900.0,300.0
11254,2026-03-24,East,Product D,Accessory,CUST1284,New,Online,1,1200,10,1080.0,720.0,360.0
11255,2026-03-24,South,Product B,Core,CUST1382,At Risk,Partner,3,750,15,1912.5,1350.0,562.5
11256,2026-03-24,South,Product B,Core,CUST1031,Lost,Online,3,750,15,1912.5,1350.0,562.5
11257,2026-03-25,West,Product A,Core,CUST1416,Champions,Online,4,500,10,1800.0,1200.0,600.0
11258,2026-03-25,South,Product B,Core,CUST1026,New,Online,1,750,0,750.0,450.0,300.0
11259,2026-03-25,North,Product B,Core,CUST1185,At Risk,Retail Store,2,750,0,1500.0,900.0,600.0
11260,2026-03-25,South,Product B,Core,CUST1554,Champions,Online,3,750,0,2250.0,1350.0,900.0
11261,2026-03-25,South,Product B,Core,CUST1203,Champions,Online,3,750,5,2137.5,1350.0,787.5
11262,2026-03-25,North,Product A,Core,CUST1456,Lost,Online,1,500,10,450.0,300.0,150.0
11263,2026-03-25,South,Product A,Core,CUST1340,Champions,Online,4,500,0,2000.0,1200.0,800.0
11264,2026-03-25,West,Product B,Core,CUST1541,New,Online,1,750,0,750.0,450.0,300.0
11265,2026-03-25,East,Product B,Core,CUST1089,New,Online,2,750,0,1500.0,900.0,600.0
11266,2026-03-25,East,Product B,Core,CUST1152,Champions,Online,1,750,5,712.5,450.0,262.5
11267,2026-03-25,West,Product D,Accessory,CUST1132,New,Retail Store,4,1200,5,4560.0,2880.0,1680.0
11268,2026-03-25,East,Product A,Core,CUST1341,Lost,Retail Store,4,500,0,2000.0,1200.0,800.0
11269,2026-03-25,West,Product C,Accessory,CUST1553,Lost,Partner,2,300,0,600.0,360.0,240.0
11270,2026-03-25,North,Product A,Core,CUST1272,Champions,Online,3,500,0,1500.0,900.0,600.0
11271,2026-03-25,North,Product B,Core,CUST1175,Champions,Retail Store,1,750,10,675.0,450.0,225.0
11272,2026-03-25,North,Product A,Core,CUST1473,Champions,Partner,1,500,5,475.0,300.0,175.0
11273,2026-03-25,North,Product D,Accessory,CUST1398,New,Retail Store,1,1200,0,1200.0,720.0,480.0
11274,2026-03-25,South,Product A,Core,CUST1153,New,Partner,2,500,10,900.0,600.0,300.0
11275,2026-03-25,West,Product B,Core,CUST1590,Lost,Retail Store,1,750,0,750.0,450.0,300.0
11276,2026-03-25,South,Product B,Core,CUST1094,Loyal,Online,3,750,0,2250.0,1350.0,900.0
11277,2026-03-25,North,Product A,Core,CUST1384,Loyal,Online,4,500,0,2000.0,1200.0,800.0
11278,2026-03-25,East,Product C,Accessory,CUST1414,Champions,Partner,2,300,0,600.0,360.0,240.0
11279,2026-03-25,North,Product B,Core,CUST1412,Champions,Online,3,750,5,2137.5,1350.0,787.5
11280,2026-03-25,East,Product D,Accessory,CUST1408,Champions,Retail Store,2,1200,5,2280.0,1440.0,840.0
11281,2026-03-25,South,Product A,Core,CUST1341,Lost,Online,4,500,10,1800.0,1200.0,600.0
11282,2026-03-25,North,Product C,Accessory,CUST1346,Lost,Partner,1,300,0,300.0,180.0,120.0
11283,2026-03-25,East,Product B,Core,CUST1262,Loyal,Online,2,750,10,1350.0,900.0,450.0
11284,2026-03-25,South,Product D,Accessory,CUST1240,At Risk,Online,2,1200,5,2280.0,1440.0,840.0
11285,2026-03-25,North,Product A,Core,CUST1071,New,Online,3,500,10,1350.0,900.0,450.0
11286,2026-03-25,South,Product C,Accessory,CUST1111,Loyal,Online,3,300,0,900.0,540.0,360.0
11287,2026-03-25,East,Product A,Core,CUST1175,Champions,Retail Store,1,500,10,450.0,300.0,150.0
11288,2026-03-25,East,Product A,Core,CUST1419,Lost,Online,1,500,10,450.0,300.0,150.0
11289,2026-03-25,South,Product A,Core,CUST1544,Champions,Retail Store,1,500,10,450.0,300.0,150.0
11290,2026-03-25,North,Product A,Core,CUST1599,At Risk,Online,2,500,0,1000.0,600.0,400.0
11291,2026-03-25,East,Product C,Accessory,CUST1022,Lost,Partner,4,300,0,1200.0,720.0,480.0
11292,2026-03-25,North,Product A,Core,CUST1442,At Risk,Online,3,500,0,1500.0,900.0,600.0
11293,2026-03-25,North,Product C,Accessory,CUST1282,Loyal,Online,3,300,0,900.0,540.0,360.0
11294,2026-03-25,North,Product B,Core,CUST1470,New,Retail Store,3,750,0,2250.0,1350.0,900.0
11295,2026-03-25,South,Product B,Core,CUST1477,At Risk,Retail Store,4,750,0,3000.0,1800.0,1200.0
11296,2026-03-25,East,Product C,Accessory,CUST1011,Lost,Online,3,300,20,720.0,540.0,180.0
11297,2026-03-25,North,Product B,Core,CUST1259,New,Partner,4,750,0,3000.0,1800.0,1200.0
11298,2026-03-25,West,Product B,Core,CUST1343,New,Online,3,750,5,2137.5,1350.0,787.5
11299,2026-03-25,West,Product A,Core,CUST1171,New,Online,1,500,0,500.0,300.0,200.0
11300,2026-03-25,East,Product A,Core,CUST1043,Loyal,Online,3,500,0,1500.0,900.0,600.0
11301,2026-03-25,East,Product A,Core,CUST1083,Loyal,Online,1,500,0,500.0,300.0,200.0
11302,2026-03-25,East,Product A,Core,CUST1437,New,Retail Store,2,500,5,950.0,600.0,350.0
11303,2026-03-25,East,Product A,Core,CUST1442,At Risk,Online,4,500,0,2000.0,1200.0,800.0
11304,2026-03-25,West,Product C,Accessory,CUST1416,Champions,Retail Store,3,300,0,900.0,540.0,360.0
11305,2026-03-25,West,Product C,Accessory,CUST1225,Lost,Online,2,300,0,600.0,360.0,240.0
11306,2026-03-25,West,Product A,Core,CUST1171,New,Retail Store,2,500,10,900.0,600.0,300.0
11307,2026-03-26,South,Product C,Accessory,CUST1488,New,Online,1,300,5,285.0,180.0,105.0
11308,2026-03-26,North,Product B,Core,CUST1428,Champions,Retail Store,1,750,20,600.0,450.0,150.0
11309,2026-03-26,West,Product B,Core,CUST1411,At Risk,Retail Store,2,750,20,1200.0,900.0,300.0
11310,2026-03-26,East,Product A,Core,CUST1489,New,Partner,4,500,10,1800.0,1200.0,600.0
11311,2026-03-26,West,Product B,Core,CUST1489,New,Online,4,750,0,3000.0,1800.0,1200.0
11312,2026-03-26,South,Product A,Core,CUST1296,Lost,Online,2,500,20,800.0,600.0,200.0
11313,2026-03-26,East,Product D,Accessory,CUST1570,Loyal,Online,2,1200,10,2160.0,1440.0,720.0
11314,2026-03-26,East,Product B,Core,CUST1131,Lost,Retail Store,4,750,20,2400.0,1800.0,600.0
11315,2026-03-26,East,Product C,Accessory,CUST1060,At Risk,Online,2,300,0,600.0,360.0,240.0
11316,2026-03-26,East,Product C,Accessory,CUST1178,Lost,Retail Store,2,300,0,600.0,360.0,240.0
11317,2026-03-26,North,Product D,Accessory,CUST1060,At Risk,Online,2,1200,0,2400.0,1440.0,960.0
11318,2026-03-26,East,Product D,Accessory,CUST1519,At Risk,Retail Store,3,1200,0,3600.0,2160.0,1440.0
11319,2026-03-26,East,Product A,Core,CUST1273,New,Retail Store,1,500,5,475.0,300.0,175.0
11320,2026-03-26,South,Product A,Core,CUST1128,Champions,Online,4,500,5,1900.0,1200.0,700.0
11321,2026-03-26,West,Product B,Core,CUST1253,Loyal,Online,4,750,20,2400.0,1800.0,600.0
11322,2026-03-26,South,Product C,Accessory,CUST1540,Lost,Retail Store,2,300,15,510.0,360.0,150.0
11323,2026-03-26,East,Product D,Accessory,CUST1006,At Risk,Retail Store,3,1200,0,3600.0,2160.0,1440.0
11324,2026-03-26,East,Product D,Accessory,CUST1058,Champions,Online,3,1200,5,3420.0,2160.0,1260.0
11325,2026-03-26,East,Product D,Accessory,CUST1224,Loyal,Online,1,1200,5,1140.0,720.0,420.0
11326,2026-03-26,North,Product D,Accessory,CUST1017,Champions,Online,2,1200,5,2280.0,1440.0,840.0
11327,2026-03-26,West,Product B,Core,CUST1451,Lost,Online,1,750,20,600.0,450.0,150.0
11328,2026-03-26,North,Product B,Core,CUST1186,Loyal,Retail Store,1,750,15,637.5,450.0,187.5
11329,2026-03-26,North,Product B,Core,CUST1140,New,Online,1,750,20,600.0,450.0,150.0
11330,2026-03-26,North,Product D,Accessory,CUST1266,Loyal,Online,1,1200,15,1020.0,720.0,300.0
11331,2026-03-26,North,Product A,Core,CUST1271,Loyal,Retail Store,3,500,0,1500.0,900.0,600.0
11332,2026-03-26,North,Product C,Accessory,CUST1115,Lost,Retail Store,3,300,0,900.0,540.0,360.0
11333,2026-03-26,West,Product C,Accessory,CUST1557,New,Partner,1,300,5,285.0,180.0,105.0
11334,2026-03-26,South,Product B,Core,CUST1201,Lost,Online,3,750,10,2025.0,1350.0,675.0
11335,2026-03-26,North,Product D,Accessory,CUST1024,At Risk,Online,2,1200,5,2280.0,1440.0,840.0
11336,2026-03-26,South,Product B,Core,CUST1554,Champions,Retail Store,4,750,0,3000.0,1800.0,1200.0
11337,2026-03-26,South,Product B,Core,CUST1049,Champions,Retail Store,1,750,0,750.0,450.0,300.0
11338,2026-03-26,North,Product A,Core,CUST1408,Champions,Retail Store,2,500,0,1000.0,600.0,400.0
11339,2026-03-26,North,Product C,Accessory,CUST1537,Loyal,Online,1,300,5,285.0,180.0,105.0
11340,2026-03-26,West,Product B,Core,CUST1189,Loyal,Retail Store,4,750,0,3000.0,1800.0,1200.0
11341,2026-03-26,South,Product B,Core,CUST1341,Lost,Online,3,750,0,2250.0,1350.0,900.0
11342,2026-03-26,East,Product C,Accessory,CUST1330,At Risk,Online,4,300,0,1200.0,720.0,480.0
11343,2026-03-26,West,Product C,Accessory,CUST1140,New,Online,3,300,0,900.0,540.0,360.0
11344,2026-03-26,West,Product B,Core,CUST1143,New,Online,3,750,0,2250.0,1350.0,900.0
11345,2026-03-26,East,Product B,Core,CUST1134,New,Online,1,750,0,750.0,450.0,300.0
11346,2026-03-27,West,Product C,Accessory,CUST1589,Champions,Online,4,300,15,1020.0,720.0,300.0
11347,2026-03-27,West,Product B,Core,CUST1435,Loyal,Online,3,750,0,2250.0,1350.0,900.0
11348,2026-03-27,North,Product D,Accessory,CUST1508,New,Retail Store,2,1200,0,2400.0,1440.0,960.0
11349,2026-03-27,South,Product A,Core,CUST1505,At Risk,Partner,3,500,5,1425.0,900.0,525.0
11350,2026-03-27,West,Product C,Accessory,CUST1499,New,Online,3,300,0,900.0,540.0,360.0
11351,2026-03-27,West,Product B,Core,CUST1074,Champions,Retail Store,2,750,10,1350.0,900.0,450.0
11352,2026-03-27,South,Product D,Accessory,CUST1121,At Risk,Online,2,1200,10,2160.0,1440.0,720.0
11353,2026-03-27,North,Product D,Accessory,CUST1261,At Risk,Online,3,1200,15,3060.0,2160.0,900.0
11354,2026-03-27,East,Product D,Accessory,CUST1004,Champions,Partner,1,1200,5,1140.0,720.0,420.0
11355,2026-03-27,East,Product B,Core,CUST1533,At Risk,Partner,1,750,0,750.0,450.0,300.0
11356,2026-03-27,West,Product A,Core,CUST1290,At Risk,Online,1,500,0,500.0,300.0,200.0
11357,2026-03-27,North,Product B,Core,CUST1077,At Risk,Retail Store,1,750,0,750.0,450.0,300.0
11358,2026-03-27,East,Product A,Core,CUST1398,New,Retail Store,4,500,0,2000.0,1200.0,800.0
11359,2026-03-27,North,Product C,Accessory,CUST1251,Lost,Retail Store,4,300,15,1020.0,720.0,300.0
11360,2026-03-27,North,Product C,Accessory,CUST1492,At Risk,Online,2,300,20,480.0,360.0,120.0
11361,2026-03-27,East,Product A,Core,CUST1396,At Risk,Online,2,500,10,900.0,600.0,300.0
11362,2026-03-27,West,Product A,Core,CUST1312,Loyal,Retail Store,2,500,0,1000.0,600.0,400.0
11363,2026-03-27,South,Product A,Core,CUST1380,New,Online,1,500,15,425.0,300.0,125.0
11364,2026-03-27,South,Product A,Core,CUST1588,Loyal,Partner,3,500,5,1425.0,900.0,525.0
11365,2026-03-27,North,Product C,Accessory,CUST1475,Loyal,Retail Store,2,300,0,600.0,360.0,240.0
11366,2026-03-27,South,Product C,Accessory,CUST1088,Loyal,Online,2,300,5,570.0,360.0,210.0
11367,2026-03-27,East,Product A,Core,CUST1272,Champions,Retail Store,3,500,0,1500.0,900.0,600.0
11368,2026-03-27,West,Product D,Accessory,CUST1179,At Risk,Online,2,1200,0,2400.0,1440.0,960.0
11369,2026-03-27,North,Product B,Core,CUST1215,At Risk,Retail Store,4,750,0,3000.0,1800.0,1200.0
11370,2026-03-27,South,Product A,Core,CUST1466,At Risk,Retail Store,4,500,0,2000.0,1200.0,800.0
11371,2026-03-27,East,Product B,Core,CUST1392,New,Online,4,750,5,2850.0,1800.0,1050.0
11372,2026-03-27,North,Product B,Core,CUST1103,Lost,Retail Store,1,750,5,712.5,450.0,262.5
11373,2026-03-27,East,Product A,Core,CUST1127,Champions,Retail Store,3,500,0,1500.0,900.0,600.0
11374,2026-03-27,West,Product B,Core,CUST1183,Loyal,Online,3,750,0,2250.0,1350.0,900.0
11375,2026-03-27,West,Product D,Accessory,CUST1437,New,Online,4,1200,5,4560.0,2880.0,1680.0
11376,2026-03-27,East,Product C,Accessory,CUST1499,New,Retail Store,1,300,0,300.0,180.0,120.0
11377,2026-03-27,North,Product D,Accessory,CUST1299,At Risk,Online,2,1200,20,1920.0,1440.0,480.0
11378,2026-03-27,North,Product C,Accessory,CUST1327,New,Online,2,300,5,570.0,360.0,210.0
11379,2026-03-27,North,Product B,Core,CUST1152,Champions,Retail Store,3,750,5,2137.5,1350.0,787.5
11380,2026-03-27,South,Product B,Core,CUST1076,Loyal,Online,3,750,0,2250.0,1350.0,900.0
11381,2026-03-27,South,Product D,Accessory,CUST1186,Loyal,Online,3,1200,5,3420.0,2160.0,1260.0
11382,2026-03-27,East,Product B,Core,CUST1218,Lost,Retail Store,2,750,5,1425.0,900.0,525.0
11383,2026-03-27,South,Product C,Accessory,CUST1523,At Risk,Retail Store,4,300,5,1140.0,720.0,420.0
11384,2026-03-27,North,Product B,Core,CUST1312,Loyal,Partner,4,750,10,2700.0,1800.0,900.0
11385,2026-03-27,West,Product C,Accessory,CUST1571,At Risk,Online,3,300,5,855.0,540.0,315.0
11386,2026-03-27,North,Product A,Core,CUST1175,Champions,Partner,4,500,0,2000.0,1200.0,800.0
11387,2026-03-27,North,Product A,Core,CUST1009,New,Retail Store,4,500,0,2000.0,1200.0,800.0
11388,2026-03-27,East,Product C,Accessory,CUST1336,Champions,Partner,1,300,5,285.0,180.0,105.0
11389,2026-03-27,North,Product A,Core,CUST1271,Loyal,Retail Store,4,500,10,1800.0,1200.0,600.0
11390,2026-03-27,South,Product C,Accessory,CUST1245,Lost,Online,4,300,10,1080.0,720.0,360.0
11391,2026-03-27,South,Product A,Core,CUST1279,Lost,Retail Store,2,500,0,1000.0,600.0,400.0
11392,2026-03-27,South,Product C,Accessory,CUST1177,Lost,Retail Store,1,300,15,255.0,180.0,75.0
11393,2026-03-27,North,Product A,Core,CUST1160,Champions,Online,4,500,20,1600.0,1200.0,400.0
11394,2026-03-27,West,Product C,Accessory,CUST1421,Champions,Partner,3,300,10,810.0,540.0,270.0
11395,2026-03-27,East,Product C,Accessory,CUST1134,New,Online,3,300,0,900.0,540.0,360.0
11396,2026-03-27,South,Product B,Core,CUST1454,Champions,Online,2,750,5,1425.0,900.0,525.0
11397,2026-03-27,North,Product A,Core,CUST1232,Lost,Retail Store,1,500,0,500.0,300.0,200.0
11398,2026-03-27,West,Product A,Core,CUST1498,Loyal,Retail Store,1,500,5,475.0,300.0,175.0
11399,2026-03-27,East,Product C,Accessory,CUST1308,Loyal,Online,4,300,10,1080.0,720.0,360.0
11400,2026-03-27,East,Product A,Core,CUST1323,New,Online,4,500,15,1700.0,1200.0,500.0
11401,2026-03-27,East,Product B,Core,CUST1007,At Risk,Partner,1,750,0,750.0,450.0,300.0
11402,2026-03-27,North,Product C,Accessory,CUST1476,New,Retail Store,1,300,0,300.0,180.0,120.0
11403,2026-03-27,East,Product A,Core,CUST1147,New,Retail Store,4,500,0,2000.0,1200.0,800.0
11404,2026-03-27,South,Product B,Core,CUST1176,New,Online,4,750,15,2550.0,1800.0,750.0
11405,2026-03-28,North,Product B,Core,CUST1146,Loyal,Partner,2,750,10,1350.0,900.0,450.0
11406,2026-03-28,West,Product C,Accessory,CUST1570,Loyal,Online,3,300,5,855.0,540.0,315.0
11407,2026-03-28,North,Product A,Core,CUST1584,Lost,Retail Store,4,500,0,2000.0,1200.0,800.0
11408,2026-03-28,West,Product A,Core,CUST1086,At Risk,Online,2,500,0,1000.0,600.0,400.0
11409,2026-03-28,South,Product D,Accessory,CUST1507,At Risk,Online,2,1200,10,2160.0,1440.0,720.0
11410,2026-03-28,East,Product C,Accessory,CUST1443,Loyal,Retail Store,3,300,5,855.0,540.0,315.0
11411,2026-03-28,East,Product C,Accessory,CUST1133,Loyal,Online,4,300,10,1080.0,720.0,360.0
11412,2026-03-28,East,Product A,Core,CUST1545,New,Online,4,500,0,2000.0,1200.0,800.0
11413,2026-03-28,West,Product A,Core,CUST1331,Loyal,Online,2,500,15,850.0,600.0,250.0
11414,2026-03-28,South,Product C,Accessory,CUST1118,New,Retail Store,4,300,15,1020.0,720.0,300.0
11415,2026-03-28,West,Product B,Core,CUST1264,Lost,Online,4,750,0,3000.0,1800.0,1200.0
11416,2026-03-28,East,Product A,Core,CUST1272,Champions,Online,3,500,5,1425.0,900.0,525.0
11417,2026-03-28,North,Product C,Accessory,CUST1350,At Risk,Online,2,300,5,570.0,360.0,210.0
11418,2026-03-28,East,Product B,Core,CUST1349,Champions,Retail Store,1,750,0,750.0,450.0,300.0
11419,2026-03-28,East,Product C,Accessory,CUST1498,Loyal,Online,3,300,5,855.0,540.0,315.0
11420,2026-03-28,South,Product A,Core,CUST1120,New,Partner,2,500,10,900.0,600.0,300.0
11421,2026-03-28,South,Product A,Core,CUST1020,At Risk,Online,3,500,0,1500.0,900.0,600.0
11422,2026-03-28,North,Product C,Accessory,CUST1422,Champions,Online,3,300,5,855.0,540.0,315.0
11423,2026-03-28,East,Product C,Accessory,CUST1501,Lost,Retail Store,1,300,15,255.0,180.0,75.0
11424,2026-03-28,East,Product A,Core,CUST1385,Lost,Online,3,500,0,1500.0,900.0,600.0
11425,2026-03-28,South,Product D,Accessory,CUST1153,New,Retail Store,2,1200,5,2280.0,1440.0,840.0
11426,2026-03-28,South,Product A,Core,CUST1554,Champions,Online,3,500,5,1425.0,900.0,525.0
11427,2026-03-28,North,Product B,Core,CUST1006,At Risk,Online,3,750,0,2250.0,1350.0,900.0
11428,2026-03-28,South,Product A,Core,CUST1581,New,Retail Store,2,500,0,1000.0,600.0,400.0
11429,2026-03-28,South,Product B,Core,CUST1180,Lost,Partner,2,750,0,1500.0,900.0,600.0
11430,2026-03-28,South,Product A,Core,CUST1090,Loyal,Online,1,500,5,475.0,300.0,175.0
11431,2026-03-28,South,Product A,Core,CUST1227,New,Partner,2,500,15,850.0,600.0,250.0
11432,2026-03-28,North,Product C,Accessory,CUST1253,Loyal,Retail Store,2,300,15,510.0,360.0,150.0
11433,2026-03-28,North,Product A,Core,CUST1363,Champions,Online,4,500,10,1800.0,1200.0,600.0
11434,2026-03-28,East,Product C,Accessory,CUST1489,New,Retail Store,4,300,0,1200.0,720.0,480.0
11435,2026-03-28,East,Product C,Accessory,CUST1185,At Risk,Online,4,300,0,1200.0,720.0,480.0
11436,2026-03-28,East,Product A,Core,CUST1099,Lost,Retail Store,1,500,5,475.0,300.0,175.0
11437,2026-03-28,South,Product A,Core,CUST1403,Champions,Retail Store,1,500,5,475.0,300.0,175.0
11438,2026-03-28,North,Product B,Core,CUST1320,Lost,Online,1,750,0,750.0,450.0,300.0
11439,2026-03-28,South,Product B,Core,CUST1083,Loyal,Online,2,750,0,1500.0,900.0,600.0
11440,2026-03-28,South,Product C,Accessory,CUST1281,Loyal,Retail Store,1,300,10,270.0,180.0,90.0
11441,2026-03-28,North,Product A,Core,CUST1221,New,Online,1,500,0,500.0,300.0,200.0
11442,2026-03-28,West,Product B,Core,CUST1503,New,Retail Store,3,750,15,1912.5,1350.0,562.5
11443,2026-03-28,West,Product B,Core,CUST1065,New,Online,1,750,5,712.5,450.0,262.5
11444,2026-03-28,South,Product B,Core,CUST1575,New,Online,4,750,0,3000.0,1800.0,1200.0
11445,2026-03-28,East,Product B,Core,CUST1242,Loyal,Retail Store,1,750,10,675.0,450.0,225.0
11446,2026-03-28,East,Product B,Core,CUST1418,Loyal,Retail Store,3,750,5,2137.5,1350.0,787.5
11447,2026-03-28,East,Product B,Core,CUST1482,New,Retail Store,4,750,0,3000.0,1800.0,1200.0
11448,2026-03-28,North,Product A,Core,CUST1095,At Risk,Online,2,500,0,1000.0,600.0,400.0
11449,2026-03-28,North,Product C,Accessory,CUST1502,Lost,Online,2,300,20,480.0,360.0,120.0
11450,2026-03-28,East,Product A,Core,CUST1570,Loyal,Partner,1,500,10,450.0,300.0,150.0
11451,2026-03-28,East,Product C,Accessory,CUST1039,At Risk,Online,1,300,10,270.0,180.0,90.0
11452,2026-03-28,West,Product A,Core,CUST1178,Lost,Online,3,500,20,1200.0,900.0,300.0
11453,2026-03-28,North,Product C,Accessory,CUST1081,New,Retail Store,1,300,0,300.0,180.0,120.0
11454,2026-03-28,West,Product D,Accessory,CUST1140,New,Online,4,1200,10,4320.0,2880.0,1440.0
11455,2026-03-28,East,Product B,Core,CUST1285,New,Retail Store,2,750,5,1425.0,900.0,525.0
11456,2026-03-28,North,Product A,Core,CUST1443,Loyal,Online,1,500,5,475.0,300.0,175.0
11457,2026-03-29,West,Product A,Core,CUST1313,Loyal,Retail Store,4,500,10,1800.0,1200.0,600.0
11458,2026-03-29,West,Product B,Core,CUST1053,At Risk,Retail Store,2,750,15,1275.0,900.0,375.0
11459,2026-03-29,West,Product C,Accessory,CUST1313,Loyal,Online,4,300,20,960.0,720.0,240.0
11460,2026-03-29,North,Product B,Core,CUST1329,Loyal,Retail Store,1,750,5,712.5,450.0,262.5
11461,2026-03-29,East,Product A,Core,CUST1343,New,Online,3,500,0,1500.0,900.0,600.0
11462,2026-03-29,North,Product B,Core,CUST1197,Lost,Retail Store,4,750,10,2700.0,1800.0,900.0
11463,2026-03-29,West,Product B,Core,CUST1115,Lost,Online,1,750,5,712.5,450.0,262.5
11464,2026-03-29,North,Product D,Accessory,CUST1007,At Risk,Online,4,1200,0,4800.0,2880.0,1920.0
11465,2026-03-29,South,Product D,Accessory,CUST1240,At Risk,Online,3,1200,5,3420.0,2160.0,1260.0
11466,2026-03-29,North,Product B,Core,CUST1282,Loyal,Retail Store,2,750,0,1500.0,900.0,600.0
11467,2026-03-29,East,Product A,Core,CUST1486,New,Retail Store,2,500,10,900.0,600.0,300.0
11468,2026-03-29,North,Product B,Core,CUST1087,New,Partner,3,750,5,2137.5,1350.0,787.5
11469,2026-03-29,North,Product A,Core,CUST1159,At Risk,Retail Store,3,500,10,1350.0,900.0,450.0
11470,2026-03-29,East,Product C,Accessory,CUST1130,Loyal,Online,1,300,0,300.0,180.0,120.0
11471,2026-03-29,North,Product A,Core,CUST1572,New,Online,2,500,15,850.0,600.0,250.0
11472,2026-03-29,East,Product A,Core,CUST1201,Lost,Online,4,500,5,1900.0,1200.0,700.0
11473,2026-03-29,West,Product B,Core,CUST1422,Champions,Online,1,750,5,712.5,450.0,262.5
11474,2026-03-29,South,Product B,Core,CUST1582,Champions,Online,2,750,15,1275.0,900.0,375.0
11475,2026-03-29,East,Product B,Core,CUST1399,New,Online,3,750,5,2137.5,1350.0,787.5
11476,2026-03-29,South,Product C,Accessory,CUST1434,Champions,Online,4,300,0,1200.0,720.0,480.0
11477,2026-03-29,East,Product A,Core,CUST1008,Champions,Partner,1,500,10,450.0,300.0,150.0
11478,2026-03-29,West,Product A,Core,CUST1517,At Risk,Online,1,500,15,425.0,300.0,125.0
11479,2026-03-29,North,Product A,Core,CUST1182,New,Retail Store,1,500,10,450.0,300.0,150.0
11480,2026-03-29,North,Product C,Accessory,CUST1231,New,Online,2,300,5,570.0,360.0,210.0
11481,2026-03-29,South,Product D,Accessory,CUST1407,At Risk,Online,2,1200,10,2160.0,1440.0,720.0
11482,2026-03-29,East,Product A,Core,CUST1382,At Risk,Online,3,500,0,1500.0,900.0,600.0
11483,2026-03-29,East,Product B,Core,CUST1388,Champions,Online,2,750,0,1500.0,900.0,600.0
11484,2026-03-29,West,Product B,Core,CUST1285,New,Online,4,750,0,3000.0,1800.0,1200.0
11485,2026-03-29,North,Product A,Core,CUST1049,Champions,Partner,1,500,5,475.0,300.0,175.0
11486,2026-03-29,South,Product B,Core,CUST1194,Loyal,Retail Store,3,750,10,2025.0,1350.0,675.0
11487,2026-03-29,North,Product D,Accessory,CUST1042,At Risk,Online,1,1200,0,1200.0,720.0,480.0
11488,2026-03-29,North,Product B,Core,CUST1024,At Risk,Partner,2,750,20,1200.0,900.0,300.0
11489,2026-03-29,East,Product D,Accessory,CUST1086,At Risk,Online,1,1200,0,1200.0,720.0,480.0
11490,2026-03-29,North,Product C,Accessory,CUST1489,New,Online,1,300,0,300.0,180.0,120.0
11491,2026-03-29,South,Product C,Accessory,CUST1044,At Risk,Online,4,300,20,960.0,720.0,240.0
11492,2026-03-29,West,Product C,Accessory,CUST1054,At Risk,Retail Store,2,300,10,540.0,360.0,180.0
11493,2026-03-29,South,Product D,Accessory,CUST1364,At Risk,Online,4,1200,10,4320.0,2880.0,1440.0
11494,2026-03-29,South,Product C,Accessory,CUST1017,Champions,Online,4,300,0,1200.0,720.0,480.0
11495,2026-03-29,South,Product D,Accessory,CUST1276,Loyal,Retail Store,2,1200,5,2280.0,1440.0,840.0
11496,2026-03-29,North,Product D,Accessory,CUST1197,Lost,Online,3,1200,0,3600.0,2160.0,1440.0
11497,2026-03-29,North,Product B,Core,CUST1422,Champions,Online,3,750,5,2137.5,1350.0,787.5
11498,2026-03-29,West,Product B,Core,CUST1283,Loyal,Retail Store,1,750,10,675.0,450.0,225.0
11499,2026-03-29,West,Product D,Accessory,CUST1313,Loyal,Partner,3,1200,0,3600.0,2160.0,1440.0
11500,2026-03-29,West,Product D,Accessory,CUST1331,Loyal,Online,4,1200,10,4320.0,2880.0,1440.0
11501,2026-03-29,North,Product B,Core,CUST1162,Loyal,Retail Store,2,750,0,1500.0,900.0,600.0
11502,2026-03-29,South,Product C,Accessory,CUST1077,At Risk,Retail Store,3,300,0,900.0,540.0,360.0
11503,2026-03-29,West,Product C,Accessory,CUST1448,Champions,Online,1,300,5,285.0,180.0,105.0
11504,2026-03-29,South,Product A,Core,CUST1537,Loyal,Online,1,500,0,500.0,300.0,200.0
11505,2026-03-30,South,Product B,Core,CUST1555,Loyal,Online,3,750,0,2250.0,1350.0,900.0
11506,2026-03-30,North,Product B,Core,CUST1491,At Risk,Online,2,750,0,1500.0,900.0,600.0
11507,2026-03-30,South,Product B,Core,CUST1152,Champions,Retail Store,3,750,0,2250.0,1350.0,900.0
11508,2026-03-30,South,Product C,Accessory,CUST1545,New,Partner,2,300,0,600.0,360.0,240.0
11509,2026-03-30,South,Product B,Core,CUST1038,Loyal,Retail Store,2,750,5,1425.0,900.0,525.0
11510,2026-03-30,East,Product D,Accessory,CUST1360,Lost,Partner,3,1200,15,3060.0,2160.0,900.0
11511,2026-03-30,South,Product D,Accessory,CUST1283,Loyal,Online,4,1200,5,4560.0,2880.0,1680.0
11512,2026-03-30,North,Product B,Core,CUST1021,Loyal,Retail Store,1,750,0,750.0,450.0,300.0
11513,2026-03-30,East,Product B,Core,CUST1486,New,Online,3,750,5,2137.5,1350.0,787.5
11514,2026-03-30,West,Product A,Core,CUST1031,Lost,Online,3,500,10,1350.0,900.0,450.0
11515,2026-03-30,North,Product B,Core,CUST1034,New,Online,2,750,5,1425.0,900.0,525.0
11516,2026-03-30,West,Product B,Core,CUST1029,At Risk,Online,4,750,0,3000.0,1800.0,1200.0
11517,2026-03-30,South,Product A,Core,CUST1522,Loyal,Retail Store,4,500,5,1900.0,1200.0,700.0
11518,2026-03-30,South,Product B,Core,CUST1562,At Risk,Online,3,750,0,2250.0,1350.0,900.0
11519,2026-03-30,North,Product C,Accessory,CUST1249,New,Online,1,300,20,240.0,180.0,60.0
11520,2026-03-30,South,Product B,Core,CUST1346,Lost,Online,4,750,0,3000.0,1800.0,1200.0
11521,2026-03-30,South,Product D,Accessory,CUST1136,Lost,Partner,4,1200,10,4320.0,2880.0,1440.0
11522,2026-03-30,East,Product C,Accessory,CUST1285,New,Online,3,300,0,900.0,540.0,360.0
11523,2026-03-30,South,Product A,Core,CUST1423,Champions,Online,2,500,5,950.0,600.0,350.0
11524,2026-03-30,North,Product A,Core,CUST1443,Loyal,Online,2,500,5,950.0,600.0,350.0
11525,2026-03-30,South,Product A,Core,CUST1465,At Risk,Retail Store,4,500,5,1900.0,1200.0,700.0
11526,2026-03-30,North,Product C,Accessory,CUST1005,Lost,Online,4,300,0,1200.0,720.0,480.0
11527,2026-03-30,North,Product C,Accessory,CUST1535,Loyal,Partner,4,300,0,1200.0,720.0,480.0
11528,2026-03-30,West,Product A,Core,CUST1044,At Risk,Retail Store,2,500,0,1000.0,600.0,400.0
11529,2026-03-30,West,Product D,Accessory,CUST1008,Champions,Retail Store,4,1200,0,4800.0,2880.0,1920.0
11530,2026-03-30,North,Product C,Accessory,CUST1478,At Risk,Partner,3,300,0,900.0,540.0,360.0
11531,2026-03-30,South,Product C,Accessory,CUST1066,New,Partner,4,300,0,1200.0,720.0,480.0
11532,2026-03-30,South,Product A,Core,CUST1457,New,Online,2,500,5,950.0,600.0,350.0
11533,2026-03-30,South,Product B,Core,CUST1238,Champions,Retail Store,3,750,0,2250.0,1350.0,900.0
11534,2026-03-30,East,Product C,Accessory,CUST1192,Champions,Online,4,300,5,1140.0,720.0,420.0
11535,2026-03-30,West,Product B,Core,CUST1362,Champions,Partner,2,750,10,1350.0,900.0,450.0
11536,2026-03-30,West,Product A,Core,CUST1103,Lost,Online,3,500,15,1275.0,900.0,375.0
11537,2026-03-30,West,Product D,Accessory,CUST1150,At Risk,Retail Store,1,1200,15,1020.0,720.0,300.0
11538,2026-03-30,East,Product B,Core,CUST1011,Lost,Retail Store,1,750,0,750.0,450.0,300.0
11539,2026-03-30,West,Product D,Accessory,CUST1137,New,Online,4,1200,0,4800.0,2880.0,1920.0
11540,2026-03-30,South,Product A,Core,CUST1363,Champions,Retail Store,4,500,5,1900.0,1200.0,700.0
11541,2026-03-30,North,Product B,Core,CUST1063,At Risk,Retail Store,4,750,0,3000.0,1800.0,1200.0
11542,2026-03-30,North,Product D,Accessory,CUST1078,New,Online,3,1200,0,3600.0,2160.0,1440.0
11543,2026-03-30,North,Product B,Core,CUST1258,Champions,Online,1,750,0,750.0,450.0,300.0
11544,2026-03-30,East,Product A,Core,CUST1402,At Risk,Online,3,500,5,1425.0,900.0,525.0
11545,2026-03-30,North,Product D,Accessory,CUST1252,New,Online,4,1200,0,4800.0,2880.0,1920.0
11546,2026-03-30,East,Product A,Core,CUST1260,Champions,Retail Store,1,500,5,475.0,300.0,175.0
11547,2026-03-31,North,Product A,Core,CUST1525,Loyal,Retail Store,3,500,0,1500.0,900.0,600.0
11548,2026-03-31,East,Product C,Accessory,CUST1097,Champions,Online,4,300,5,1140.0,720.0,420.0
11549,2026-03-31,East,Product A,Core,CUST1108,Champions,Online,1,500,10,450.0,300.0,150.0
11550,2026-03-31,North,Product B,Core,CUST1008,Champions,Online,3,750,0,2250.0,1350.0,900.0
11551,2026-03-31,East,Product B,Core,CUST1415,Loyal,Retail Store,2,750,0,1500.0,900.0,600.0
11552,2026-03-31,West,Product B,Core,CUST1341,Lost,Online,3,750,5,2137.5,1350.0,787.5
11553,2026-03-31,East,Product B,Core,CUST1018,At Risk,Online,4,750,10,2700.0,1800.0,900.0
11554,2026-03-31,East,Product C,Accessory,CUST1123,New,Online,4,300,10,1080.0,720.0,360.0
11555,2026-03-31,West,Product B,Core,CUST1516,Loyal,Partner,1,750,0,750.0,450.0,300.0
11556,2026-03-31,North,Product B,Core,CUST1214,At Risk,Online,2,750,5,1425.0,900.0,525.0
11557,2026-03-31,West,Product C,Accessory,CUST1146,Loyal,Online,1,300,5,285.0,180.0,105.0
11558,2026-03-31,West,Product B,Core,CUST1075,Loyal,Retail Store,1,750,5,712.5,450.0,262.5
11559,2026-03-31,West,Product C,Accessory,CUST1573,At Risk,Retail Store,3,300,10,810.0,540.0,270.0
11560,2026-03-31,South,Product B,Core,CUST1464,New,Retail Store,3,750,0,2250.0,1350.0,900.0
11561,2026-03-31,East,Product B,Core,CUST1398,New,Online,2,750,20,1200.0,900.0,300.0
11562,2026-03-31,West,Product B,Core,CUST1482,New,Retail Store,2,750,20,1200.0,900.0,300.0
11563,2026-03-31,North,Product A,Core,CUST1204,Champions,Online,3,500,10,1350.0,900.0,450.0
11564,2026-03-31,North,Product B,Core,CUST1148,New,Retail Store,3,750,5,2137.5,1350.0,787.5
11565,2026-03-31,South,Product C,Accessory,CUST1115,Lost,Online,3,300,10,810.0,540.0,270.0
11566,2026-03-31,South,Product A,Core,CUST1106,New,Partner,3,500,10,1350.0,900.0,450.0
11567,2026-03-31,North,Product C,Accessory,CUST1238,Champions,Online,2,300,0,600.0,360.0,240.0
11568,2026-03-31,South,Product D,Accessory,CUST1197,Lost,Retail Store,2,1200,10,2160.0,1440.0,720.0
11569,2026-03-31,South,Product A,Core,CUST1355,New,Online,1,500,5,475.0,300.0,175.0
11570,2026-03-31,West,Product D,Accessory,CUST1206,Champions,Online,1,1200,0,1200.0,720.0,480.0
11571,2026-03-31,West,Product A,Core,CUST1597,At Risk,Retail Store,1,500,5,475.0,300.0,175.0
11572,2026-03-31,North,Product C,Accessory,CUST1592,Loyal,Online,1,300,0,300.0,180.0,120.0
11573,2026-03-31,West,Product B,Core,CUST1533,At Risk,Online,4,750,20,2400.0,1800.0,600.0
11574,2026-03-31,South,Product D,Accessory,CUST1073,Loyal,Retail Store,3,1200,0,3600.0,2160.0,1440.0
11575,2026-03-31,East,Product B,Core,CUST1080,At Risk,Partner,4,750,15,2550.0,1800.0,750.0
11576,2026-03-31,West,Product B,Core,CUST1400,Loyal,Online,1,750,0,750.0,450.0,300.0
11577,2026-03-31,West,Product A,Core,CUST1266,Loyal,Retail Store,3,500,5,1425.0,900.0,525.0
11578,2026-03-31,North,Product B,Core,CUST1516,Loyal,Retail Store,3,750,0,2250.0,1350.0,900.0
11579,2026-03-31,East,Product B,Core,CUST1080,At Risk,Retail Store,2,750,15,1275.0,900.0,375.0
11580,2026-03-31,West,Product B,Core,CUST1189,Loyal,Online,2,750,5,1425.0,900.0,525.0
11581,2026-03-31,North,Product B,Core,CUST1575,New,Retail Store,1,750,10,675.0,450.0,225.0
11582,2026-03-31,North,Product B,Core,CUST1000,At Risk,Partner,3,750,0,2250.0,1350.0,900.0
11583,2026-03-31,West,Product A,Core,CUST1145,Loyal,Online,3,500,20,1200.0,900.0,300.0
11584,2026-03-31,West,Product B,Core,CUST1294,At Risk,Retail Store,3,750,10,2025.0,1350.0,675.0
11585,2026-03-31,East,Product B,Core,CUST1307,At Risk,Partner,1,750,5,712.5,450.0,262.5
11586,2026-03-31,North,Product A,Core,CUST1041,At Risk,Online,1,500,5,475.0,300.0,175.0
11587,2026-03-31,East,Product C,Accessory,CUST1127,Champions,Online,1,300,5,285.0,180.0,105.0
11588,2026-03-31,East,Product B,Core,CUST1267,Loyal,Retail Store,1,750,5,712.5,450.0,262.5
11589,2026-03-31,North,Product C,Accessory,CUST1238,Champions,Retail Store,2,300,5,570.0,360.0,210.0
11590,2026-03-31,North,Product C,Accessory,CUST1272,Champions,Online,1,300,0,300.0,180.0,120.0
11591,2026-03-31,North,Product C,Accessory,CUST1593,New,Retail Store,4,300,5,1140.0,720.0,420.0
11592,2026-03-31,East,Product A,Core,CUST1451,Lost,Online,3,500,15,1275.0,900.0,375.0
11593,2026-03-31,East,Product B,Core,CUST1125,New,Online,2,750,10,1350.0,900.0,450.0
11594,2026-04-01,North,Product C,Accessory,CUST1589,Champions,Online,2,300,5,570.0,360.0,210.0
11595,2026-04-01,South,Product D,Accessory,CUST1120,New,Partner,2,1200,10,2160.0,1440.0,720.0
11596,2026-04-01,East,Product A,Core,CUST1172,Loyal,Online,1,500,0,500.0,300.0,200.0
11597,2026-04-01,North,Product B,Core,CUST1553,Lost,Online,3,750,10,2025.0,1350.0,675.0
11598,2026-04-01,East,Product C,Accessory,CUST1563,At Risk,Online,1,300,15,255.0,180.0,75.0
11599,2026-04-01,East,Product C,Accessory,CUST1449,At Risk,Online,4,300,0,1200.0,720.0,480.0
11600,2026-04-01,East,Product A,Core,CUST1599,At Risk,Retail Store,3,500,5,1425.0,900.0,525.0
11601,2026-04-01,North,Product C,Accessory,CUST1109,Lost,Retail Store,1,300,15,255.0,180.0,75.0
11602,2026-04-01,South,Product B,Core,CUST1017,Champions,Online,3,750,10,2025.0,1350.0,675.0
11603,2026-04-01,West,Product A,Core,CUST1302,New,Retail Store,3,500,10,1350.0,900.0,450.0
11604,2026-04-01,South,Product A,Core,CUST1424,At Risk,Online,4,500,0,2000.0,1200.0,800.0
11605,2026-04-01,East,Product A,Core,CUST1244,At Risk,Online,4,500,10,1800.0,1200.0,600.0
11606,2026-04-01,West,Product D,Accessory,CUST1226,Champions,Retail Store,4,1200,0,4800.0,2880.0,1920.0
11607,2026-04-01,West,Product D,Accessory,CUST1332,At Risk,Online,3,1200,0,3600.0,2160.0,1440.0
11608,2026-04-01,East,Product C,Accessory,CUST1276,Loyal,Online,2,300,5,570.0,360.0,210.0
11609,2026-04-01,North,Product D,Accessory,CUST1542,At Risk,Online,2,1200,15,2040.0,1440.0,600.0
11610,2026-04-01,West,Product A,Core,CUST1004,Champions,Online,1,500,0,500.0,300.0,200.0
11611,2026-04-01,East,Product A,Core,CUST1541,New,Online,3,500,5,1425.0,900.0,525.0
11612,2026-04-01,South,Product A,Core,CUST1188,At Risk,Online,1,500,0,500.0,300.0,200.0
11613,2026-04-01,West,Product A,Core,CUST1300,At Risk,Online,2,500,10,900.0,600.0,300.0
11614,2026-04-01,West,Product C,Accessory,CUST1259,New,Retail Store,3,300,5,855.0,540.0,315.0
11615,2026-04-01,West,Product C,Accessory,CUST1406,Loyal,Online,1,300,0,300.0,180.0,120.0
11616,2026-04-01,North,Product C,Accessory,CUST1052,At Risk,Retail Store,1,300,5,285.0,180.0,105.0
11617,2026-04-01,South,Product B,Core,CUST1545,New,Online,4,750,5,2850.0,1800.0,1050.0
11618,2026-04-01,West,Product A,Core,CUST1110,New,Partner,2,500,0,1000.0,600.0,400.0
11619,2026-04-01,North,Product B,Core,CUST1385,Lost,Online,1,750,5,712.5,450.0,262.5
11620,2026-04-01,South,Product B,Core,CUST1594,Champions,Retail Store,3,750,10,2025.0,1350.0,675.0
11621,2026-04-01,West,Product C,Accessory,CUST1371,Loyal,Partner,1,300,15,255.0,180.0,75.0
11622,2026-04-01,South,Product A,Core,CUST1538,Loyal,Online,3,500,10,1350.0,900.0,450.0
11623,2026-04-01,South,Product A,Core,CUST1442,At Risk,Retail Store,1,500,0,500.0,300.0,200.0
11624,2026-04-01,East,Product A,Core,CUST1561,Loyal,Online,2,500,0,1000.0,600.0,400.0
11625,2026-04-01,East,Product C,Accessory,CUST1240,At Risk,Online,1,300,10,270.0,180.0,90.0
11626,2026-04-01,East,Product B,Core,CUST1274,At Risk,Online,4,750,10,2700.0,1800.0,900.0
11627,2026-04-01,East,Product C,Accessory,CUST1243,New,Online,1,300,10,270.0,180.0,90.0
11628,2026-04-01,North,Product B,Core,CUST1030,At Risk,Online,3,750,15,1912.5,1350.0,562.5
11629,2026-04-01,North,Product A,Core,CUST1173,Lost,Online,1,500,5,475.0,300.0,175.0
11630,2026-04-01,North,Product A,Core,CUST1566,At Risk,Online,1,500,5,475.0,300.0,175.0
11631,2026-04-01,East,Product C,Accessory,CUST1155,At Risk,Retail Store,1,300,10,270.0,180.0,90.0
11632,2026-04-01,North,Product B,Core,CUST1195,Loyal,Online,4,750,0,3000.0,1800.0,1200.0
11633,2026-04-01,West,Product A,Core,CUST1119,At Risk,Online,1,500,0,500.0,300.0,200.0
11634,2026-04-01,West,Product C,Accessory,CUST1561,Loyal,Online,4,300,5,1140.0,720.0,420.0
11635,2026-04-01,South,Product A,Core,CUST1508,New,Online,4,500,5,1900.0,1200.0,700.0
11636,2026-04-01,South,Product C,Accessory,CUST1115,Lost,Retail Store,1,300,10,270.0,180.0,90.0
11637,2026-04-01,West,Product A,Core,CUST1347,Loyal,Online,1,500,15,425.0,300.0,125.0
11638,2026-04-01,West,Product B,Core,CUST1487,Loyal,Online,1,750,0,750.0,450.0,300.0
11639,2026-04-01,East,Product C,Accessory,CUST1289,Champions,Online,2,300,0,600.0,360.0,240.0
11640,2026-04-01,North,Product C,Accessory,CUST1364,At Risk,Online,2,300,0,600.0,360.0,240.0
11641,2026-04-01,East,Product B,Core,CUST1209,New,Online,3,750,5,2137.5,1350.0,787.5
11642,2026-04-02,North,Product C,Accessory,CUST1198,Loyal,Partner,1,300,10,270.0,180.0,90.0
11643,2026-04-02,East,Product A,Core,CUST1428,Champions,Online,1,500,10,450.0,300.0,150.0
11644,2026-04-02,West,Product A,Core,CUST1167,At Risk,Online,2,500,0,1000.0,600.0,400.0
11645,2026-04-02,East,Product A,Core,CUST1212,Loyal,Retail Store,1,500,10,450.0,300.0,150.0
11646,2026-04-02,East,Product A,Core,CUST1012,At Risk,Retail Store,4,500,5,1900.0,1200.0,700.0
11647,2026-04-02,North,Product D,Accessory,CUST1206,Champions,Retail Store,3,1200,10,3240.0,2160.0,1080.0
11648,2026-04-02,East,Product D,Accessory,CUST1056,New,Online,1,1200,10,1080.0,720.0,360.0
11649,2026-04-02,South,Product B,Core,CUST1002,Lost,Online,3,750,0,2250.0,1350.0,900.0
11650,2026-04-02,West,Product A,Core,CUST1349,Champions,Retail Store,3,500,0,1500.0,900.0,600.0
11651,2026-04-02,South,Product A,Core,CUST1236,New,Online,3,500,0,1500.0,900.0,600.0
11652,2026-04-02,West,Product A,Core,CUST1385,Lost,Retail Store,3,500,0,1500.0,900.0,600.0
11653,2026-04-02,North,Product D,Accessory,CUST1438,At Risk,Online,3,1200,5,3420.0,2160.0,1260.0
11654,2026-04-02,North,Product C,Accessory,CUST1242,Loyal,Online,2,300,0,600.0,360.0,240.0
11655,2026-04-02,North,Product A,Core,CUST1434,Champions,Retail Store,4,500,0,2000.0,1200.0,800.0
11656,2026-04-02,East,Product B,Core,CUST1240,At Risk,Online,2,750,0,1500.0,900.0,600.0
11657,2026-04-02,East,Product B,Core,CUST1582,Champions,Partner,1,750,5,712.5,450.0,262.5
11658,2026-04-02,East,Product B,Core,CUST1115,Lost,Online,3,750,0,2250.0,1350.0,900.0
11659,2026-04-02,South,Product B,Core,CUST1334,Champions,Partner,1,750,0,750.0,450.0,300.0
11660,2026-04-02,South,Product B,Core,CUST1474,Loyal,Online,1,750,0,750.0,450.0,300.0
11661,2026-04-02,West,Product A,Core,CUST1397,Loyal,Online,3,500,10,1350.0,900.0,450.0
11662,2026-04-02,West,Product A,Core,CUST1474,Loyal,Online,1,500,0,500.0,300.0,200.0
11663,2026-04-02,West,Product B,Core,CUST1592,Loyal,Partner,3,750,10,2025.0,1350.0,675.0
11664,2026-04-02,South,Product A,Core,CUST1238,Champions,Online,2,500,0,1000.0,600.0,400.0
11665,2026-04-02,North,Product B,Core,CUST1576,Lost,Online,2,750,5,1425.0,900.0,525.0
11666,2026-04-02,East,Product C,Accessory,CUST1338,Champions,Online,1,300,0,300.0,180.0,120.0
11667,2026-04-02,North,Product B,Core,CUST1134,New,Online,4,750,5,2850.0,1800.0,1050.0
11668,2026-04-02,North,Product A,Core,CUST1209,New,Online,4,500,10,1800.0,1200.0,600.0
11669,2026-04-02,North,Product C,Accessory,CUST1409,Lost,Online,1,300,20,240.0,180.0,60.0
11670,2026-04-02,North,Product A,Core,CUST1101,At Risk,Online,4,500,10,1800.0,1200.0,600.0
11671,2026-04-02,East,Product C,Accessory,CUST1528,At Risk,Online,3,300,20,720.0,540.0,180.0
11672,2026-04-02,West,Product D,Accessory,CUST1563,At Risk,Online,3,1200,5,3420.0,2160.0,1260.0
11673,2026-04-02,North,Product B,Core,CUST1203,Champions,Retail Store,3,750,5,2137.5,1350.0,787.5
11674,2026-04-02,South,Product D,Accessory,CUST1021,Loyal,Online,3,1200,0,3600.0,2160.0,1440.0
11675,2026-04-03,West,Product A,Core,CUST1395,New,Online,1,500,10,450.0,300.0,150.0
11676,2026-04-03,West,Product D,Accessory,CUST1056,New,Retail Store,2,1200,0,2400.0,1440.0,960.0
11677,2026-04-03,East,Product D,Accessory,CUST1055,At Risk,Partner,2,1200,0,2400.0,1440.0,960.0
11678,2026-04-03,North,Product B,Core,CUST1334,Champions,Online,4,750,10,2700.0,1800.0,900.0
11679,2026-04-03,East,Product A,Core,CUST1005,Lost,Retail Store,3,500,5,1425.0,900.0,525.0
11680,2026-04-03,North,Product A,Core,CUST1039,At Risk,Retail Store,4,500,10,1800.0,1200.0,600.0
11681,2026-04-03,West,Product A,Core,CUST1101,At Risk,Retail Store,2,500,0,1000.0,600.0,400.0
11682,2026-04-03,North,Product B,Core,CUST1069,New,Retail Store,4,750,0,3000.0,1800.0,1200.0
11683,2026-04-03,North,Product D,Accessory,CUST1457,New,Partner,4,1200,10,4320.0,2880.0,1440.0
11684,2026-04-03,North,Product A,Core,CUST1103,Lost,Retail Store,4,500,0,2000.0,1200.0,800.0
11685,2026-04-03,North,Product A,Core,CUST1264,Lost,Online,4,500,15,1700.0,1200.0,500.0
11686,2026-04-03,South,Product B,Core,CUST1265,Loyal,Online,2,750,0,1500.0,900.0,600.0
11687,2026-04-03,North,Product A,Core,CUST1138,At Risk,Online,2,500,0,1000.0,600.0,400.0
11688,2026-04-03,South,Product D,Accessory,CUST1462,Lost,Online,1,1200,10,1080.0,720.0,360.0
11689,2026-04-03,East,Product A,Core,CUST1187,Champions,Retail Store,3,500,0,1500.0,900.0,600.0
11690,2026-04-03,North,Product A,Core,CUST1229,Champions,Online,4,500,5,1900.0,1200.0,700.0
11691,2026-04-03,West,Product A,Core,CUST1052,At Risk,Online,1,500,10,450.0,300.0,150.0
11692,2026-04-03,South,Product D,Accessory,CUST1175,Champions,Online,1,1200,0,1200.0,720.0,480.0
11693,2026-04-03,South,Product B,Core,CUST1047,Loyal,Online,4,750,0,3000.0,1800.0,1200.0
11694,2026-04-03,East,Product B,Core,CUST1305,New,Online,3,750,15,1912.5,1350.0,562.5
11695,2026-04-03,West,Product D,Accessory,CUST1089,New,Online,1,1200,0,1200.0,720.0,480.0
11696,2026-04-03,West,Product A,Core,CUST1145,Loyal,Retail Store,1,500,0,500.0,300.0,200.0
11697,2026-04-03,East,Product A,Core,CUST1355,New,Retail Store,3,500,5,1425.0,900.0,525.0
11698,2026-04-03,North,Product A,Core,CUST1224,Loyal,Online,1,500,0,500.0,300.0,200.0
11699,2026-04-03,North,Product A,Core,CUST1068,Champions,Online,4,500,5,1900.0,1200.0,700.0
11700,2026-04-03,North,Product D,Accessory,CUST1236,New,Retail Store,1,1200,10,1080.0,720.0,360.0
11701,2026-04-03,East,Product C,Accessory,CUST1139,Champions,Online,2,300,10,540.0,360.0,180.0
11702,2026-04-03,East,Product B,Core,CUST1253,Loyal,Online,1,750,0,750.0,450.0,300.0
11703,2026-04-03,South,Product A,Core,CUST1010,Loyal,Retail Store,3,500,5,1425.0,900.0,525.0
11704,2026-04-03,East,Product A,Core,CUST1159,At Risk,Retail Store,1,500,10,450.0,300.0,150.0
11705,2026-04-03,East,Product C,Accessory,CUST1496,New,Retail Store,3,300,10,810.0,540.0,270.0
11706,2026-04-03,East,Product A,Core,CUST1261,At Risk,Online,1,500,5,475.0,300.0,175.0
11707,2026-04-03,East,Product A,Core,CUST1427,At Risk,Retail Store,2,500,0,1000.0,600.0,400.0
11708,2026-04-03,West,Product A,Core,CUST1309,Champions,Online,2,500,0,1000.0,600.0,400.0
11709,2026-04-03,North,Product A,Core,CUST1457,New,Online,2,500,0,1000.0,600.0,400.0
11710,2026-04-03,South,Product A,Core,CUST1375,Champions,Retail Store,4,500,20,1600.0,1200.0,400.0
11711,2026-04-03,West,Product A,Core,CUST1249,New,Online,3,500,15,1275.0,900.0,375.0
11712,2026-04-03,South,Product B,Core,CUST1466,At Risk,Retail Store,4,750,0,3000.0,1800.0,1200.0
11713,2026-04-03,North,Product A,Core,CUST1474,Loyal,Online,2,500,10,900.0,600.0,300.0
11714,2026-04-03,North,Product C,Accessory,CUST1142,Lost,Retail Store,4,300,0,1200.0,720.0,480.0
11715,2026-04-03,North,Product C,Accessory,CUST1077,At Risk,Online,2,300,10,540.0,360.0,180.0
11716,2026-04-03,West,Product B,Core,CUST1423,Champions,Online,4,750,15,2550.0,1800.0,750.0
11717,2026-04-03,West,Product B,Core,CUST1317,At Risk,Online,1,750,10,675.0,450.0,225.0
11718,2026-04-03,South,Product A,Core,CUST1257,Champions,Retail Store,3,500,5,1425.0,900.0,525.0
11719,2026-04-03,East,Product D,Accessory,CUST1489,New,Retail Store,1,1200,5,1140.0,720.0,420.0
11720,2026-04-03,South,Product D,Accessory,CUST1263,Champions,Online,3,1200,0,3600.0,2160.0,1440.0
11721,2026-04-03,East,Product A,Core,CUST1034,New,Online,1,500,5,475.0,300.0,175.0
11722,2026-04-03,West,Product C,Accessory,CUST1047,Loyal,Online,4,300,5,1140.0,720.0,420.0
11723,2026-04-03,West,Product B,Core,CUST1540,Lost,Online,4,750,5,2850.0,1800.0,1050.0
11724,2026-04-03,North,Product A,Core,CUST1428,Champions,Online,1,500,15,425.0,300.0,125.0
11725,2026-04-03,South,Product C,Accessory,CUST1418,Loyal,Online,3,300,0,900.0,540.0,360.0
11726,2026-04-03,West,Product B,Core,CUST1400,Loyal,Online,4,750,10,2700.0,1800.0,900.0
11727,2026-04-03,West,Product A,Core,CUST1593,New,Online,4,500,10,1800.0,1200.0,600.0
11728,2026-04-03,South,Product B,Core,CUST1399,New,Retail Store,2,750,5,1425.0,900.0,525.0
11729,2026-04-03,East,Product C,Accessory,CUST1138,At Risk,Retail Store,2,300,5,570.0,360.0,210.0
11730,2026-04-03,East,Product C,Accessory,CUST1537,Loyal,Retail Store,3,300,5,855.0,540.0,315.0
11731,2026-04-03,North,Product C,Accessory,CUST1317,At Risk,Online,1,300,5,285.0,180.0,105.0
11732,2026-04-03,South,Product D,Accessory,CUST1384,Loyal,Online,1,1200,0,1200.0,720.0,480.0
11733,2026-04-03,North,Product C,Accessory,CUST1534,Champions,Retail Store,4,300,5,1140.0,720.0,420.0
11734,2026-04-03,North,Product C,Accessory,CUST1297,At Risk,Online,3,300,10,810.0,540.0,270.0
11735,2026-04-03,South,Product B,Core,CUST1513,Loyal,Online,3,750,10,2025.0,1350.0,675.0
11736,2026-04-03,West,Product B,Core,CUST1250,At Risk,Retail Store,3,750,0,2250.0,1350.0,900.0
11737,2026-04-03,South,Product D,Accessory,CUST1420,At Risk,Partner,4,1200,0,4800.0,2880.0,1920.0
11738,2026-04-03,South,Product B,Core,CUST1009,New,Online,1,750,10,675.0,450.0,225.0
11739,2026-04-03,East,Product A,Core,CUST1452,At Risk,Online,3,500,0,1500.0,900.0,600.0
11740,2026-04-03,South,Product A,Core,CUST1364,At Risk,Online,4,500,0,2000.0,1200.0,800.0
11741,2026-04-04,South,Product A,Core,CUST1583,Loyal,Online,3,500,0,1500.0,900.0,600.0
11742,2026-04-04,East,Product B,Core,CUST1546,Loyal,Online,3,750,0,2250.0,1350.0,900.0
11743,2026-04-04,South,Product A,Core,CUST1316,Loyal,Online,4,500,15,1700.0,1200.0,500.0
11744,2026-04-04,West,Product B,Core,CUST1032,Loyal,Online,2,750,5,1425.0,900.0,525.0
11745,2026-04-04,South,Product A,Core,CUST1418,Loyal,Online,4,500,0,2000.0,1200.0,800.0
11746,2026-04-04,North,Product B,Core,CUST1413,Lost,Retail Store,4,750,10,2700.0,1800.0,900.0
11747,2026-04-04,South,Product A,Core,CUST1548,At Risk,Retail Store,2,500,20,800.0,600.0,200.0
11748,2026-04-04,East,Product A,Core,CUST1327,New,Online,3,500,15,1275.0,900.0,375.0
11749,2026-04-04,South,Product A,Core,CUST1190,Lost,Online,2,500,0,1000.0,600.0,400.0
11750,2026-04-04,East,Product C,Accessory,CUST1401,Lost,Online,4,300,0,1200.0,720.0,480.0
11751,2026-04-04,South,Product B,Core,CUST1448,Champions,Retail Store,1,750,0,750.0,450.0,300.0
11752,2026-04-04,East,Product B,Core,CUST1486,New,Retail Store,2,750,0,1500.0,900.0,600.0
11753,2026-04-04,West,Product B,Core,CUST1586,Loyal,Online,2,750,5,1425.0,900.0,525.0
11754,2026-04-04,West,Product D,Accessory,CUST1193,At Risk,Retail Store,2,1200,10,2160.0,1440.0,720.0
11755,2026-04-04,East,Product B,Core,CUST1424,At Risk,Online,1,750,10,675.0,450.0,225.0
11756,2026-04-04,East,Product B,Core,CUST1549,New,Online,1,750,5,712.5,450.0,262.5
11757,2026-04-04,East,Product A,Core,CUST1056,New,Partner,2,500,0,1000.0,600.0,400.0
11758,2026-04-04,North,Product C,Accessory,CUST1152,Champions,Partner,3,300,10,810.0,540.0,270.0
11759,2026-04-04,North,Product B,Core,CUST1185,At Risk,Online,4,750,0,3000.0,1800.0,1200.0
11760,2026-04-04,South,Product C,Accessory,CUST1565,At Risk,Online,1,300,10,270.0,180.0,90.0
11761,2026-04-04,North,Product A,Core,CUST1101,At Risk,Retail Store,3,500,20,1200.0,900.0,300.0
11762,2026-04-04,West,Product B,Core,CUST1488,New,Retail Store,1,750,10,675.0,450.0,225.0
11763,2026-04-04,East,Product B,Core,CUST1090,Loyal,Online,3,750,0,2250.0,1350.0,900.0
11764,2026-04-04,West,Product A,Core,CUST1096,Loyal,Partner,4,500,0,2000.0,1200.0,800.0
11765,2026-04-04,North,Product C,Accessory,CUST1086,At Risk,Online,4,300,10,1080.0,720.0,360.0
11766,2026-04-04,North,Product B,Core,CUST1165,Loyal,Online,2,750,15,1275.0,900.0,375.0
11767,2026-04-04,East,Product B,Core,CUST1374,Loyal,Online,2,750,10,1350.0,900.0,450.0
11768,2026-04-04,East,Product B,Core,CUST1033,Loyal,Online,2,750,5,1425.0,900.0,525.0
11769,2026-04-04,South,Product B,Core,CUST1104,At Risk,Retail Store,2,750,20,1200.0,900.0,300.0
11770,2026-04-04,North,Product B,Core,CUST1363,Champions,Retail Store,1,750,10,675.0,450.0,225.0
11771,2026-04-04,South,Product A,Core,CUST1182,New,Online,2,500,15,850.0,600.0,250.0
11772,2026-04-04,East,Product C,Accessory,CUST1198,Loyal,Retail Store,4,300,5,1140.0,720.0,420.0
11773,2026-04-04,North,Product B,Core,CUST1572,New,Partner,4,750,0,3000.0,1800.0,1200.0
11774,2026-04-04,West,Product A,Core,CUST1306,Loyal,Online,3,500,0,1500.0,900.0,600.0
11775,2026-04-04,East,Product D,Accessory,CUST1004,Champions,Online,4,1200,5,4560.0,2880.0,1680.0
11776,2026-04-04,West,Product B,Core,CUST1592,Loyal,Retail Store,2,750,0,1500.0,900.0,600.0
11777,2026-04-04,West,Product B,Core,CUST1372,Loyal,Online,1,750,5,712.5,450.0,262.5
11778,2026-04-04,East,Product A,Core,CUST1403,Champions,Retail Store,4,500,5,1900.0,1200.0,700.0
11779,2026-04-04,South,Product C,Accessory,CUST1348,New,Retail Store,4,300,20,960.0,720.0,240.0
11780,2026-04-04,East,Product A,Core,CUST1542,At Risk,Retail Store,2,500,0,1000.0,600.0,400.0
11781,2026-04-04,North,Product C,Accessory,CUST1197,Lost,Retail Store,2,300,0,600.0,360.0,240.0
11782,2026-04-04,North,Product C,Accessory,CUST1081,New,Online,4,300,0,1200.0,720.0,480.0
11783,2026-04-04,East,Product D,Accessory,CUST1130,Loyal,Online,4,1200,5,4560.0,2880.0,1680.0
11784,2026-04-04,North,Product A,Core,CUST1069,New,Online,1,500,10,450.0,300.0,150.0
11785,2026-04-04,North,Product C,Accessory,CUST1269,Champions,Retail Store,4,300,10,1080.0,720.0,360.0
11786,2026-04-04,North,Product B,Core,CUST1404,Lost,Retail Store,2,750,10,1350.0,900.0,450.0
11787,2026-04-04,South,Product C,Accessory,CUST1415,Loyal,Online,4,300,20,960.0,720.0,240.0
11788,2026-04-04,West,Product B,Core,CUST1020,At Risk,Online,1,750,0,750.0,450.0,300.0
11789,2026-04-04,South,Product B,Core,CUST1238,Champions,Retail Store,4,750,5,2850.0,1800.0,1050.0
11790,2026-04-04,North,Product C,Accessory,CUST1434,Champions,Retail Store,1,300,5,285.0,180.0,105.0
11791,2026-04-04,East,Product C,Accessory,CUST1117,At Risk,Online,4,300,5,1140.0,720.0,420.0
11792,2026-04-04,North,Product B,Core,CUST1416,Champions,Online,2,750,5,1425.0,900.0,525.0
11793,2026-04-04,North,Product A,Core,CUST1426,Loyal,Online,1,500,20,400.0,300.0,100.0
11794,2026-04-05,East,Product D,Accessory,CUST1288,New,Online,3,1200,10,3240.0,2160.0,1080.0
11795,2026-04-05,West,Product A,Core,CUST1286,Champions,Online,2,500,0,1000.0,600.0,400.0
11796,2026-04-05,East,Product B,Core,CUST1377,New,Retail Store,4,750,10,2700.0,1800.0,900.0
11797,2026-04-05,East,Product B,Core,CUST1065,New,Retail Store,2,750,0,1500.0,900.0,600.0
11798,2026-04-05,South,Product A,Core,CUST1599,At Risk,Online,3,500,5,1425.0,900.0,525.0
11799,2026-04-05,South,Product C,Accessory,CUST1432,At Risk,Partner,2,300,15,510.0,360.0,150.0
11800,2026-04-05,North,Product C,Accessory,CUST1231,New,Retail Store,1,300,0,300.0,180.0,120.0
11801,2026-04-05,North,Product B,Core,CUST1348,New,Retail Store,4,750,5,2850.0,1800.0,1050.0
11802,2026-04-05,East,Product A,Core,CUST1045,At Risk,Retail Store,2,500,5,950.0,600.0,350.0
11803,2026-04-05,East,Product B,Core,CUST1509,Champions,Retail Store,2,750,0,1500.0,900.0,600.0
11804,2026-04-05,West,Product D,Accessory,CUST1429,At Risk,Online,3,1200,0,3600.0,2160.0,1440.0
11805,2026-04-05,North,Product D,Accessory,CUST1167,At Risk,Online,4,1200,0,4800.0,2880.0,1920.0
11806,2026-04-05,East,Product A,Core,CUST1116,At Risk,Partner,2,500,15,850.0,600.0,250.0
11807,2026-04-05,North,Product A,Core,CUST1049,Champions,Online,3,500,5,1425.0,900.0,525.0
11808,2026-04-05,North,Product A,Core,CUST1335,At Risk,Partner,1,500,5,475.0,300.0,175.0
11809,2026-04-05,South,Product C,Accessory,CUST1396,At Risk,Online,1,300,10,270.0,180.0,90.0
11810,2026-04-05,East,Product A,Core,CUST1422,Champions,Partner,2,500,0,1000.0,600.0,400.0
11811,2026-04-05,North,Product B,Core,CUST1447,At Risk,Retail Store,2,750,5,1425.0,900.0,525.0
11812,2026-04-05,South,Product C,Accessory,CUST1276,Loyal,Online,1,300,10,270.0,180.0,90.0
11813,2026-04-05,South,Product A,Core,CUST1567,Champions,Retail Store,2,500,0,1000.0,600.0,400.0
11814,2026-04-05,East,Product C,Accessory,CUST1251,Lost,Online,3,300,10,810.0,540.0,270.0
11815,2026-04-05,North,Product D,Accessory,CUST1404,Lost,Online,3,1200,5,3420.0,2160.0,1260.0
11816,2026-04-05,South,Product B,Core,CUST1080,At Risk,Retail Store,3,750,0,2250.0,1350.0,900.0
11817,2026-04-05,East,Product C,Accessory,CUST1491,At Risk,Online,3,300,0,900.0,540.0,360.0
11818,2026-04-05,East,Product A,Core,CUST1197,Lost,Online,1,500,0,500.0,300.0,200.0
11819,2026-04-05,North,Product A,Core,CUST1124,Champions,Partner,3,500,0,1500.0,900.0,600.0
11820,2026-04-05,West,Product A,Core,CUST1372,Loyal,Retail Store,4,500,0,2000.0,1200.0,800.0
11821,2026-04-05,South,Product A,Core,CUST1072,Lost,Online,4,500,15,1700.0,1200.0,500.0
11822,2026-04-05,East,Product D,Accessory,CUST1224,Loyal,Online,4,1200,5,4560.0,2880.0,1680.0
11823,2026-04-05,West,Product B,Core,CUST1460,New,Online,1,750,15,637.5,450.0,187.5
11824,2026-04-05,South,Product C,Accessory,CUST1468,Champions,Online,4,300,10,1080.0,720.0,360.0
11825,2026-04-05,North,Product A,Core,CUST1556,Loyal,Online,1,500,5,475.0,300.0,175.0
11826,2026-04-05,North,Product A,Core,CUST1443,Loyal,Online,3,500,15,1275.0,900.0,375.0
11827,2026-04-05,East,Product B,Core,CUST1199,Loyal,Retail Store,3,750,20,1800.0,1350.0,450.0
11828,2026-04-05,South,Product B,Core,CUST1471,New,Online,4,750,10,2700.0,1800.0,900.0
11829,2026-04-05,East,Product B,Core,CUST1462,Lost,Online,2,750,15,1275.0,900.0,375.0
11830,2026-04-05,West,Product B,Core,CUST1084,Champions,Retail Store,2,750,5,1425.0,900.0,525.0
11831,2026-04-05,South,Product A,Core,CUST1587,Loyal,Retail Store,4,500,0,2000.0,1200.0,800.0
11832,2026-04-05,West,Product C,Accessory,CUST1159,At Risk,Online,4,300,5,1140.0,720.0,420.0
11833,2026-04-05,West,Product D,Accessory,CUST1390,At Risk,Retail Store,4,1200,5,4560.0,2880.0,1680.0
11834,2026-04-05,North,Product B,Core,CUST1592,Loyal,Online,4,750,20,2400.0,1800.0,600.0
11835,2026-04-05,West,Product B,Core,CUST1107,Loyal,Partner,2,750,0,1500.0,900.0,600.0
11836,2026-04-05,West,Product C,Accessory,CUST1478,At Risk,Online,3,300,5,855.0,540.0,315.0
11837,2026-04-05,West,Product B,Core,CUST1242,Loyal,Retail Store,2,750,15,1275.0,900.0,375.0
11838,2026-04-05,South,Product B,Core,CUST1258,Champions,Online,2,750,5,1425.0,900.0,525.0
11839,2026-04-05,East,Product A,Core,CUST1531,At Risk,Online,2,500,0,1000.0,600.0,400.0
11840,2026-04-05,East,Product A,Core,CUST1199,Loyal,Partner,1,500,0,500.0,300.0,200.0
11841,2026-04-05,West,Product B,Core,CUST1468,Champions,Retail Store,3,750,10,2025.0,1350.0,675.0
11842,2026-04-05,West,Product A,Core,CUST1068,Champions,Online,4,500,15,1700.0,1200.0,500.0
11843,2026-04-05,West,Product A,Core,CUST1432,At Risk,Partner,4,500,10,1800.0,1200.0,600.0
11844,2026-04-05,North,Product C,Accessory,CUST1351,Loyal,Online,3,300,5,855.0,540.0,315.0
11845,2026-04-05,West,Product C,Accessory,CUST1469,New,Partner,2,300,5,570.0,360.0,210.0
11846,2026-04-06,North,Product C,Accessory,CUST1346,Lost,Partner,2,300,10,540.0,360.0,180.0
11847,2026-04-06,North,Product C,Accessory,CUST1313,Loyal,Retail Store,1,300,15,255.0,180.0,75.0
11848,2026-04-06,South,Product A,Core,CUST1380,New,Online,4,500,15,1700.0,1200.0,500.0
11849,2026-04-06,West,Product B,Core,CUST1262,Loyal,Retail Store,2,750,20,1200.0,900.0,300.0
11850,2026-04-06,South,Product C,Accessory,CUST1044,At Risk,Retail Store,2,300,10,540.0,360.0,180.0
11851,2026-04-06,West,Product B,Core,CUST1078,New,Online,2,750,0,1500.0,900.0,600.0
11852,2026-04-06,West,Product B,Core,CUST1242,Loyal,Retail Store,2,750,0,1500.0,900.0,600.0
11853,2026-04-06,West,Product A,Core,CUST1028,Loyal,Retail Store,2,500,0,1000.0,600.0,400.0
11854,2026-04-06,North,Product A,Core,CUST1030,At Risk,Retail Store,2,500,5,950.0,600.0,350.0
11855,2026-04-06,South,Product D,Accessory,CUST1242,Loyal,Retail Store,1,1200,0,1200.0,720.0,480.0
11856,2026-04-06,West,Product A,Core,CUST1517,At Risk,Online,1,500,0,500.0,300.0,200.0
11857,2026-04-06,East,Product C,Accessory,CUST1593,New,Online,3,300,10,810.0,540.0,270.0
11858,2026-04-06,South,Product D,Accessory,CUST1103,Lost,Retail Store,3,1200,15,3060.0,2160.0,900.0
11859,2026-04-06,East,Product B,Core,CUST1527,Lost,Retail Store,1,750,0,750.0,450.0,300.0
11860,2026-04-06,West,Product A,Core,CUST1418,Loyal,Online,3,500,5,1425.0,900.0,525.0
11861,2026-04-06,West,Product A,Core,CUST1532,Loyal,Retail Store,3,500,15,1275.0,900.0,375.0
11862,2026-04-06,North,Product C,Accessory,CUST1144,New,Online,2,300,0,600.0,360.0,240.0
11863,2026-04-06,South,Product A,Core,CUST1450,Champions,Retail Store,2,500,5,950.0,600.0,350.0
11864,2026-04-06,North,Product B,Core,CUST1024,At Risk,Retail Store,2,750,10,1350.0,900.0,450.0
11865,2026-04-06,North,Product D,Accessory,CUST1295,Lost,Online,2,1200,0,2400.0,1440.0,960.0
11866,2026-04-06,East,Product A,Core,CUST1173,Lost,Online,2,500,20,800.0,600.0,200.0
11867,2026-04-06,East,Product D,Accessory,CUST1416,Champions,Partner,4,1200,5,4560.0,2880.0,1680.0
11868,2026-04-06,North,Product A,Core,CUST1061,New,Retail Store,2,500,0,1000.0,600.0,400.0
11869,2026-04-06,East,Product A,Core,CUST1433,At Risk,Online,1,500,10,450.0,300.0,150.0
11870,2026-04-06,North,Product A,Core,CUST1205,Loyal,Retail Store,1,500,0,500.0,300.0,200.0
11871,2026-04-06,West,Product D,Accessory,CUST1317,At Risk,Online,1,1200,0,1200.0,720.0,480.0
11872,2026-04-06,East,Product A,Core,CUST1484,Champions,Retail Store,4,500,5,1900.0,1200.0,700.0
11873,2026-04-06,North,Product D,Accessory,CUST1084,Champions,Retail Store,3,1200,10,3240.0,2160.0,1080.0
11874,2026-04-06,West,Product D,Accessory,CUST1536,New,Online,3,1200,5,3420.0,2160.0,1260.0
11875,2026-04-06,East,Product D,Accessory,CUST1507,At Risk,Online,3,1200,0,3600.0,2160.0,1440.0
11876,2026-04-06,East,Product D,Accessory,CUST1313,Loyal,Online,1,1200,15,1020.0,720.0,300.0
11877,2026-04-06,South,Product A,Core,CUST1340,Champions,Online,2,500,0,1000.0,600.0,400.0
11878,2026-04-06,East,Product B,Core,CUST1182,New,Retail Store,3,750,0,2250.0,1350.0,900.0
11879,2026-04-06,North,Product A,Core,CUST1532,Loyal,Online,3,500,0,1500.0,900.0,600.0
11880,2026-04-06,North,Product A,Core,CUST1002,Lost,Retail Store,3,500,0,1500.0,900.0,600.0
11881,2026-04-06,East,Product C,Accessory,CUST1436,Champions,Online,2,300,0,600.0,360.0,240.0
11882,2026-04-06,North,Product D,Accessory,CUST1573,At Risk,Online,2,1200,0,2400.0,1440.0,960.0
11883,2026-04-06,East,Product A,Core,CUST1461,Champions,Online,2,500,0,1000.0,600.0,400.0
11884,2026-04-06,North,Product C,Accessory,CUST1125,New,Retail Store,3,300,20,720.0,540.0,180.0
11885,2026-04-06,North,Product C,Accessory,CUST1326,At Risk,Retail Store,3,300,10,810.0,540.0,270.0
11886,2026-04-06,East,Product A,Core,CUST1068,Champions,Online,4,500,5,1900.0,1200.0,700.0
11887,2026-04-06,East,Product C,Accessory,CUST1091,At Risk,Online,2,300,5,570.0,360.0,210.0
11888,2026-04-06,North,Product B,Core,CUST1344,At Risk,Retail Store,2,750,5,1425.0,900.0,525.0
11889,2026-04-06,North,Product A,Core,CUST1522,Loyal,Online,2,500,5,950.0,600.0,350.0
11890,2026-04-06,West,Product B,Core,CUST1034,New,Online,2,750,5,1425.0,900.0,525.0
11891,2026-04-06,East,Product A,Core,CUST1238,Champions,Online,1,500,0,500.0,300.0,200.0
11892,2026-04-06,West,Product A,Core,CUST1208,Champions,Online,1,500,0,500.0,300.0,200.0
11893,2026-04-06,North,Product B,Core,CUST1517,At Risk,Online,2,750,0,1500.0,900.0,600.0
11894,2026-04-07,West,Product D,Accessory,CUST1548,At Risk,Online,2,1200,10,2160.0,1440.0,720.0
11895,2026-04-07,South,Product A,Core,CUST1398,New,Online,3,500,15,1275.0,900.0,375.0
11896,2026-04-07,East,Product D,Accessory,CUST1587,Loyal,Retail Store,3,1200,5,3420.0,2160.0,1260.0
11897,2026-04-07,West,Product D,Accessory,CUST1484,Champions,Retail Store,4,1200,5,4560.0,2880.0,1680.0
11898,2026-04-07,North,Product D,Accessory,CUST1344,At Risk,Online,1,1200,5,1140.0,720.0,420.0
11899,2026-04-07,East,Product A,Core,CUST1527,Lost,Online,1,500,0,500.0,300.0,200.0
11900,2026-04-07,North,Product C,Accessory,CUST1488,New,Online,1,300,5,285.0,180.0,105.0
11901,2026-04-07,West,Product A,Core,CUST1113,New,Retail Store,2,500,0,1000.0,600.0,400.0
11902,2026-04-07,West,Product D,Accessory,CUST1553,Lost,Partner,3,1200,5,3420.0,2160.0,1260.0
11903,2026-04-07,South,Product A,Core,CUST1340,Champions,Online,1,500,5,475.0,300.0,175.0
11904,2026-04-07,South,Product A,Core,CUST1284,New,Online,3,500,0,1500.0,900.0,600.0
11905,2026-04-07,North,Product C,Accessory,CUST1496,New,Retail Store,3,300,5,855.0,540.0,315.0
11906,2026-04-07,West,Product A,Core,CUST1352,New,Online,2,500,0,1000.0,600.0,400.0
11907,2026-04-07,South,Product A,Core,CUST1505,At Risk,Partner,3,500,0,1500.0,900.0,600.0
11908,2026-04-07,North,Product C,Accessory,CUST1586,Loyal,Retail Store,2,300,5,570.0,360.0,210.0
11909,2026-04-07,West,Product A,Core,CUST1113,New,Retail Store,4,500,10,1800.0,1200.0,600.0
11910,2026-04-07,North,Product B,Core,CUST1489,New,Partner,1,750,15,637.5,450.0,187.5
11911,2026-04-07,South,Product B,Core,CUST1034,New,Retail Store,2,750,5,1425.0,900.0,525.0
11912,2026-04-07,South,Product A,Core,CUST1470,New,Online,2,500,10,900.0,600.0,300.0
11913,2026-04-07,North,Product A,Core,CUST1458,At Risk,Online,2,500,5,950.0,600.0,350.0
11914,2026-04-07,West,Product C,Accessory,CUST1545,New,Retail Store,4,300,0,1200.0,720.0,480.0
11915,2026-04-07,West,Product C,Accessory,CUST1594,Champions,Online,3,300,0,900.0,540.0,360.0
11916,2026-04-07,East,Product B,Core,CUST1242,Loyal,Online,3,750,0,2250.0,1350.0,900.0
11917,2026-04-07,North,Product A,Core,CUST1033,Loyal,Retail Store,4,500,10,1800.0,1200.0,600.0
11918,2026-04-07,East,Product B,Core,CUST1463,Loyal,Partner,4,750,0,3000.0,1800.0,1200.0
11919,2026-04-07,East,Product A,Core,CUST1483,Loyal,Retail Store,1,500,10,450.0,300.0,150.0
11920,2026-04-07,North,Product A,Core,CUST1426,Loyal,Online,4,500,10,1800.0,1200.0,600.0
11921,2026-04-07,West,Product B,Core,CUST1400,Loyal,Online,3,750,10,2025.0,1350.0,675.0
11922,2026-04-07,West,Product A,Core,CUST1034,New,Online,2,500,0,1000.0,600.0,400.0
11923,2026-04-07,North,Product A,Core,CUST1251,Lost,Online,4,500,5,1900.0,1200.0,700.0
11924,2026-04-07,West,Product D,Accessory,CUST1467,Lost,Online,2,1200,10,2160.0,1440.0,720.0
11925,2026-04-07,North,Product A,Core,CUST1349,Champions,Retail Store,1,500,5,475.0,300.0,175.0
11926,2026-04-07,South,Product C,Accessory,CUST1368,Loyal,Retail Store,2,300,10,540.0,360.0,180.0
11927,2026-04-07,South,Product B,Core,CUST1115,Lost,Retail Store,4,750,0,3000.0,1800.0,1200.0
11928,2026-04-07,North,Product A,Core,CUST1153,New,Online,1,500,15,425.0,300.0,125.0
11929,2026-04-07,East,Product C,Accessory,CUST1333,Lost,Retail Store,3,300,0,900.0,540.0,360.0
11930,2026-04-07,East,Product A,Core,CUST1462,Lost,Partner,3,500,15,1275.0,900.0,375.0
11931,2026-04-07,North,Product C,Accessory,CUST1534,Champions,Online,1,300,0,300.0,180.0,120.0
11932,2026-04-07,East,Product B,Core,CUST1588,Loyal,Partner,1,750,0,750.0,450.0,300.0
11933,2026-04-07,South,Product B,Core,CUST1598,Lost,Retail Store,2,750,0,1500.0,900.0,600.0
11934,2026-04-07,South,Product A,Core,CUST1537,Loyal,Online,4,500,0,2000.0,1200.0,800.0
11935,2026-04-07,West,Product B,Core,CUST1101,At Risk,Online,1,750,20,600.0,450.0,150.0
11936,2026-04-07,South,Product A,Core,CUST1333,Lost,Online,3,500,0,1500.0,900.0,600.0
11937,2026-04-07,West,Product A,Core,CUST1310,New,Retail Store,4,500,0,2000.0,1200.0,800.0
11938,2026-04-07,East,Product C,Accessory,CUST1315,Loyal,Retail Store,3,300,0,900.0,540.0,360.0
11939,2026-04-07,North,Product C,Accessory,CUST1031,Lost,Online,1,300,0,300.0,180.0,120.0
11940,2026-04-07,East,Product C,Accessory,CUST1548,At Risk,Online,4,300,5,1140.0,720.0,420.0
11941,2026-04-07,West,Product B,Core,CUST1472,Champions,Retail Store,3,750,0,2250.0,1350.0,900.0
11942,2026-04-07,East,Product A,Core,CUST1021,Loyal,Retail Store,4,500,0,2000.0,1200.0,800.0
11943,2026-04-07,East,Product B,Core,CUST1423,Champions,Partner,1,750,5,712.5,450.0,262.5
11944,2026-04-07,West,Product B,Core,CUST1068,Champions,Online,2,750,5,1425.0,900.0,525.0
11945,2026-04-07,South,Product C,Accessory,CUST1096,Loyal,Retail Store,2,300,10,540.0,360.0,180.0
11946,2026-04-07,West,Product A,Core,CUST1116,At Risk,Retail Store,4,500,0,2000.0,1200.0,800.0
11947,2026-04-07,South,Product A,Core,CUST1020,At Risk,Retail Store,3,500,5,1425.0,900.0,525.0
11948,2026-04-07,East,Product A,Core,CUST1522,Loyal,Retail Store,2,500,20,800.0,600.0,200.0
11949,2026-04-07,East,Product A,Core,CUST1590,Lost,Online,1,500,5,475.0,300.0,175.0
11950,2026-04-08,East,Product B,Core,CUST1540,Lost,Online,2,750,10,1350.0,900.0,450.0
11951,2026-04-08,North,Product C,Accessory,CUST1588,Loyal,Online,1,300,0,300.0,180.0,120.0
11952,2026-04-08,North,Product B,Core,CUST1040,New,Online,2,750,5,1425.0,900.0,525.0
11953,2026-04-08,North,Product C,Accessory,CUST1048,At Risk,Online,4,300,0,1200.0,720.0,480.0
11954,2026-04-08,North,Product A,Core,CUST1537,Loyal,Online,4,500,10,1800.0,1200.0,600.0
11955,2026-04-08,West,Product A,Core,CUST1261,At Risk,Partner,1,500,0,500.0,300.0,200.0
11956,2026-04-08,East,Product C,Accessory,CUST1018,At Risk,Online,3,300,0,900.0,540.0,360.0
11957,2026-04-08,South,Product B,Core,CUST1096,Loyal,Retail Store,4,750,20,2400.0,1800.0,600.0
11958,2026-04-08,East,Product A,Core,CUST1058,Champions,Retail Store,2,500,5,950.0,600.0,350.0
11959,2026-04-08,North,Product B,Core,CUST1239,Champions,Online,2,750,5,1425.0,900.0,525.0
11960,2026-04-08,East,Product B,Core,CUST1464,New,Retail Store,1,750,10,675.0,450.0,225.0
11961,2026-04-08,North,Product D,Accessory,CUST1533,At Risk,Online,4,1200,0,4800.0,2880.0,1920.0
11962,2026-04-08,East,Product C,Accessory,CUST1485,New,Retail Store,3,300,5,855.0,540.0,315.0
11963,2026-04-08,East,Product B,Core,CUST1099,Lost,Online,3,750,0,2250.0,1350.0,900.0
11964,2026-04-08,North,Product A,Core,CUST1099,Lost,Online,4,500,5,1900.0,1200.0,700.0
11965,2026-04-08,South,Product D,Accessory,CUST1518,Champions,Retail Store,4,1200,10,4320.0,2880.0,1440.0
11966,2026-04-08,North,Product A,Core,CUST1182,New,Retail Store,3,500,10,1350.0,900.0,450.0
11967,2026-04-08,North,Product A,Core,CUST1113,New,Retail Store,2,500,5,950.0,600.0,350.0
11968,2026-04-08,West,Product C,Accessory,CUST1598,Lost,Retail Store,2,300,0,600.0,360.0,240.0
11969,2026-04-08,South,Product A,Core,CUST1436,Champions,Online,2,500,0,1000.0,600.0,400.0
11970,2026-04-08,South,Product C,Accessory,CUST1052,At Risk,Online,3,300,0,900.0,540.0,360.0
11971,2026-04-08,South,Product C,Accessory,CUST1511,At Risk,Online,4,300,10,1080.0,720.0,360.0
11972,2026-04-08,East,Product D,Accessory,CUST1029,At Risk,Online,1,1200,5,1140.0,720.0,420.0
11973,2026-04-08,South,Product A,Core,CUST1451,Lost,Online,1,500,10,450.0,300.0,150.0
11974,2026-04-08,East,Product A,Core,CUST1299,At Risk,Online,4,500,20,1600.0,1200.0,400.0
11975,2026-04-08,North,Product C,Accessory,CUST1538,Loyal,Retail Store,4,300,0,1200.0,720.0,480.0
11976,2026-04-08,East,Product B,Core,CUST1198,Loyal,Partner,2,750,5,1425.0,900.0,525.0
11977,2026-04-08,West,Product A,Core,CUST1094,Loyal,Online,1,500,10,450.0,300.0,150.0
11978,2026-04-08,West,Product A,Core,CUST1434,Champions,Retail Store,3,500,10,1350.0,900.0,450.0
11979,2026-04-08,East,Product D,Accessory,CUST1180,Lost,Online,2,1200,5,2280.0,1440.0,840.0
11980,2026-04-08,South,Product B,Core,CUST1280,Champions,Online,1,750,0,750.0,450.0,300.0
11981,2026-04-08,East,Product C,Accessory,CUST1401,Lost,Online,1,300,0,300.0,180.0,120.0
11982,2026-04-08,South,Product A,Core,CUST1527,Lost,Online,3,500,0,1500.0,900.0,600.0
11983,2026-04-08,North,Product A,Core,CUST1431,At Risk,Partner,2,500,5,950.0,600.0,350.0
11984,2026-04-08,East,Product C,Accessory,CUST1256,At Risk,Online,3,300,5,855.0,540.0,315.0
11985,2026-04-08,South,Product C,Accessory,CUST1090,Loyal,Retail Store,1,300,5,285.0,180.0,105.0
11986,2026-04-08,East,Product A,Core,CUST1033,Loyal,Retail Store,3,500,5,1425.0,900.0,525.0
11987,2026-04-08,South,Product A,Core,CUST1288,New,Retail Store,2,500,5,950.0,600.0,350.0
11988,2026-04-08,East,Product C,Accessory,CUST1330,At Risk,Retail Store,3,300,5,855.0,540.0,315.0
11989,2026-04-08,South,Product A,Core,CUST1472,Champions,Partner,4,500,5,1900.0,1200.0,700.0
11990,2026-04-08,West,Product D,Accessory,CUST1002,Lost,Retail Store,2,1200,5,2280.0,1440.0,840.0
11991,2026-04-08,North,Product A,Core,CUST1577,New,Retail Store,2,500,10,900.0,600.0,300.0
11992,2026-04-09,North,Product B,Core,CUST1400,Loyal,Online,1,750,0,750.0,450.0,300.0
11993,2026-04-09,East,Product B,Core,CUST1287,Loyal,Retail Store,2,750,15,1275.0,900.0,375.0
11994,2026-04-09,East,Product A,Core,CUST1362,Champions,Retail Store,4,500,5,1900.0,1200.0,700.0
11995,2026-04-09,South,Product B,Core,CUST1313,Loyal,Retail Store,2,750,0,1500.0,900.0,600.0
11996,2026-04-09,North,Product A,Core,CUST1195,Loyal,Online,2,500,0,1000.0,600.0,400.0
11997,2026-04-09,South,Product A,Core,CUST1241,At Risk,Retail Store,3,500,5,1425.0,900.0,525.0
11998,2026-04-09,West,Product D,Accessory,CUST1009,New,Retail Store,4,1200,0,4800.0,2880.0,1920.0
11999,2026-04-09,East,Product B,Core,CUST1445,At Risk,Online,4,750,0,3000.0,1800.0,1200.0
12000,2026-04-09,East,Product C,Accessory,CUST1242,Loyal,Online,1,300,0,300.0,180.0,120.0
12001,2026-04-09,East,Product A,Core,CUST1108,Champions,Retail Store,1,500,5,475.0,300.0,175.0
12002,2026-04-09,West,Product B,Core,CUST1346,Lost,Online,4,750,20,2400.0,1800.0,600.0
12003,2026-04-09,North,Product C,Accessory,CUST1074,Champions,Online,1,300,5,285.0,180.0,105.0
12004,2026-04-09,East,Product A,Core,CUST1412,Champions,Online,1,500,0,500.0,300.0,200.0
12005,2026-04-09,South,Product D,Accessory,CUST1306,Loyal,Online,1,1200,5,1140.0,720.0,420.0
12006,2026-04-09,North,Product A,Core,CUST1275,Loyal,Retail Store,3,500,5,1425.0,900.0,525.0
12007,2026-04-09,East,Product D,Accessory,CUST1105,At Risk,Partner,4,1200,0,4800.0,2880.0,1920.0
12008,2026-04-09,West,Product C,Accessory,CUST1331,Loyal,Retail Store,4,300,20,960.0,720.0,240.0
12009,2026-04-09,South,Product C,Accessory,CUST1591,New,Retail Store,3,300,10,810.0,540.0,270.0
12010,2026-04-09,North,Product A,Core,CUST1478,At Risk,Retail Store,2,500,10,900.0,600.0,300.0
12011,2026-04-09,East,Product B,Core,CUST1352,New,Retail Store,1,750,5,712.5,450.0,262.5
12012,2026-04-09,West,Product D,Accessory,CUST1291,Champions,Retail Store,2,1200,5,2280.0,1440.0,840.0
12013,2026-04-09,South,Product A,Core,CUST1246,At Risk,Online,1,500,5,475.0,300.0,175.0
12014,2026-04-09,North,Product B,Core,CUST1350,At Risk,Online,3,750,0,2250.0,1350.0,900.0
12015,2026-04-09,West,Product C,Accessory,CUST1453,Loyal,Retail Store,3,300,0,900.0,540.0,360.0
12016,2026-04-09,East,Product A,Core,CUST1026,New,Online,2,500,10,900.0,600.0,300.0
12017,2026-04-09,North,Product A,Core,CUST1245,Lost,Retail Store,1,500,5,475.0,300.0,175.0
12018,2026-04-09,South,Product C,Accessory,CUST1432,At Risk,Partner,1,300,0,300.0,180.0,120.0
12019,2026-04-09,North,Product A,Core,CUST1107,Loyal,Online,1,500,15,425.0,300.0,125.0
12020,2026-04-09,South,Product A,Core,CUST1358,New,Online,2,500,0,1000.0,600.0,400.0
12021,2026-04-09,South,Product A,Core,CUST1301,Champions,Partner,1,500,10,450.0,300.0,150.0
12022,2026-04-09,West,Product A,Core,CUST1300,At Risk,Online,4,500,0,2000.0,1200.0,800.0
12023,2026-04-09,West,Product A,Core,CUST1551,Loyal,Retail Store,2,500,5,950.0,600.0,350.0
12024,2026-04-09,South,Product B,Core,CUST1534,Champions,Partner,1,750,0,750.0,450.0,300.0
12025,2026-04-09,North,Product D,Accessory,CUST1049,Champions,Online,4,1200,0,4800.0,2880.0,1920.0
12026,2026-04-09,West,Product A,Core,CUST1300,At Risk,Online,2,500,20,800.0,600.0,200.0
12027,2026-04-09,West,Product B,Core,CUST1560,Champions,Online,1,750,0,750.0,450.0,300.0
12028,2026-04-09,North,Product C,Accessory,CUST1320,Lost,Partner,3,300,0,900.0,540.0,360.0
12029,2026-04-09,South,Product A,Core,CUST1249,New,Retail Store,3,500,0,1500.0,900.0,600.0
12030,2026-04-09,South,Product D,Accessory,CUST1283,Loyal,Online,3,1200,10,3240.0,2160.0,1080.0
12031,2026-04-09,East,Product A,Core,CUST1412,Champions,Partner,4,500,0,2000.0,1200.0,800.0
12032,2026-04-09,North,Product C,Accessory,CUST1260,Champions,Online,3,300,10,810.0,540.0,270.0
12033,2026-04-09,South,Product A,Core,CUST1126,Loyal,Online,1,500,15,425.0,300.0,125.0
12034,2026-04-09,East,Product B,Core,CUST1459,At Risk,Online,4,750,0,3000.0,1800.0,1200.0
12035,2026-04-09,East,Product C,Accessory,CUST1225,Lost,Online,4,300,5,1140.0,720.0,420.0
12036,2026-04-09,North,Product D,Accessory,CUST1025,Loyal,Retail Store,1,1200,0,1200.0,720.0,480.0
12037,2026-04-09,South,Product A,Core,CUST1010,Loyal,Partner,3,500,5,1425.0,900.0,525.0
12038,2026-04-09,West,Product A,Core,CUST1305,New,Partner,2,500,15,850.0,600.0,250.0
12039,2026-04-09,South,Product C,Accessory,CUST1515,Loyal,Retail Store,4,300,5,1140.0,720.0,420.0
12040,2026-04-09,North,Product A,Core,CUST1425,At Risk,Online,3,500,0,1500.0,900.0,600.0
12041,2026-04-09,South,Product B,Core,CUST1123,New,Online,2,750,15,1275.0,900.0,375.0
12042,2026-04-09,East,Product A,Core,CUST1583,Loyal,Online,2,500,5,950.0,600.0,350.0
12043,2026-04-10,East,Product A,Core,CUST1170,Loyal,Online,2,500,5,950.0,600.0,350.0
12044,2026-04-10,South,Product C,Accessory,CUST1172,Loyal,Retail Store,1,300,0,300.0,180.0,120.0
12045,2026-04-10,South,Product C,Accessory,CUST1429,At Risk,Online,1,300,0,300.0,180.0,120.0
12046,2026-04-10,East,Product A,Core,CUST1423,Champions,Partner,4,500,10,1800.0,1200.0,600.0
12047,2026-04-10,North,Product C,Accessory,CUST1521,Loyal,Retail Store,1,300,0,300.0,180.0,120.0
12048,2026-04-10,South,Product C,Accessory,CUST1121,At Risk,Online,4,300,5,1140.0,720.0,420.0
12049,2026-04-10,East,Product C,Accessory,CUST1413,Lost,Online,4,300,5,1140.0,720.0,420.0
12050,2026-04-10,West,Product A,Core,CUST1567,Champions,Online,2,500,5,950.0,600.0,350.0
12051,2026-04-10,East,Product A,Core,CUST1121,At Risk,Online,3,500,15,1275.0,900.0,375.0
12052,2026-04-10,West,Product B,Core,CUST1384,Loyal,Online,3,750,10,2025.0,1350.0,675.0
12053,2026-04-10,North,Product D,Accessory,CUST1018,At Risk,Retail Store,1,1200,10,1080.0,720.0,360.0
12054,2026-04-10,North,Product A,Core,CUST1068,Champions,Partner,2,500,5,950.0,600.0,350.0
12055,2026-04-10,South,Product C,Accessory,CUST1035,Loyal,Retail Store,2,300,20,480.0,360.0,120.0
12056,2026-04-10,South,Product B,Core,CUST1025,Loyal,Online,4,750,0,3000.0,1800.0,1200.0
12057,2026-04-10,West,Product D,Accessory,CUST1003,At Risk,Retail Store,3,1200,0,3600.0,2160.0,1440.0
12058,2026-04-10,North,Product A,Core,CUST1084,Champions,Online,1,500,0,500.0,300.0,200.0
12059,2026-04-10,North,Product B,Core,CUST1245,Lost,Online,1,750,5,712.5,450.0,262.5
12060,2026-04-10,East,Product D,Accessory,CUST1155,At Risk,Retail Store,4,1200,15,4080.0,2880.0,1200.0
12061,2026-04-10,South,Product B,Core,CUST1022,Lost,Online,2,750,0,1500.0,900.0,600.0
12062,2026-04-10,East,Product A,Core,CUST1037,New,Retail Store,3,500,5,1425.0,900.0,525.0
12063,2026-04-10,North,Product B,Core,CUST1298,At Risk,Partner,2,750,5,1425.0,900.0,525.0
12064,2026-04-10,East,Product C,Accessory,CUST1362,Champions,Online,1,300,0,300.0,180.0,120.0
12065,2026-04-10,South,Product D,Accessory,CUST1386,At Risk,Online,3,1200,15,3060.0,2160.0,900.0
12066,2026-04-10,North,Product A,Core,CUST1187,Champions,Partner,4,500,0,2000.0,1200.0,800.0
12067,2026-04-10,West,Product C,Accessory,CUST1268,Champions,Online,3,300,5,855.0,540.0,315.0
12068,2026-04-10,West,Product D,Accessory,CUST1213,At Risk,Online,3,1200,10,3240.0,2160.0,1080.0
12069,2026-04-10,South,Product B,Core,CUST1314,Loyal,Online,1,750,0,750.0,450.0,300.0
12070,2026-04-10,North,Product D,Accessory,CUST1459,At Risk,Online,3,1200,10,3240.0,2160.0,1080.0
12071,2026-04-10,South,Product B,Core,CUST1376,Lost,Online,2,750,0,1500.0,900.0,600.0
12072,2026-04-10,South,Product A,Core,CUST1194,Loyal,Online,1,500,15,425.0,300.0,125.0
12073,2026-04-10,North,Product A,Core,CUST1092,New,Retail Store,1,500,15,425.0,300.0,125.0
12074,2026-04-10,East,Product B,Core,CUST1530,At Risk,Online,3,750,20,1800.0,1350.0,450.0
12075,2026-04-10,North,Product B,Core,CUST1086,At Risk,Online,1,750,0,750.0,450.0,300.0
12076,2026-04-10,East,Product C,Accessory,CUST1331,Loyal,Retail Store,1,300,10,270.0,180.0,90.0
12077,2026-04-10,East,Product D,Accessory,CUST1556,Loyal,Online,1,1200,0,1200.0,720.0,480.0
12078,2026-04-10,North,Product B,Core,CUST1595,Loyal,Online,4,750,0,3000.0,1800.0,1200.0
12079,2026-04-10,West,Product C,Accessory,CUST1380,New,Partner,2,300,5,570.0,360.0,210.0
12080,2026-04-10,North,Product B,Core,CUST1332,At Risk,Online,3,750,5,2137.5,1350.0,787.5
12081,2026-04-10,West,Product B,Core,CUST1227,New,Online,2,750,0,1500.0,900.0,600.0
12082,2026-04-10,North,Product B,Core,CUST1481,Loyal,Online,1,750,5,712.5,450.0,262.5
12083,2026-04-10,East,Product A,Core,CUST1061,New,Online,1,500,0,500.0,300.0,200.0
12084,2026-04-10,South,Product C,Accessory,CUST1060,At Risk,Online,3,300,15,765.0,540.0,225.0
12085,2026-04-10,North,Product D,Accessory,CUST1347,Loyal,Online,4,1200,0,4800.0,2880.0,1920.0
12086,2026-04-10,West,Product A,Core,CUST1436,Champions,Online,4,500,5,1900.0,1200.0,700.0
12087,2026-04-10,East,Product A,Core,CUST1391,Champions,Partner,2,500,0,1000.0,600.0,400.0
12088,2026-04-10,West,Product D,Accessory,CUST1126,Loyal,Online,1,1200,0,1200.0,720.0,480.0
12089,2026-04-10,East,Product D,Accessory,CUST1137,New,Partner,4,1200,0,4800.0,2880.0,1920.0
12090,2026-04-10,South,Product A,Core,CUST1156,Loyal,Online,4,500,0,2000.0,1200.0,800.0
12091,2026-04-10,North,Product A,Core,CUST1141,New,Online,1,500,10,450.0,300.0,150.0
12092,2026-04-10,North,Product C,Accessory,CUST1013,At Risk,Retail Store,2,300,5,570.0,360.0,210.0
12093,2026-04-10,South,Product A,Core,CUST1150,At Risk,Retail Store,3,500,10,1350.0,900.0,450.0
12094,2026-04-10,South,Product B,Core,CUST1184,At Risk,Online,4,750,0,3000.0,1800.0,1200.0
12095,2026-04-10,North,Product B,Core,CUST1537,Loyal,Retail Store,1,750,10,675.0,450.0,225.0
12096,2026-04-10,South,Product D,Accessory,CUST1526,Lost,Online,3,1200,0,3600.0,2160.0,1440.0
12097,2026-04-10,East,Product B,Core,CUST1487,Loyal,Retail Store,3,750,15,1912.5,1350.0,562.5
12098,2026-04-10,East,Product D,Accessory,CUST1329,Loyal,Online,4,1200,5,4560.0,2880.0,1680.0
12099,2026-04-10,North,Product A,Core,CUST1250,At Risk,Online,2,500,0,1000.0,600.0,400.0
12100,2026-04-10,North,Product C,Accessory,CUST1134,New,Partner,4,300,0,1200.0,720.0,480.0
12101,2026-04-10,West,Product A,Core,CUST1074,Champions,Retail Store,4,500,5,1900.0,1200.0,700.0
12102,2026-04-10,North,Product A,Core,CUST1482,New,Online,3,500,5,1425.0,900.0,525.0
12103,2026-04-10,South,Product A,Core,CUST1071,New,Online,2,500,10,900.0,600.0,300.0
12104,2026-04-10,East,Product C,Accessory,CUST1525,Loyal,Online,2,300,10,540.0,360.0,180.0
12105,2026-04-10,East,Product C,Accessory,CUST1427,At Risk,Retail Store,3,300,0,900.0,540.0,360.0
12106,2026-04-10,South,Product C,Accessory,CUST1361,Champions,Retail Store,1,300,0,300.0,180.0,120.0
12107,2026-04-11,West,Product C,Accessory,CUST1206,Champions,Online,2,300,0,600.0,360.0,240.0
12108,2026-04-11,North,Product C,Accessory,CUST1322,Loyal,Online,1,300,5,285.0,180.0,105.0
12109,2026-04-11,East,Product C,Accessory,CUST1134,New,Partner,3,300,5,855.0,540.0,315.0
12110,2026-04-11,West,Product B,Core,CUST1493,Loyal,Retail Store,1,750,10,675.0,450.0,225.0
12111,2026-04-11,North,Product B,Core,CUST1520,Lost,Online,4,750,5,2850.0,1800.0,1050.0
12112,2026-04-11,West,Product B,Core,CUST1071,New,Online,4,750,0,3000.0,1800.0,1200.0
12113,2026-04-11,North,Product C,Accessory,CUST1248,Loyal,Online,1,300,5,285.0,180.0,105.0
12114,2026-04-11,North,Product C,Accessory,CUST1575,New,Retail Store,3,300,0,900.0,540.0,360.0
12115,2026-04-11,North,Product A,Core,CUST1086,At Risk,Online,3,500,5,1425.0,900.0,525.0
12116,2026-04-11,South,Product A,Core,CUST1137,New,Online,1,500,5,475.0,300.0,175.0
12117,2026-04-11,West,Product A,Core,CUST1168,Loyal,Online,3,500,10,1350.0,900.0,450.0
12118,2026-04-11,North,Product C,Accessory,CUST1431,At Risk,Online,1,300,0,300.0,180.0,120.0
12119,2026-04-11,South,Product A,Core,CUST1322,Loyal,Online,4,500,5,1900.0,1200.0,700.0
12120,2026-04-11,West,Product C,Accessory,CUST1113,New,Retail Store,2,300,0,600.0,360.0,240.0
12121,2026-04-11,South,Product B,Core,CUST1249,New,Retail Store,4,750,0,3000.0,1800.0,1200.0
12122,2026-04-11,South,Product B,Core,CUST1049,Champions,Retail Store,2,750,15,1275.0,900.0,375.0
12123,2026-04-11,South,Product A,Core,CUST1191,Loyal,Retail Store,2,500,0,1000.0,600.0,400.0
12124,2026-04-11,North,Product A,Core,CUST1533,At Risk,Partner,3,500,0,1500.0,900.0,600.0
12125,2026-04-11,South,Product B,Core,CUST1230,Champions,Online,4,750,15,2550.0,1800.0,750.0
12126,2026-04-11,East,Product A,Core,CUST1430,Lost,Online,3,500,5,1425.0,900.0,525.0
12127,2026-04-11,West,Product A,Core,CUST1041,At Risk,Online,2,500,0,1000.0,600.0,400.0
12128,2026-04-11,East,Product C,Accessory,CUST1240,At Risk,Online,3,300,0,900.0,540.0,360.0
12129,2026-04-11,South,Product B,Core,CUST1478,At Risk,Retail Store,4,750,10,2700.0,1800.0,900.0
12130,2026-04-11,South,Product B,Core,CUST1450,Champions,Partner,3,750,5,2137.5,1350.0,787.5
12131,2026-04-11,South,Product C,Accessory,CUST1572,New,Partner,4,300,0,1200.0,720.0,480.0
12132,2026-04-11,North,Product C,Accessory,CUST1345,At Risk,Partner,3,300,10,810.0,540.0,270.0
12133,2026-04-11,East,Product A,Core,CUST1578,Lost,Retail Store,1,500,0,500.0,300.0,200.0
12134,2026-04-11,East,Product B,Core,CUST1490,At Risk,Online,2,750,10,1350.0,900.0,450.0
12135,2026-04-11,East,Product C,Accessory,CUST1196,New,Partner,3,300,5,855.0,540.0,315.0
12136,2026-04-11,South,Product A,Core,CUST1497,At Risk,Retail Store,2,500,0,1000.0,600.0,400.0
12137,2026-04-11,East,Product D,Accessory,CUST1512,Champions,Online,2,1200,10,2160.0,1440.0,720.0
12138,2026-04-11,North,Product C,Accessory,CUST1433,At Risk,Online,3,300,5,855.0,540.0,315.0
12139,2026-04-11,South,Product A,Core,CUST1294,At Risk,Retail Store,2,500,0,1000.0,600.0,400.0
12140,2026-04-11,South,Product A,Core,CUST1599,At Risk,Online,2,500,10,900.0,600.0,300.0
12141,2026-04-11,North,Product C,Accessory,CUST1068,Champions,Online,2,300,10,540.0,360.0,180.0
12142,2026-04-11,West,Product A,Core,CUST1122,Champions,Online,4,500,5,1900.0,1200.0,700.0
12143,2026-04-11,East,Product A,Core,CUST1427,At Risk,Online,2,500,10,900.0,600.0,300.0
12144,2026-04-11,South,Product D,Accessory,CUST1474,Loyal,Partner,2,1200,0,2400.0,1440.0,960.0
12145,2026-04-11,East,Product A,Core,CUST1035,Loyal,Online,1,500,10,450.0,300.0,150.0
12146,2026-04-11,North,Product B,Core,CUST1400,Loyal,Online,4,750,0,3000.0,1800.0,1200.0
12147,2026-04-11,South,Product C,Accessory,CUST1009,New,Online,2,300,5,570.0,360.0,210.0
12148,2026-04-11,South,Product B,Core,CUST1143,New,Online,4,750,10,2700.0,1800.0,900.0
12149,2026-04-11,East,Product C,Accessory,CUST1538,Loyal,Online,4,300,5,1140.0,720.0,420.0
12150,2026-04-11,East,Product C,Accessory,CUST1264,Lost,Online,3,300,10,810.0,540.0,270.0
12151,2026-04-11,North,Product A,Core,CUST1550,New,Online,2,500,0,1000.0,600.0,400.0
12152,2026-04-11,East,Product B,Core,CUST1393,At Risk,Online,1,750,10,675.0,450.0,225.0
12153,2026-04-11,South,Product A,Core,CUST1492,At Risk,Online,2,500,0,1000.0,600.0,400.0
12154,2026-04-11,West,Product A,Core,CUST1560,Champions,Retail Store,1,500,10,450.0,300.0,150.0
12155,2026-04-11,South,Product B,Core,CUST1191,Loyal,Online,4,750,15,2550.0,1800.0,750.0
12156,2026-04-11,East,Product D,Accessory,CUST1396,At Risk,Partner,2,1200,0,2400.0,1440.0,960.0
12157,2026-04-11,East,Product D,Accessory,CUST1526,Lost,Online,1,1200,5,1140.0,720.0,420.0
12158,2026-04-12,West,Product A,Core,CUST1466,At Risk,Online,2,500,15,850.0,600.0,250.0
12159,2026-04-12,North,Product B,Core,CUST1336,Champions,Partner,1,750,0,750.0,450.0,300.0
12160,2026-04-12,South,Product B,Core,CUST1266,Loyal,Retail Store,4,750,10,2700.0,1800.0,900.0
12161,2026-04-12,South,Product A,Core,CUST1066,New,Online,1,500,5,475.0,300.0,175.0
12162,2026-04-12,North,Product B,Core,CUST1083,Loyal,Retail Store,2,750,0,1500.0,900.0,600.0
12163,2026-04-12,South,Product A,Core,CUST1165,Loyal,Retail Store,2,500,0,1000.0,600.0,400.0
12164,2026-04-12,East,Product B,Core,CUST1305,New,Retail Store,3,750,10,2025.0,1350.0,675.0
12165,2026-04-12,East,Product C,Accessory,CUST1019,At Risk,Retail Store,2,300,0,600.0,360.0,240.0
12166,2026-04-12,South,Product A,Core,CUST1527,Lost,Retail Store,1,500,15,425.0,300.0,125.0
12167,2026-04-12,North,Product B,Core,CUST1156,Loyal,Partner,3,750,0,2250.0,1350.0,900.0
12168,2026-04-12,East,Product A,Core,CUST1177,Lost,Partner,4,500,15,1700.0,1200.0,500.0
12169,2026-04-12,North,Product C,Accessory,CUST1047,Loyal,Online,3,300,0,900.0,540.0,360.0
12170,2026-04-12,South,Product D,Accessory,CUST1462,Lost,Online,4,1200,5,4560.0,2880.0,1680.0
12171,2026-04-12,North,Product A,Core,CUST1391,Champions,Retail Store,1,500,10,450.0,300.0,150.0
12172,2026-04-12,West,Product A,Core,CUST1215,At Risk,Online,3,500,0,1500.0,900.0,600.0
12173,2026-04-12,South,Product A,Core,CUST1172,Loyal,Online,1,500,0,500.0,300.0,200.0
12174,2026-04-12,West,Product A,Core,CUST1448,Champions,Partner,3,500,5,1425.0,900.0,525.0
12175,2026-04-12,South,Product D,Accessory,CUST1439,At Risk,Online,1,1200,5,1140.0,720.0,420.0
12176,2026-04-12,South,Product C,Accessory,CUST1303,New,Retail Store,1,300,10,270.0,180.0,90.0
12177,2026-04-12,West,Product A,Core,CUST1131,Lost,Partner,1,500,5,475.0,300.0,175.0
12178,2026-04-12,North,Product A,Core,CUST1508,New,Retail Store,4,500,15,1700.0,1200.0,500.0
12179,2026-04-12,North,Product A,Core,CUST1076,Loyal,Retail Store,3,500,10,1350.0,900.0,450.0
12180,2026-04-12,North,Product A,Core,CUST1321,New,Online,4,500,10,1800.0,1200.0,600.0
12181,2026-04-12,South,Product B,Core,CUST1503,New,Online,4,750,0,3000.0,1800.0,1200.0
12182,2026-04-12,North,Product C,Accessory,CUST1182,New,Retail Store,2,300,10,540.0,360.0,180.0
12183,2026-04-12,South,Product A,Core,CUST1593,New,Online,4,500,10,1800.0,1200.0,600.0
12184,2026-04-12,West,Product A,Core,CUST1010,Loyal,Retail Store,1,500,5,475.0,300.0,175.0
12185,2026-04-12,North,Product B,Core,CUST1084,Champions,Online,4,750,10,2700.0,1800.0,900.0
12186,2026-04-12,West,Product A,Core,CUST1069,New,Retail Store,4,500,10,1800.0,1200.0,600.0
12187,2026-04-12,South,Product A,Core,CUST1186,Loyal,Online,3,500,0,1500.0,900.0,600.0
12188,2026-04-12,West,Product A,Core,CUST1123,New,Online,4,500,10,1800.0,1200.0,600.0
12189,2026-04-12,North,Product B,Core,CUST1579,Loyal,Partner,3,750,15,1912.5,1350.0,562.5
12190,2026-04-12,North,Product B,Core,CUST1342,At Risk,Online,1,750,5,712.5,450.0,262.5
12191,2026-04-12,South,Product C,Accessory,CUST1092,New,Online,4,300,0,1200.0,720.0,480.0
12192,2026-04-12,South,Product C,Accessory,CUST1496,New,Retail Store,2,300,5,570.0,360.0,210.0
12193,2026-04-12,East,Product C,Accessory,CUST1161,Lost,Online,3,300,0,900.0,540.0,360.0
12194,2026-04-12,South,Product A,Core,CUST1263,Champions,Online,4,500,0,2000.0,1200.0,800.0
12195,2026-04-12,North,Product B,Core,CUST1133,Loyal,Online,4,750,20,2400.0,1800.0,600.0
12196,2026-04-12,West,Product A,Core,CUST1544,Champions,Retail Store,3,500,10,1350.0,900.0,450.0
12197,2026-04-12,South,Product C,Accessory,CUST1528,At Risk,Online,3,300,0,900.0,540.0,360.0
12198,2026-04-12,South,Product A,Core,CUST1193,At Risk,Retail Store,2,500,10,900.0,600.0,300.0
12199,2026-04-12,North,Product A,Core,CUST1522,Loyal,Online,3,500,10,1350.0,900.0,450.0
12200,2026-04-12,North,Product A,Core,CUST1154,Champions,Retail Store,3,500,10,1350.0,900.0,450.0
12201,2026-04-12,West,Product A,Core,CUST1112,Loyal,Online,3,500,5,1425.0,900.0,525.0
12202,2026-04-12,South,Product B,Core,CUST1094,Loyal,Retail Store,1,750,15,637.5,450.0,187.5
12203,2026-04-12,South,Product C,Accessory,CUST1402,At Risk,Online,3,300,10,810.0,540.0,270.0
12204,2026-04-12,East,Product B,Core,CUST1574,Lost,Retail Store,2,750,5,1425.0,900.0,525.0
12205,2026-04-12,East,Product B,Core,CUST1493,Loyal,Retail Store,2,750,0,1500.0,900.0,600.0
12206,2026-04-12,North,Product A,Core,CUST1521,Loyal,Online,3,500,0,1500.0,900.0,600.0
12207,2026-04-12,West,Product B,Core,CUST1499,New,Online,3,750,0,2250.0,1350.0,900.0
12208,2026-04-12,South,Product B,Core,CUST1120,New,Online,1,750,0,750.0,450.0,300.0
12209,2026-04-12,North,Product A,Core,CUST1391,Champions,Retail Store,1,500,5,475.0,300.0,175.0
12210,2026-04-12,North,Product D,Accessory,CUST1226,Champions,Online,4,1200,10,4320.0,2880.0,1440.0
12211,2026-04-12,West,Product C,Accessory,CUST1271,Loyal,Retail Store,3,300,20,720.0,540.0,180.0
12212,2026-04-12,North,Product A,Core,CUST1179,At Risk,Online,4,500,0,2000.0,1200.0,800.0
12213,2026-04-12,North,Product A,Core,CUST1120,New,Online,3,500,0,1500.0,900.0,600.0
12214,2026-04-13,West,Product B,Core,CUST1015,Loyal,Retail Store,1,750,0,750.0,450.0,300.0
12215,2026-04-13,East,Product C,Accessory,CUST1533,At Risk,Retail Store,1,300,0,300.0,180.0,120.0
12216,2026-04-13,North,Product D,Accessory,CUST1011,Lost,Retail Store,2,1200,20,1920.0,1440.0,480.0
12217,2026-04-13,South,Product B,Core,CUST1570,Loyal,Retail Store,2,750,10,1350.0,900.0,450.0
12218,2026-04-13,South,Product A,Core,CUST1458,At Risk,Retail Store,4,500,0,2000.0,1200.0,800.0
12219,2026-04-13,East,Product B,Core,CUST1207,At Risk,Online,4,750,0,3000.0,1800.0,1200.0
12220,2026-04-13,North,Product C,Accessory,CUST1128,Champions,Online,2,300,5,570.0,360.0,210.0
12221,2026-04-13,East,Product B,Core,CUST1301,Champions,Retail Store,3,750,10,2025.0,1350.0,675.0
12222,2026-04-13,North,Product B,Core,CUST1209,New,Online,1,750,10,675.0,450.0,225.0
12223,2026-04-13,South,Product D,Accessory,CUST1225,Lost,Retail Store,3,1200,0,3600.0,2160.0,1440.0
12224,2026-04-13,South,Product B,Core,CUST1498,Loyal,Partner,4,750,5,2850.0,1800.0,1050.0
12225,2026-04-13,East,Product B,Core,CUST1456,Lost,Retail Store,1,750,0,750.0,450.0,300.0
12226,2026-04-13,South,Product A,Core,CUST1355,New,Online,4,500,0,2000.0,1200.0,800.0
12227,2026-04-13,North,Product C,Accessory,CUST1183,Loyal,Online,3,300,10,810.0,540.0,270.0
12228,2026-04-13,South,Product A,Core,CUST1268,Champions,Online,4,500,5,1900.0,1200.0,700.0
12229,2026-04-13,North,Product C,Accessory,CUST1214,At Risk,Online,4,300,15,1020.0,720.0,300.0
12230,2026-04-13,West,Product B,Core,CUST1271,Loyal,Retail Store,2,750,0,1500.0,900.0,600.0
12231,2026-04-13,North,Product C,Accessory,CUST1079,At Risk,Online,1,300,0,300.0,180.0,120.0
12232,2026-04-13,South,Product B,Core,CUST1418,Loyal,Partner,1,750,10,675.0,450.0,225.0
12233,2026-04-13,South,Product A,Core,CUST1025,Loyal,Online,1,500,0,500.0,300.0,200.0
12234,2026-04-13,North,Product D,Accessory,CUST1389,Lost,Partner,2,1200,0,2400.0,1440.0,960.0
12235,2026-04-13,East,Product A,Core,CUST1385,Lost,Online,1,500,0,500.0,300.0,200.0
12236,2026-04-13,East,Product A,Core,CUST1141,New,Online,4,500,0,2000.0,1200.0,800.0
12237,2026-04-13,South,Product B,Core,CUST1594,Champions,Retail Store,4,750,5,2850.0,1800.0,1050.0
12238,2026-04-13,West,Product A,Core,CUST1317,At Risk,Online,3,500,5,1425.0,900.0,525.0
12239,2026-04-13,South,Product B,Core,CUST1336,Champions,Online,4,750,10,2700.0,1800.0,900.0
12240,2026-04-13,South,Product B,Core,CUST1394,Champions,Retail Store,2,750,15,1275.0,900.0,375.0
12241,2026-04-13,East,Product B,Core,CUST1365,New,Retail Store,3,750,10,2025.0,1350.0,675.0
12242,2026-04-13,North,Product B,Core,CUST1032,Loyal,Retail Store,2,750,10,1350.0,900.0,450.0
12243,2026-04-13,South,Product B,Core,CUST1443,Loyal,Retail Store,3,750,0,2250.0,1350.0,900.0
12244,2026-04-13,North,Product C,Accessory,CUST1166,At Risk,Online,1,300,0,300.0,180.0,120.0
12245,2026-04-13,West,Product A,Core,CUST1439,At Risk,Partner,2,500,20,800.0,600.0,200.0
12246,2026-04-13,North,Product D,Accessory,CUST1332,At Risk,Retail Store,1,1200,5,1140.0,720.0,420.0
12247,2026-04-13,North,Product C,Accessory,CUST1042,At Risk,Online,1,300,0,300.0,180.0,120.0
12248,2026-04-13,West,Product B,Core,CUST1375,Champions,Online,1,750,0,750.0,450.0,300.0
12249,2026-04-13,South,Product B,Core,CUST1453,Loyal,Online,2,750,0,1500.0,900.0,600.0
12250,2026-04-13,East,Product D,Accessory,CUST1408,Champions,Retail Store,1,1200,15,1020.0,720.0,300.0
12251,2026-04-13,South,Product D,Accessory,CUST1016,New,Retail Store,2,1200,0,2400.0,1440.0,960.0
12252,2026-04-13,North,Product D,Accessory,CUST1177,Lost,Partner,1,1200,15,1020.0,720.0,300.0
12253,2026-04-13,West,Product B,Core,CUST1520,Lost,Retail Store,4,750,10,2700.0,1800.0,900.0
12254,2026-04-13,North,Product A,Core,CUST1560,Champions,Online,2,500,5,950.0,600.0,350.0
12255,2026-04-13,East,Product C,Accessory,CUST1280,Champions,Partner,4,300,15,1020.0,720.0,300.0
12256,2026-04-13,East,Product A,Core,CUST1004,Champions,Online,4,500,0,2000.0,1200.0,800.0
12257,2026-04-13,South,Product B,Core,CUST1298,At Risk,Online,3,750,0,2250.0,1350.0,900.0
12258,2026-04-13,North,Product A,Core,CUST1573,At Risk,Retail Store,2,500,0,1000.0,600.0,400.0
12259,2026-04-13,North,Product C,Accessory,CUST1373,Loyal,Retail Store,4,300,15,1020.0,720.0,300.0
12260,2026-04-13,North,Product A,Core,CUST1479,New,Online,3,500,5,1425.0,900.0,525.0
12261,2026-04-13,South,Product B,Core,CUST1284,New,Online,2,750,10,1350.0,900.0,450.0
12262,2026-04-13,North,Product A,Core,CUST1179,At Risk,Online,1,500,0,500.0,300.0,200.0
12263,2026-04-13,West,Product C,Accessory,CUST1179,At Risk,Retail Store,4,300,10,1080.0,720.0,360.0
12264,2026-04-13,East,Product D,Accessory,CUST1443,Loyal,Retail Store,3,1200,10,3240.0,2160.0,1080.0
12265,2026-04-13,East,Product A,Core,CUST1169,Lost,Online,1,500,0,500.0,300.0,200.0
12266,2026-04-13,North,Product A,Core,CUST1033,Loyal,Partner,2,500,0,1000.0,600.0,400.0
12267,2026-04-13,South,Product A,Core,CUST1005,Lost,Retail Store,3,500,0,1500.0,900.0,600.0
12268,2026-04-13,South,Product A,Core,CUST1456,Lost,Partner,3,500,15,1275.0,900.0,375.0
12269,2026-04-13,North,Product C,Accessory,CUST1113,New,Retail Store,4,300,5,1140.0,720.0,420.0
12270,2026-04-13,North,Product A,Core,CUST1198,Loyal,Online,3,500,10,1350.0,900.0,450.0
12271,2026-04-13,South,Product D,Accessory,CUST1437,New,Retail Store,4,1200,10,4320.0,2880.0,1440.0
12272,2026-04-13,North,Product A,Core,CUST1385,Lost,Online,4,500,5,1900.0,1200.0,700.0
12273,2026-04-13,North,Product A,Core,CUST1110,New,Online,2,500,0,1000.0,600.0,400.0
12274,2026-04-13,South,Product A,Core,CUST1194,Loyal,Online,3,500,0,1500.0,900.0,600.0
12275,2026-04-13,West,Product A,Core,CUST1080,At Risk,Online,3,500,0,1500.0,900.0,600.0
12276,2026-04-14,South,Product A,Core,CUST1162,Loyal,Online,3,500,10,1350.0,900.0,450.0
12277,2026-04-14,West,Product B,Core,CUST1253,Loyal,Online,2,750,5,1425.0,900.0,525.0
12278,2026-04-14,North,Product D,Accessory,CUST1286,Champions,Online,4,1200,10,4320.0,2880.0,1440.0
12279,2026-04-14,West,Product B,Core,CUST1398,New,Online,2,750,0,1500.0,900.0,600.0
12280,2026-04-14,East,Product A,Core,CUST1158,At Risk,Retail Store,2,500,5,950.0,600.0,350.0
12281,2026-04-14,North,Product D,Accessory,CUST1562,At Risk,Retail Store,1,1200,5,1140.0,720.0,420.0
12282,2026-04-14,East,Product B,Core,CUST1156,Loyal,Online,3,750,0,2250.0,1350.0,900.0
12283,2026-04-14,East,Product B,Core,CUST1023,Lost,Online,2,750,5,1425.0,900.0,525.0
12284,2026-04-14,North,Product C,Accessory,CUST1118,New,Online,1,300,0,300.0,180.0,120.0
12285,2026-04-14,North,Product C,Accessory,CUST1497,At Risk,Online,3,300,5,855.0,540.0,315.0
12286,2026-04-14,East,Product B,Core,CUST1209,New,Retail Store,3,750,0,2250.0,1350.0,900.0
12287,2026-04-14,North,Product A,Core,CUST1556,Loyal,Online,1,500,0,500.0,300.0,200.0
12288,2026-04-14,North,Product B,Core,CUST1014,New,Online,4,750,5,2850.0,1800.0,1050.0
12289,2026-04-14,East,Product B,Core,CUST1179,At Risk,Online,2,750,10,1350.0,900.0,450.0
12290,2026-04-14,West,Product A,Core,CUST1392,New,Online,3,500,0,1500.0,900.0,600.0
12291,2026-04-14,East,Product A,Core,CUST1238,Champions,Online,4,500,10,1800.0,1200.0,600.0
12292,2026-04-14,South,Product B,Core,CUST1214,At Risk,Online,4,750,15,2550.0,1800.0,750.0
12293,2026-04-14,South,Product A,Core,CUST1027,Champions,Retail Store,2,500,5,950.0,600.0,350.0
12294,2026-04-14,West,Product B,Core,CUST1327,New,Online,1,750,10,675.0,450.0,225.0
12295,2026-04-14,North,Product B,Core,CUST1517,At Risk,Retail Store,3,750,15,1912.5,1350.0,562.5
12296,2026-04-14,East,Product B,Core,CUST1093,Loyal,Partner,3,750,15,1912.5,1350.0,562.5
12297,2026-04-14,North,Product D,Accessory,CUST1293,Champions,Online,1,1200,10,1080.0,720.0,360.0
12298,2026-04-14,West,Product A,Core,CUST1067,Loyal,Online,2,500,0,1000.0,600.0,400.0
12299,2026-04-14,East,Product A,Core,CUST1181,Lost,Partner,4,500,0,2000.0,1200.0,800.0
12300,2026-04-14,South,Product D,Accessory,CUST1361,Champions,Retail Store,4,1200,0,4800.0,2880.0,1920.0
12301,2026-04-14,North,Product C,Accessory,CUST1298,At Risk,Retail Store,2,300,5,570.0,360.0,210.0
12302,2026-04-14,North,Product B,Core,CUST1594,Champions,Online,4,750,10,2700.0,1800.0,900.0
12303,2026-04-14,South,Product C,Accessory,CUST1496,New,Partner,2,300,15,510.0,360.0,150.0
12304,2026-04-14,North,Product B,Core,CUST1200,At Risk,Retail Store,2,750,20,1200.0,900.0,300.0
12305,2026-04-14,South,Product C,Accessory,CUST1558,New,Online,3,300,0,900.0,540.0,360.0
12306,2026-04-14,East,Product B,Core,CUST1537,Loyal,Retail Store,1,750,0,750.0,450.0,300.0
12307,2026-04-14,West,Product A,Core,CUST1333,Lost,Retail Store,3,500,0,1500.0,900.0,600.0
12308,2026-04-14,South,Product A,Core,CUST1063,At Risk,Retail Store,1,500,0,500.0,300.0,200.0
12309,2026-04-14,West,Product B,Core,CUST1360,Lost,Partner,2,750,5,1425.0,900.0,525.0
12310,2026-04-14,East,Product D,Accessory,CUST1109,Lost,Online,1,1200,20,960.0,720.0,240.0
12311,2026-04-14,North,Product C,Accessory,CUST1198,Loyal,Retail Store,3,300,20,720.0,540.0,180.0
12312,2026-04-14,North,Product B,Core,CUST1527,Lost,Online,3,750,0,2250.0,1350.0,900.0
12313,2026-04-14,West,Product D,Accessory,CUST1514,Loyal,Retail Store,1,1200,0,1200.0,720.0,480.0
12314,2026-04-14,North,Product A,Core,CUST1181,Lost,Online,4,500,10,1800.0,1200.0,600.0
12315,2026-04-14,South,Product A,Core,CUST1035,Loyal,Retail Store,1,500,5,475.0,300.0,175.0
12316,2026-04-14,East,Product A,Core,CUST1598,Lost,Retail Store,2,500,0,1000.0,600.0,400.0
12317,2026-04-14,North,Product B,Core,CUST1467,Lost,Online,2,750,5,1425.0,900.0,525.0
12318,2026-04-14,North,Product B,Core,CUST1034,New,Partner,3,750,0,2250.0,1350.0,900.0
12319,2026-04-14,East,Product D,Accessory,CUST1226,Champions,Retail Store,3,1200,15,3060.0,2160.0,900.0
12320,2026-04-15,North,Product B,Core,CUST1520,Lost,Online,4,750,0,3000.0,1800.0,1200.0
12321,2026-04-15,North,Product A,Core,CUST1078,New,Retail Store,1,500,0,500.0,300.0,200.0
12322,2026-04-15,South,Product A,Core,CUST1194,Loyal,Online,2,500,0,1000.0,600.0,400.0
12323,2026-04-15,East,Product A,Core,CUST1331,Loyal,Online,1,500,0,500.0,300.0,200.0
12324,2026-04-15,North,Product A,Core,CUST1316,Loyal,Online,1,500,0,500.0,300.0,200.0
12325,2026-04-15,North,Product B,Core,CUST1474,Loyal,Retail Store,1,750,15,637.5,450.0,187.5
12326,2026-04-15,North,Product A,Core,CUST1502,Lost,Partner,3,500,5,1425.0,900.0,525.0
12327,2026-04-15,North,Product B,Core,CUST1552,Loyal,Retail Store,2,750,0,1500.0,900.0,600.0
12328,2026-04-15,East,Product C,Accessory,CUST1059,Champions,Partner,4,300,5,1140.0,720.0,420.0
12329,2026-04-15,East,Product A,Core,CUST1050,Loyal,Retail Store,4,500,5,1900.0,1200.0,700.0
12330,2026-04-15,South,Product C,Accessory,CUST1230,Champions,Retail Store,4,300,5,1140.0,720.0,420.0
12331,2026-04-15,South,Product D,Accessory,CUST1016,New,Online,3,1200,5,3420.0,2160.0,1260.0
12332,2026-04-15,East,Product C,Accessory,CUST1509,Champions,Retail Store,3,300,15,765.0,540.0,225.0
12333,2026-04-15,South,Product A,Core,CUST1419,Lost,Retail Store,3,500,5,1425.0,900.0,525.0
12334,2026-04-15,West,Product A,Core,CUST1319,Lost,Retail Store,2,500,15,850.0,600.0,250.0
12335,2026-04-15,South,Product A,Core,CUST1032,Loyal,Online,2,500,5,950.0,600.0,350.0
12336,2026-04-15,North,Product A,Core,CUST1176,New,Retail Store,3,500,0,1500.0,900.0,600.0
12337,2026-04-15,South,Product B,Core,CUST1541,New,Online,4,750,5,2850.0,1800.0,1050.0
12338,2026-04-15,West,Product B,Core,CUST1149,Champions,Retail Store,2,750,5,1425.0,900.0,525.0
12339,2026-04-15,South,Product D,Accessory,CUST1307,At Risk,Online,3,1200,10,3240.0,2160.0,1080.0
12340,2026-04-15,East,Product B,Core,CUST1346,Lost,Online,1,750,5,712.5,450.0,262.5
12341,2026-04-15,West,Product A,Core,CUST1168,Loyal,Online,3,500,5,1425.0,900.0,525.0
12342,2026-04-15,North,Product B,Core,CUST1379,At Risk,Retail Store,1,750,0,750.0,450.0,300.0
12343,2026-04-15,East,Product B,Core,CUST1243,New,Online,1,750,5,712.5,450.0,262.5
12344,2026-04-15,West,Product A,Core,CUST1423,Champions,Retail Store,3,500,10,1350.0,900.0,450.0
12345,2026-04-15,South,Product D,Accessory,CUST1452,At Risk,Retail Store,3,1200,0,3600.0,2160.0,1440.0
12346,2026-04-15,West,Product D,Accessory,CUST1021,Loyal,Online,4,1200,10,4320.0,2880.0,1440.0
12347,2026-04-15,North,Product C,Accessory,CUST1076,Loyal,Retail Store,2,300,0,600.0,360.0,240.0
12348,2026-04-15,North,Product A,Core,CUST1593,New,Retail Store,2,500,10,900.0,600.0,300.0
12349,2026-04-15,West,Product B,Core,CUST1065,New,Online,3,750,5,2137.5,1350.0,787.5
12350,2026-04-15,East,Product B,Core,CUST1304,Lost,Online,3,750,0,2250.0,1350.0,900.0
12351,2026-04-15,West,Product A,Core,CUST1498,Loyal,Online,2,500,0,1000.0,600.0,400.0
12352,2026-04-15,South,Product A,Core,CUST1006,At Risk,Partner,3,500,0,1500.0,900.0,600.0
12353,2026-04-15,South,Product D,Accessory,CUST1061,New,Retail Store,2,1200,5,2280.0,1440.0,840.0
12354,2026-04-15,South,Product A,Core,CUST1362,Champions,Retail Store,1,500,10,450.0,300.0,150.0
12355,2026-04-15,North,Product D,Accessory,CUST1121,At Risk,Online,2,1200,15,2040.0,1440.0,600.0
12356,2026-04-15,South,Product A,Core,CUST1350,At Risk,Online,1,500,10,450.0,300.0,150.0
12357,2026-04-15,South,Product C,Accessory,CUST1505,At Risk,Online,1,300,0,300.0,180.0,120.0
12358,2026-04-15,South,Product B,Core,CUST1340,Champions,Retail Store,4,750,0,3000.0,1800.0,1200.0
12359,2026-04-15,West,Product D,Accessory,CUST1251,Lost,Online,4,1200,0,4800.0,2880.0,1920.0
12360,2026-04-15,East,Product B,Core,CUST1280,Champions,Online,2,750,0,1500.0,900.0,600.0
12361,2026-04-15,East,Product B,Core,CUST1326,At Risk,Online,3,750,5,2137.5,1350.0,787.5
12362,2026-04-15,South,Product B,Core,CUST1455,Loyal,Retail Store,2,750,15,1275.0,900.0,375.0
12363,2026-04-15,North,Product D,Accessory,CUST1299,At Risk,Online,3,1200,0,3600.0,2160.0,1440.0
12364,2026-04-15,West,Product C,Accessory,CUST1262,Loyal,Online,3,300,20,720.0,540.0,180.0
12365,2026-04-15,East,Product B,Core,CUST1573,At Risk,Online,2,750,5,1425.0,900.0,525.0
12366,2026-04-15,West,Product B,Core,CUST1030,At Risk,Online,3,750,5,2137.5,1350.0,787.5
12367,2026-04-15,West,Product A,Core,CUST1358,New,Retail Store,3,500,10,1350.0,900.0,450.0
12368,2026-04-15,South,Product C,Accessory,CUST1311,New,Online,1,300,10,270.0,180.0,90.0
12369,2026-04-15,West,Product A,Core,CUST1530,At Risk,Online,4,500,15,1700.0,1200.0,500.0
12370,2026-04-15,East,Product D,Accessory,CUST1312,Loyal,Partner,4,1200,5,4560.0,2880.0,1680.0
12371,2026-04-15,North,Product B,Core,CUST1216,Champions,Online,4,750,15,2550.0,1800.0,750.0
12372,2026-04-15,South,Product C,Accessory,CUST1338,Champions,Online,4,300,10,1080.0,720.0,360.0
12373,2026-04-15,North,Product C,Accessory,CUST1493,Loyal,Online,4,300,5,1140.0,720.0,420.0
12374,2026-04-15,North,Product C,Accessory,CUST1094,Loyal,Partner,2,300,15,510.0,360.0,150.0
12375,2026-04-15,East,Product A,Core,CUST1077,At Risk,Retail Store,4,500,20,1600.0,1200.0,400.0
12376,2026-04-15,South,Product A,Core,CUST1082,At Risk,Retail Store,4,500,0,2000.0,1200.0,800.0
12377,2026-04-15,East,Product A,Core,CUST1013,At Risk,Online,3,500,0,1500.0,900.0,600.0
12378,2026-04-15,North,Product A,Core,CUST1466,At Risk,Online,2,500,5,950.0,600.0,350.0
12379,2026-04-15,East,Product C,Accessory,CUST1580,New,Online,1,300,10,270.0,180.0,90.0
12380,2026-04-16,West,Product B,Core,CUST1356,At Risk,Partner,4,750,5,2850.0,1800.0,1050.0
12381,2026-04-16,South,Product A,Core,CUST1289,Champions,Retail Store,2,500,10,900.0,600.0,300.0
12382,2026-04-16,North,Product C,Accessory,CUST1535,Loyal,Retail Store,2,300,5,570.0,360.0,210.0
12383,2026-04-16,East,Product C,Accessory,CUST1009,New,Online,4,300,10,1080.0,720.0,360.0
12384,2026-04-16,North,Product B,Core,CUST1444,Loyal,Retail Store,3,750,10,2025.0,1350.0,675.0
12385,2026-04-16,South,Product B,Core,CUST1307,At Risk,Retail Store,4,750,10,2700.0,1800.0,900.0
12386,2026-04-16,North,Product D,Accessory,CUST1439,At Risk,Online,4,1200,0,4800.0,2880.0,1920.0
12387,2026-04-16,West,Product D,Accessory,CUST1327,New,Online,4,1200,0,4800.0,2880.0,1920.0
12388,2026-04-16,South,Product B,Core,CUST1144,New,Online,1,750,0,750.0,450.0,300.0
12389,2026-04-16,East,Product B,Core,CUST1338,Champions,Retail Store,2,750,10,1350.0,900.0,450.0
12390,2026-04-16,East,Product C,Accessory,CUST1277,New,Retail Store,3,300,5,855.0,540.0,315.0
12391,2026-04-16,East,Product B,Core,CUST1056,New,Online,2,750,5,1425.0,900.0,525.0
12392,2026-04-16,East,Product B,Core,CUST1154,Champions,Online,1,750,10,675.0,450.0,225.0
12393,2026-04-16,South,Product A,Core,CUST1034,New,Online,1,500,0,500.0,300.0,200.0
12394,2026-04-16,South,Product B,Core,CUST1229,Champions,Retail Store,4,750,0,3000.0,1800.0,1200.0
12395,2026-04-16,East,Product A,Core,CUST1464,New,Online,4,500,0,2000.0,1200.0,800.0
12396,2026-04-16,North,Product D,Accessory,CUST1357,At Risk,Retail Store,4,1200,10,4320.0,2880.0,1440.0
12397,2026-04-16,North,Product B,Core,CUST1092,New,Partner,3,750,0,2250.0,1350.0,900.0
12398,2026-04-16,South,Product A,Core,CUST1314,Loyal,Online,4,500,10,1800.0,1200.0,600.0
12399,2026-04-16,North,Product B,Core,CUST1084,Champions,Online,2,750,15,1275.0,900.0,375.0
12400,2026-04-16,South,Product B,Core,CUST1202,New,Online,4,750,20,2400.0,1800.0,600.0
12401,2026-04-16,West,Product B,Core,CUST1122,Champions,Online,3,750,20,1800.0,1350.0,450.0
12402,2026-04-16,North,Product C,Accessory,CUST1208,Champions,Online,3,300,10,810.0,540.0,270.0
12403,2026-04-16,East,Product C,Accessory,CUST1081,New,Partner,2,300,5,570.0,360.0,210.0
12404,2026-04-16,West,Product A,Core,CUST1265,Loyal,Partner,2,500,0,1000.0,600.0,400.0
12405,2026-04-16,South,Product C,Accessory,CUST1359,New,Retail Store,3,300,10,810.0,540.0,270.0
12406,2026-04-16,West,Product B,Core,CUST1306,Loyal,Retail Store,3,750,0,2250.0,1350.0,900.0
12407,2026-04-16,South,Product B,Core,CUST1361,Champions,Online,4,750,10,2700.0,1800.0,900.0
12408,2026-04-16,North,Product B,Core,CUST1325,At Risk,Online,3,750,10,2025.0,1350.0,675.0
12409,2026-04-16,South,Product A,Core,CUST1048,At Risk,Retail Store,2,500,5,950.0,600.0,350.0
12410,2026-04-16,South,Product D,Accessory,CUST1327,New,Online,1,1200,5,1140.0,720.0,420.0
12411,2026-04-16,East,Product C,Accessory,CUST1186,Loyal,Retail Store,1,300,10,270.0,180.0,90.0
12412,2026-04-16,West,Product D,Accessory,CUST1150,At Risk,Online,4,1200,0,4800.0,2880.0,1920.0
12413,2026-04-16,West,Product B,Core,CUST1342,At Risk,Partner,3,750,10,2025.0,1350.0,675.0
12414,2026-04-16,West,Product A,Core,CUST1497,At Risk,Partner,4,500,0,2000.0,1200.0,800.0
12415,2026-04-16,North,Product C,Accessory,CUST1364,At Risk,Online,3,300,0,900.0,540.0,360.0
12416,2026-04-16,South,Product D,Accessory,CUST1067,Loyal,Retail Store,3,1200,0,3600.0,2160.0,1440.0
12417,2026-04-16,South,Product A,Core,CUST1151,Lost,Partner,4,500,5,1900.0,1200.0,700.0
12418,2026-04-16,West,Product A,Core,CUST1449,At Risk,Retail Store,2,500,0,1000.0,600.0,400.0
12419,2026-04-16,West,Product A,Core,CUST1233,New,Online,4,500,0,2000.0,1200.0,800.0
12420,2026-04-16,South,Product D,Accessory,CUST1390,At Risk,Retail Store,3,1200,0,3600.0,2160.0,1440.0
12421,2026-04-16,North,Product A,Core,CUST1355,New,Online,4,500,5,1900.0,1200.0,700.0
12422,2026-04-16,East,Product B,Core,CUST1171,New,Online,1,750,0,750.0,450.0,300.0
12423,2026-04-16,East,Product A,Core,CUST1026,New,Partner,4,500,0,2000.0,1200.0,800.0
12424,2026-04-16,South,Product B,Core,CUST1432,At Risk,Online,4,750,0,3000.0,1800.0,1200.0
12425,2026-04-16,North,Product C,Accessory,CUST1552,Loyal,Retail Store,3,300,5,855.0,540.0,315.0
12426,2026-04-16,South,Product D,Accessory,CUST1566,At Risk,Retail Store,4,1200,20,3840.0,2880.0,960.0
12427,2026-04-16,South,Product C,Accessory,CUST1509,Champions,Online,3,300,5,855.0,540.0,315.0
12428,2026-04-16,South,Product B,Core,CUST1114,Loyal,Retail Store,1,750,5,712.5,450.0,262.5
12429,2026-04-16,North,Product B,Core,CUST1214,At Risk,Online,1,750,5,712.5,450.0,262.5
12430,2026-04-16,East,Product D,Accessory,CUST1251,Lost,Retail Store,2,1200,0,2400.0,1440.0,960.0
12431,2026-04-16,South,Product A,Core,CUST1072,Lost,Partner,3,500,10,1350.0,900.0,450.0
12432,2026-04-16,East,Product A,Core,CUST1222,At Risk,Online,4,500,0,2000.0,1200.0,800.0
12433,2026-04-16,West,Product B,Core,CUST1567,Champions,Online,2,750,10,1350.0,900.0,450.0
12434,2026-04-16,South,Product D,Accessory,CUST1266,Loyal,Retail Store,1,1200,10,1080.0,720.0,360.0
12435,2026-04-16,East,Product B,Core,CUST1111,Loyal,Retail Store,3,750,0,2250.0,1350.0,900.0
12436,2026-04-16,South,Product B,Core,CUST1074,Champions,Online,2,750,0,1500.0,900.0,600.0
12437,2026-04-16,North,Product B,Core,CUST1515,Loyal,Online,1,750,5,712.5,450.0,262.5
12438,2026-04-16,West,Product A,Core,CUST1553,Lost,Retail Store,2,500,0,1000.0,600.0,400.0
12439,2026-04-16,South,Product B,Core,CUST1256,At Risk,Online,2,750,15,1275.0,900.0,375.0
12440,2026-04-16,West,Product D,Accessory,CUST1160,Champions,Retail Store,1,1200,5,1140.0,720.0,420.0
12441,2026-04-16,North,Product D,Accessory,CUST1363,Champions,Online,4,1200,0,4800.0,2880.0,1920.0
12442,2026-04-16,South,Product A,Core,CUST1560,Champions,Partner,1,500,5,475.0,300.0,175.0
12443,2026-04-16,North,Product C,Accessory,CUST1006,At Risk,Partner,4,300,15,1020.0,720.0,300.0
12444,2026-04-16,East,Product A,Core,CUST1500,At Risk,Online,4,500,0,2000.0,1200.0,800.0
12445,2026-04-17,East,Product D,Accessory,CUST1048,At Risk,Retail Store,2,1200,5,2280.0,1440.0,840.0
12446,2026-04-17,East,Product A,Core,CUST1582,Champions,Retail Store,1,500,5,475.0,300.0,175.0
12447,2026-04-17,South,Product A,Core,CUST1512,Champions,Retail Store,1,500,5,475.0,300.0,175.0
12448,2026-04-17,South,Product D,Accessory,CUST1403,Champions,Online,3,1200,10,3240.0,2160.0,1080.0
12449,2026-04-17,North,Product A,Core,CUST1245,Lost,Online,3,500,15,1275.0,900.0,375.0
12450,2026-04-17,East,Product D,Accessory,CUST1147,New,Online,4,1200,5,4560.0,2880.0,1680.0
12451,2026-04-17,South,Product C,Accessory,CUST1031,Lost,Online,2,300,0,600.0,360.0,240.0
12452,2026-04-17,East,Product A,Core,CUST1598,Lost,Retail Store,3,500,10,1350.0,900.0,450.0
12453,2026-04-17,South,Product A,Core,CUST1111,Loyal,Retail Store,4,500,5,1900.0,1200.0,700.0
12454,2026-04-17,West,Product A,Core,CUST1481,Loyal,Online,2,500,0,1000.0,600.0,400.0
12455,2026-04-17,South,Product C,Accessory,CUST1572,New,Retail Store,2,300,10,540.0,360.0,180.0
12456,2026-04-17,West,Product A,Core,CUST1593,New,Online,4,500,10,1800.0,1200.0,600.0
12457,2026-04-17,South,Product C,Accessory,CUST1152,Champions,Retail Store,1,300,0,300.0,180.0,120.0
12458,2026-04-17,North,Product B,Core,CUST1518,Champions,Retail Store,2,750,10,1350.0,900.0,450.0
12459,2026-04-17,East,Product D,Accessory,CUST1260,Champions,Retail Store,1,1200,10,1080.0,720.0,360.0
12460,2026-04-17,North,Product A,Core,CUST1071,New,Retail Store,2,500,10,900.0,600.0,300.0
12461,2026-04-17,East,Product C,Accessory,CUST1240,At Risk,Retail Store,2,300,10,540.0,360.0,180.0
12462,2026-04-17,North,Product A,Core,CUST1373,Loyal,Partner,2,500,0,1000.0,600.0,400.0
12463,2026-04-17,North,Product A,Core,CUST1084,Champions,Retail Store,2,500,10,900.0,600.0,300.0
12464,2026-04-17,North,Product B,Core,CUST1469,New,Retail Store,4,750,5,2850.0,1800.0,1050.0
12465,2026-04-17,East,Product A,Core,CUST1237,At Risk,Online,4,500,0,2000.0,1200.0,800.0
12466,2026-04-17,East,Product C,Accessory,CUST1296,Lost,Retail Store,4,300,0,1200.0,720.0,480.0
12467,2026-04-17,East,Product D,Accessory,CUST1114,Loyal,Online,1,1200,15,1020.0,720.0,300.0
12468,2026-04-17,North,Product D,Accessory,CUST1001,New,Retail Store,2,1200,10,2160.0,1440.0,720.0
12469,2026-04-17,East,Product A,Core,CUST1383,New,Partner,3,500,20,1200.0,900.0,300.0
12470,2026-04-17,West,Product B,Core,CUST1409,Lost,Retail Store,3,750,5,2137.5,1350.0,787.5
12471,2026-04-17,North,Product A,Core,CUST1196,New,Online,3,500,0,1500.0,900.0,600.0
12472,2026-04-17,West,Product D,Accessory,CUST1319,Lost,Partner,3,1200,15,3060.0,2160.0,900.0
12473,2026-04-17,North,Product A,Core,CUST1066,New,Online,1,500,0,500.0,300.0,200.0
12474,2026-04-17,West,Product B,Core,CUST1193,At Risk,Partner,2,750,10,1350.0,900.0,450.0
12475,2026-04-17,East,Product D,Accessory,CUST1550,New,Retail Store,3,1200,0,3600.0,2160.0,1440.0
12476,2026-04-17,East,Product B,Core,CUST1310,New,Online,1,750,0,750.0,450.0,300.0
12477,2026-04-17,North,Product B,Core,CUST1472,Champions,Retail Store,4,750,10,2700.0,1800.0,900.0
12478,2026-04-17,North,Product A,Core,CUST1306,Loyal,Partner,3,500,10,1350.0,900.0,450.0
12479,2026-04-17,East,Product B,Core,CUST1017,Champions,Online,3,750,20,1800.0,1350.0,450.0
12480,2026-04-17,West,Product A,Core,CUST1565,At Risk,Online,1,500,5,475.0,300.0,175.0
12481,2026-04-17,North,Product B,Core,CUST1514,Loyal,Online,1,750,0,750.0,450.0,300.0
12482,2026-04-17,South,Product C,Accessory,CUST1278,Lost,Online,4,300,10,1080.0,720.0,360.0
12483,2026-04-17,North,Product B,Core,CUST1077,At Risk,Partner,2,750,15,1275.0,900.0,375.0
12484,2026-04-17,North,Product C,Accessory,CUST1376,Lost,Online,1,300,10,270.0,180.0,90.0
12485,2026-04-17,East,Product D,Accessory,CUST1215,At Risk,Partner,3,1200,15,3060.0,2160.0,900.0
12486,2026-04-17,West,Product A,Core,CUST1158,At Risk,Retail Store,3,500,20,1200.0,900.0,300.0
12487,2026-04-17,North,Product A,Core,CUST1380,New,Online,2,500,0,1000.0,600.0,400.0
12488,2026-04-17,South,Product C,Accessory,CUST1329,Loyal,Online,2,300,5,570.0,360.0,210.0
12489,2026-04-17,South,Product D,Accessory,CUST1194,Loyal,Partner,3,1200,0,3600.0,2160.0,1440.0
12490,2026-04-17,East,Product B,Core,CUST1095,At Risk,Online,3,750,0,2250.0,1350.0,900.0
12491,2026-04-17,West,Product C,Accessory,CUST1547,Champions,Retail Store,1,300,10,270.0,180.0,90.0
12492,2026-04-17,East,Product A,Core,CUST1259,New,Retail Store,4,500,10,1800.0,1200.0,600.0
12493,2026-04-17,East,Product C,Accessory,CUST1130,Loyal,Partner,1,300,0,300.0,180.0,120.0
12494,2026-04-17,West,Product D,Accessory,CUST1592,Loyal,Retail Store,3,1200,0,3600.0,2160.0,1440.0
12495,2026-04-17,South,Product B,Core,CUST1516,Loyal,Online,1,750,0,750.0,450.0,300.0
12496,2026-04-17,South,Product A,Core,CUST1328,At Risk,Online,3,500,10,1350.0,900.0,450.0
12497,2026-04-17,South,Product A,Core,CUST1387,Lost,Online,2,500,10,900.0,600.0,300.0
12498,2026-04-17,North,Product A,Core,CUST1060,At Risk,Online,2,500,5,950.0,600.0,350.0
12499,2026-04-17,West,Product A,Core,CUST1521,Loyal,Retail Store,3,500,0,1500.0,900.0,600.0
12500,2026-04-17,East,Product D,Accessory,CUST1182,New,Partner,4,1200,10,4320.0,2880.0,1440.0
12501,2026-04-17,South,Product D,Accessory,CUST1502,Lost,Retail Store,1,1200,10,1080.0,720.0,360.0
12502,2026-04-17,West,Product D,Accessory,CUST1289,Champions,Retail Store,1,1200,0,1200.0,720.0,480.0
12503,2026-04-17,East,Product C,Accessory,CUST1144,New,Retail Store,1,300,5,285.0,180.0,105.0
12504,2026-04-17,South,Product D,Accessory,CUST1067,Loyal,Retail Store,3,1200,0,3600.0,2160.0,1440.0
12505,2026-04-17,North,Product A,Core,CUST1480,New,Online,2,500,10,900.0,600.0,300.0
12506,2026-04-18,West,Product A,Core,CUST1104,At Risk,Online,3,500,5,1425.0,900.0,525.0
12507,2026-04-18,East,Product A,Core,CUST1458,At Risk,Retail Store,2,500,0,1000.0,600.0,400.0
12508,2026-04-18,East,Product B,Core,CUST1032,Loyal,Retail Store,1,750,0,750.0,450.0,300.0
12509,2026-04-18,West,Product B,Core,CUST1213,At Risk,Online,3,750,10,2025.0,1350.0,675.0
12510,2026-04-18,East,Product A,Core,CUST1051,Champions,Online,3,500,0,1500.0,900.0,600.0
12511,2026-04-18,East,Product B,Core,CUST1087,New,Retail Store,3,750,15,1912.5,1350.0,562.5
12512,2026-04-18,West,Product B,Core,CUST1226,Champions,Partner,2,750,0,1500.0,900.0,600.0
12513,2026-04-18,North,Product B,Core,CUST1393,At Risk,Partner,4,750,15,2550.0,1800.0,750.0
12514,2026-04-18,North,Product B,Core,CUST1538,Loyal,Online,2,750,0,1500.0,900.0,600.0
12515,2026-04-18,West,Product A,Core,CUST1576,Lost,Online,2,500,0,1000.0,600.0,400.0
12516,2026-04-18,North,Product C,Accessory,CUST1271,Loyal,Online,2,300,0,600.0,360.0,240.0
12517,2026-04-18,East,Product A,Core,CUST1168,Loyal,Online,4,500,5,1900.0,1200.0,700.0
12518,2026-04-18,East,Product B,Core,CUST1440,Lost,Online,4,750,15,2550.0,1800.0,750.0
12519,2026-04-18,West,Product B,Core,CUST1253,Loyal,Retail Store,3,750,15,1912.5,1350.0,562.5
12520,2026-04-18,West,Product B,Core,CUST1397,Loyal,Online,3,750,10,2025.0,1350.0,675.0
12521,2026-04-18,East,Product A,Core,CUST1026,New,Online,3,500,0,1500.0,900.0,600.0
12522,2026-04-18,East,Product C,Accessory,CUST1507,At Risk,Online,3,300,5,855.0,540.0,315.0
12523,2026-04-18,North,Product D,Accessory,CUST1288,New,Retail Store,2,1200,0,2400.0,1440.0,960.0
12524,2026-04-18,South,Product C,Accessory,CUST1067,Loyal,Online,4,300,0,1200.0,720.0,480.0
12525,2026-04-18,North,Product B,Core,CUST1341,Lost,Partner,2,750,10,1350.0,900.0,450.0
12526,2026-04-18,North,Product B,Core,CUST1037,New,Online,4,750,0,3000.0,1800.0,1200.0
12527,2026-04-18,West,Product B,Core,CUST1017,Champions,Online,3,750,0,2250.0,1350.0,900.0
12528,2026-04-18,North,Product B,Core,CUST1527,Lost,Retail Store,2,750,0,1500.0,900.0,600.0
12529,2026-04-18,South,Product A,Core,CUST1254,Loyal,Retail Store,1,500,10,450.0,300.0,150.0
12530,2026-04-18,East,Product A,Core,CUST1259,New,Retail Store,4,500,5,1900.0,1200.0,700.0
12531,2026-04-18,North,Product A,Core,CUST1399,New,Online,2,500,0,1000.0,600.0,400.0
12532,2026-04-18,North,Product A,Core,CUST1424,At Risk,Online,1,500,5,475.0,300.0,175.0
12533,2026-04-18,North,Product B,Core,CUST1347,Loyal,Retail Store,4,750,10,2700.0,1800.0,900.0
12534,2026-04-18,West,Product B,Core,CUST1111,Loyal,Retail Store,1,750,10,675.0,450.0,225.0
12535,2026-04-18,North,Product A,Core,CUST1454,Champions,Retail Store,4,500,10,1800.0,1200.0,600.0
12536,2026-04-18,West,Product B,Core,CUST1568,Loyal,Online,4,750,10,2700.0,1800.0,900.0
12537,2026-04-18,South,Product D,Accessory,CUST1121,At Risk,Online,1,1200,0,1200.0,720.0,480.0
12538,2026-04-18,East,Product C,Accessory,CUST1588,Loyal,Online,2,300,0,600.0,360.0,240.0
12539,2026-04-18,South,Product B,Core,CUST1428,Champions,Online,3,750,5,2137.5,1350.0,787.5
12540,2026-04-18,North,Product B,Core,CUST1081,New,Online,3,750,10,2025.0,1350.0,675.0
12541,2026-04-18,North,Product C,Accessory,CUST1381,Lost,Online,2,300,0,600.0,360.0,240.0
12542,2026-04-18,North,Product A,Core,CUST1002,Lost,Online,3,500,5,1425.0,900.0,525.0
12543,2026-04-18,South,Product A,Core,CUST1113,New,Retail Store,1,500,0,500.0,300.0,200.0
12544,2026-04-18,West,Product A,Core,CUST1049,Champions,Online,3,500,10,1350.0,900.0,450.0
12545,2026-04-18,North,Product B,Core,CUST1104,At Risk,Retail Store,4,750,5,2850.0,1800.0,1050.0
12546,2026-04-18,North,Product B,Core,CUST1208,Champions,Online,4,750,5,2850.0,1800.0,1050.0
12547,2026-04-18,South,Product C,Accessory,CUST1047,Loyal,Online,2,300,0,600.0,360.0,240.0
12548,2026-04-18,West,Product A,Core,CUST1005,Lost,Online,1,500,0,500.0,300.0,200.0
12549,2026-04-18,West,Product B,Core,CUST1044,At Risk,Retail Store,3,750,10,2025.0,1350.0,675.0
12550,2026-04-18,West,Product C,Accessory,CUST1297,At Risk,Online,3,300,10,810.0,540.0,270.0
12551,2026-04-18,North,Product C,Accessory,CUST1520,Lost,Retail Store,2,300,5,570.0,360.0,210.0
12552,2026-04-18,North,Product C,Accessory,CUST1196,New,Retail Store,4,300,10,1080.0,720.0,360.0
12553,2026-04-18,West,Product A,Core,CUST1532,Loyal,Retail Store,2,500,15,850.0,600.0,250.0
12554,2026-04-18,North,Product A,Core,CUST1312,Loyal,Retail Store,2,500,5,950.0,600.0,350.0
12555,2026-04-18,North,Product A,Core,CUST1444,Loyal,Online,4,500,0,2000.0,1200.0,800.0
12556,2026-04-18,West,Product B,Core,CUST1522,Loyal,Online,1,750,5,712.5,450.0,262.5
12557,2026-04-18,South,Product A,Core,CUST1104,At Risk,Retail Store,2,500,10,900.0,600.0,300.0
12558,2026-04-18,South,Product D,Accessory,CUST1478,At Risk,Retail Store,2,1200,0,2400.0,1440.0,960.0
12559,2026-04-18,South,Product D,Accessory,CUST1062,New,Retail Store,4,1200,10,4320.0,2880.0,1440.0
12560,2026-04-19,North,Product B,Core,CUST1134,New,Retail Store,3,750,0,2250.0,1350.0,900.0
12561,2026-04-19,North,Product C,Accessory,CUST1106,New,Retail Store,1,300,0,300.0,180.0,120.0
12562,2026-04-19,West,Product B,Core,CUST1193,At Risk,Online,4,750,5,2850.0,1800.0,1050.0
12563,2026-04-19,West,Product A,Core,CUST1416,Champions,Retail Store,2,500,20,800.0,600.0,200.0
12564,2026-04-19,West,Product C,Accessory,CUST1565,At Risk,Retail Store,3,300,15,765.0,540.0,225.0
12565,2026-04-19,West,Product C,Accessory,CUST1217,Champions,Retail Store,4,300,0,1200.0,720.0,480.0
12566,2026-04-19,North,Product D,Accessory,CUST1411,At Risk,Online,3,1200,5,3420.0,2160.0,1260.0
12567,2026-04-19,West,Product C,Accessory,CUST1281,Loyal,Online,1,300,0,300.0,180.0,120.0
12568,2026-04-19,West,Product A,Core,CUST1505,At Risk,Retail Store,3,500,5,1425.0,900.0,525.0
12569,2026-04-19,East,Product C,Accessory,CUST1461,Champions,Online,3,300,0,900.0,540.0,360.0
12570,2026-04-19,South,Product A,Core,CUST1230,Champions,Online,4,500,10,1800.0,1200.0,600.0
12571,2026-04-19,North,Product C,Accessory,CUST1071,New,Online,1,300,5,285.0,180.0,105.0
12572,2026-04-19,North,Product C,Accessory,CUST1334,Champions,Partner,3,300,5,855.0,540.0,315.0
12573,2026-04-19,West,Product A,Core,CUST1122,Champions,Online,3,500,10,1350.0,900.0,450.0
12574,2026-04-19,North,Product B,Core,CUST1068,Champions,Online,3,750,10,2025.0,1350.0,675.0
12575,2026-04-19,North,Product B,Core,CUST1546,Loyal,Partner,4,750,0,3000.0,1800.0,1200.0
12576,2026-04-19,West,Product B,Core,CUST1184,At Risk,Online,2,750,0,1500.0,900.0,600.0
12577,2026-04-19,East,Product B,Core,CUST1355,New,Retail Store,3,750,0,2250.0,1350.0,900.0
12578,2026-04-19,South,Product C,Accessory,CUST1417,At Risk,Retail Store,1,300,5,285.0,180.0,105.0
12579,2026-04-19,East,Product B,Core,CUST1405,Lost,Online,1,750,5,712.5,450.0,262.5
12580,2026-04-19,East,Product D,Accessory,CUST1390,At Risk,Online,1,1200,0,1200.0,720.0,480.0
12581,2026-04-19,North,Product D,Accessory,CUST1237,At Risk,Online,4,1200,0,4800.0,2880.0,1920.0
12582,2026-04-19,West,Product C,Accessory,CUST1557,New,Retail Store,1,300,10,270.0,180.0,90.0
12583,2026-04-19,South,Product B,Core,CUST1147,New,Online,3,750,0,2250.0,1350.0,900.0
12584,2026-04-19,East,Product B,Core,CUST1210,At Risk,Online,3,750,10,2025.0,1350.0,675.0
12585,2026-04-19,North,Product C,Accessory,CUST1171,New,Retail Store,2,300,10,540.0,360.0,180.0
12586,2026-04-19,North,Product D,Accessory,CUST1565,At Risk,Online,2,1200,0,2400.0,1440.0,960.0
12587,2026-04-19,South,Product C,Accessory,CUST1400,Loyal,Retail Store,4,300,20,960.0,720.0,240.0
12588,2026-04-19,South,Product A,Core,CUST1573,At Risk,Online,4,500,0,2000.0,1200.0,800.0
12589,2026-04-19,North,Product A,Core,CUST1476,New,Online,2,500,10,900.0,600.0,300.0
12590,2026-04-19,West,Product A,Core,CUST1269,Champions,Retail Store,1,500,0,500.0,300.0,200.0
12591,2026-04-19,South,Product B,Core,CUST1397,Loyal,Online,4,750,5,2850.0,1800.0,1050.0
12592,2026-04-19,West,Product A,Core,CUST1414,Champions,Retail Store,4,500,0,2000.0,1200.0,800.0
12593,2026-04-19,East,Product C,Accessory,CUST1183,Loyal,Online,2,300,5,570.0,360.0,210.0
12594,2026-04-19,East,Product A,Core,CUST1379,At Risk,Online,3,500,5,1425.0,900.0,525.0
12595,2026-04-19,East,Product B,Core,CUST1257,Champions,Online,3,750,10,2025.0,1350.0,675.0
12596,2026-04-19,North,Product C,Accessory,CUST1257,Champions,Retail Store,3,300,5,855.0,540.0,315.0
12597,2026-04-19,North,Product D,Accessory,CUST1368,Loyal,Retail Store,3,1200,0,3600.0,2160.0,1440.0
12598,2026-04-19,East,Product C,Accessory,CUST1008,Champions,Partner,1,300,15,255.0,180.0,75.0
12599,2026-04-19,West,Product C,Accessory,CUST1526,Lost,Retail Store,2,300,0,600.0,360.0,240.0
12600,2026-04-19,East,Product A,Core,CUST1533,At Risk,Online,4,500,0,2000.0,1200.0,800.0
12601,2026-04-19,North,Product C,Accessory,CUST1119,At Risk,Online,1,300,0,300.0,180.0,120.0
12602,2026-04-19,West,Product B,Core,CUST1339,Lost,Online,2,750,0,1500.0,900.0,600.0
12603,2026-04-19,North,Product A,Core,CUST1087,New,Online,1,500,0,500.0,300.0,200.0
12604,2026-04-19,East,Product B,Core,CUST1523,At Risk,Online,4,750,15,2550.0,1800.0,750.0
12605,2026-04-19,West,Product C,Accessory,CUST1481,Loyal,Partner,1,300,10,270.0,180.0,90.0
12606,2026-04-19,North,Product A,Core,CUST1288,New,Online,4,500,5,1900.0,1200.0,700.0
12607,2026-04-19,East,Product A,Core,CUST1318,Loyal,Online,3,500,15,1275.0,900.0,375.0
12608,2026-04-19,North,Product A,Core,CUST1482,New,Online,1,500,0,500.0,300.0,200.0
12609,2026-04-19,North,Product C,Accessory,CUST1410,At Risk,Online,1,300,0,300.0,180.0,120.0
12610,2026-04-19,West,Product B,Core,CUST1062,New,Retail Store,2,750,0,1500.0,900.0,600.0
12611,2026-04-19,East,Product B,Core,CUST1471,New,Retail Store,3,750,5,2137.5,1350.0,787.5
12612,2026-04-19,North,Product C,Accessory,CUST1164,New,Online,3,300,15,765.0,540.0,225.0
12613,2026-04-19,South,Product A,Core,CUST1494,At Risk,Retail Store,1,500,0,500.0,300.0,200.0
12614,2026-04-19,West,Product C,Accessory,CUST1250,At Risk,Retail Store,1,300,0,300.0,180.0,120.0
12615,2026-04-20,East,Product A,Core,CUST1043,Loyal,Online,4,500,0,2000.0,1200.0,800.0
12616,2026-04-20,South,Product D,Accessory,CUST1057,New,Online,2,1200,5,2280.0,1440.0,840.0
12617,2026-04-20,North,Product A,Core,CUST1429,At Risk,Retail Store,3,500,0,1500.0,900.0,600.0
12618,2026-04-20,South,Product A,Core,CUST1301,Champions,Retail Store,2,500,0,1000.0,600.0,400.0
12619,2026-04-20,West,Product B,Core,CUST1553,Lost,Retail Store,3,750,15,1912.5,1350.0,562.5
12620,2026-04-20,West,Product B,Core,CUST1518,Champions,Online,2,750,0,1500.0,900.0,600.0
12621,2026-04-20,West,Product A,Core,CUST1515,Loyal,Online,3,500,20,1200.0,900.0,300.0
12622,2026-04-20,North,Product B,Core,CUST1321,New,Online,4,750,10,2700.0,1800.0,900.0
12623,2026-04-20,North,Product B,Core,CUST1002,Lost,Online,1,750,5,712.5,450.0,262.5
12624,2026-04-20,North,Product D,Accessory,CUST1505,At Risk,Online,3,1200,10,3240.0,2160.0,1080.0
12625,2026-04-20,North,Product D,Accessory,CUST1594,Champions,Online,2,1200,0,2400.0,1440.0,960.0
12626,2026-04-20,East,Product B,Core,CUST1458,At Risk,Online,4,750,0,3000.0,1800.0,1200.0
12627,2026-04-20,North,Product D,Accessory,CUST1406,Loyal,Retail Store,3,1200,0,3600.0,2160.0,1440.0
12628,2026-04-20,North,Product B,Core,CUST1468,Champions,Online,4,750,0,3000.0,1800.0,1200.0
12629,2026-04-20,South,Product A,Core,CUST1281,Loyal,Online,3,500,15,1275.0,900.0,375.0
12630,2026-04-20,East,Product A,Core,CUST1013,At Risk,Retail Store,4,500,10,1800.0,1200.0,600.0
12631,2026-04-20,West,Product C,Accessory,CUST1362,Champions,Online,1,300,0,300.0,180.0,120.0
12632,2026-04-20,South,Product D,Accessory,CUST1572,New,Online,3,1200,15,3060.0,2160.0,900.0
12633,2026-04-20,East,Product A,Core,CUST1247,New,Online,4,500,5,1900.0,1200.0,700.0
12634,2026-04-20,South,Product D,Accessory,CUST1223,Lost,Online,2,1200,10,2160.0,1440.0,720.0
12635,2026-04-20,West,Product A,Core,CUST1400,Loyal,Partner,1,500,10,450.0,300.0,150.0
12636,2026-04-20,South,Product B,Core,CUST1525,Loyal,Retail Store,2,750,10,1350.0,900.0,450.0
12637,2026-04-20,North,Product C,Accessory,CUST1159,At Risk,Retail Store,1,300,0,300.0,180.0,120.0
12638,2026-04-20,North,Product A,Core,CUST1328,At Risk,Retail Store,2,500,5,950.0,600.0,350.0
12639,2026-04-20,South,Product A,Core,CUST1564,At Risk,Online,4,500,0,2000.0,1200.0,800.0
12640,2026-04-20,North,Product A,Core,CUST1020,At Risk,Online,3,500,10,1350.0,900.0,450.0
12641,2026-04-20,North,Product B,Core,CUST1214,At Risk,Retail Store,2,750,15,1275.0,900.0,375.0
12642,2026-04-20,South,Product A,Core,CUST1569,New,Retail Store,3,500,0,1500.0,900.0,600.0
12643,2026-04-20,South,Product A,Core,CUST1526,Lost,Partner,3,500,5,1425.0,900.0,525.0
12644,2026-04-20,West,Product A,Core,CUST1568,Loyal,Partner,4,500,10,1800.0,1200.0,600.0
12645,2026-04-20,North,Product A,Core,CUST1589,Champions,Retail Store,1,500,0,500.0,300.0,200.0
12646,2026-04-20,North,Product A,Core,CUST1150,At Risk,Retail Store,3,500,10,1350.0,900.0,450.0
12647,2026-04-20,North,Product B,Core,CUST1410,At Risk,Online,2,750,5,1425.0,900.0,525.0
12648,2026-04-20,East,Product B,Core,CUST1269,Champions,Partner,2,750,0,1500.0,900.0,600.0
12649,2026-04-20,West,Product C,Accessory,CUST1295,Lost,Online,1,300,0,300.0,180.0,120.0
12650,2026-04-20,East,Product D,Accessory,CUST1341,Lost,Online,2,1200,0,2400.0,1440.0,960.0
12651,2026-04-20,South,Product C,Accessory,CUST1452,At Risk,Retail Store,1,300,0,300.0,180.0,120.0
12652,2026-04-20,East,Product C,Accessory,CUST1475,Loyal,Online,3,300,5,855.0,540.0,315.0
12653,2026-04-20,East,Product C,Accessory,CUST1244,At Risk,Retail Store,3,300,0,900.0,540.0,360.0
12654,2026-04-20,North,Product D,Accessory,CUST1368,Loyal,Partner,1,1200,15,1020.0,720.0,300.0
12655,2026-04-20,East,Product C,Accessory,CUST1309,Champions,Online,3,300,0,900.0,540.0,360.0
12656,2026-04-20,North,Product A,Core,CUST1488,New,Online,4,500,5,1900.0,1200.0,700.0
12657,2026-04-21,North,Product C,Accessory,CUST1109,Lost,Retail Store,1,300,0,300.0,180.0,120.0
12658,2026-04-21,North,Product A,Core,CUST1400,Loyal,Online,4,500,5,1900.0,1200.0,700.0
12659,2026-04-21,South,Product B,Core,CUST1465,At Risk,Online,1,750,10,675.0,450.0,225.0
12660,2026-04-21,East,Product A,Core,CUST1374,Loyal,Retail Store,1,500,0,500.0,300.0,200.0
12661,2026-04-21,East,Product B,Core,CUST1561,Loyal,Online,1,750,5,712.5,450.0,262.5
12662,2026-04-21,North,Product B,Core,CUST1090,Loyal,Online,3,750,20,1800.0,1350.0,450.0
12663,2026-04-21,North,Product A,Core,CUST1525,Loyal,Retail Store,2,500,0,1000.0,600.0,400.0
12664,2026-04-21,East,Product A,Core,CUST1383,New,Online,3,500,5,1425.0,900.0,525.0
12665,2026-04-21,East,Product A,Core,CUST1349,Champions,Online,3,500,0,1500.0,900.0,600.0
12666,2026-04-21,West,Product C,Accessory,CUST1442,At Risk,Retail Store,4,300,0,1200.0,720.0,480.0
12667,2026-04-21,South,Product B,Core,CUST1080,At Risk,Online,1,750,0,750.0,450.0,300.0
12668,2026-04-21,West,Product A,Core,CUST1468,Champions,Retail Store,3,500,5,1425.0,900.0,525.0
12669,2026-04-21,North,Product B,Core,CUST1125,New,Retail Store,4,750,5,2850.0,1800.0,1050.0
12670,2026-04-21,North,Product C,Accessory,CUST1525,Loyal,Retail Store,3,300,5,855.0,540.0,315.0
12671,2026-04-21,West,Product B,Core,CUST1093,Loyal,Retail Store,1,750,20,600.0,450.0,150.0
12672,2026-04-21,North,Product A,Core,CUST1128,Champions,Online,4,500,5,1900.0,1200.0,700.0
12673,2026-04-21,North,Product A,Core,CUST1349,Champions,Online,4,500,10,1800.0,1200.0,600.0
12674,2026-04-21,East,Product B,Core,CUST1322,Loyal,Retail Store,1,750,0,750.0,450.0,300.0
12675,2026-04-21,West,Product A,Core,CUST1525,Loyal,Partner,2,500,0,1000.0,600.0,400.0
12676,2026-04-21,North,Product B,Core,CUST1010,Loyal,Retail Store,4,750,0,3000.0,1800.0,1200.0
12677,2026-04-21,East,Product A,Core,CUST1236,New,Partner,4,500,0,2000.0,1200.0,800.0
12678,2026-04-21,West,Product B,Core,CUST1586,Loyal,Retail Store,1,750,0,750.0,450.0,300.0
12679,2026-04-21,North,Product D,Accessory,CUST1021,Loyal,Online,2,1200,5,2280.0,1440.0,840.0
12680,2026-04-21,South,Product A,Core,CUST1065,New,Online,4,500,10,1800.0,1200.0,600.0
12681,2026-04-21,West,Product A,Core,CUST1079,At Risk,Retail Store,4,500,15,1700.0,1200.0,500.0
12682,2026-04-21,North,Product A,Core,CUST1311,New,Partner,3,500,5,1425.0,900.0,525.0
12683,2026-04-21,South,Product A,Core,CUST1311,New,Retail Store,3,500,10,1350.0,900.0,450.0
12684,2026-04-21,South,Product D,Accessory,CUST1308,Loyal,Online,1,1200,5,1140.0,720.0,420.0
12685,2026-04-21,South,Product C,Accessory,CUST1536,New,Online,3,300,0,900.0,540.0,360.0
12686,2026-04-21,South,Product C,Accessory,CUST1168,Loyal,Online,3,300,0,900.0,540.0,360.0
12687,2026-04-21,East,Product B,Core,CUST1084,Champions,Online,3,750,0,2250.0,1350.0,900.0
12688,2026-04-21,North,Product C,Accessory,CUST1466,At Risk,Online,2,300,0,600.0,360.0,240.0
12689,2026-04-21,South,Product B,Core,CUST1584,Lost,Online,2,750,5,1425.0,900.0,525.0
12690,2026-04-21,East,Product D,Accessory,CUST1303,New,Retail Store,1,1200,0,1200.0,720.0,480.0
12691,2026-04-21,South,Product C,Accessory,CUST1112,Loyal,Partner,1,300,5,285.0,180.0,105.0
12692,2026-04-21,South,Product A,Core,CUST1144,New,Online,3,500,0,1500.0,900.0,600.0
12693,2026-04-21,South,Product A,Core,CUST1202,New,Online,4,500,5,1900.0,1200.0,700.0
12694,2026-04-21,East,Product C,Accessory,CUST1228,At Risk,Partner,4,300,0,1200.0,720.0,480.0
12695,2026-04-21,South,Product C,Accessory,CUST1299,At Risk,Retail Store,1,300,0,300.0,180.0,120.0
12696,2026-04-21,West,Product C,Accessory,CUST1391,Champions,Online,3,300,20,720.0,540.0,180.0
12697,2026-04-21,East,Product C,Accessory,CUST1400,Loyal,Online,4,300,0,1200.0,720.0,480.0
12698,2026-04-21,North,Product C,Accessory,CUST1025,Loyal,Online,3,300,0,900.0,540.0,360.0
12699,2026-04-21,East,Product B,Core,CUST1196,New,Online,2,750,10,1350.0,900.0,450.0
12700,2026-04-21,South,Product B,Core,CUST1126,Loyal,Online,3,750,5,2137.5,1350.0,787.5
12701,2026-04-21,West,Product C,Accessory,CUST1486,New,Retail Store,1,300,0,300.0,180.0,120.0
12702,2026-04-21,West,Product B,Core,CUST1025,Loyal,Retail Store,1,750,15,637.5,450.0,187.5
12703,2026-04-21,West,Product C,Accessory,CUST1554,Champions,Retail Store,3,300,5,855.0,540.0,315.0
12704,2026-04-22,South,Product A,Core,CUST1069,New,Partner,1,500,15,425.0,300.0,125.0
12705,2026-04-22,South,Product A,Core,CUST1108,Champions,Online,4,500,20,1600.0,1200.0,400.0
12706,2026-04-22,West,Product C,Accessory,CUST1094,Loyal,Retail Store,1,300,20,240.0,180.0,60.0
12707,2026-04-22,South,Product D,Accessory,CUST1072,Lost,Partner,2,1200,10,2160.0,1440.0,720.0
12708,2026-04-22,North,Product B,Core,CUST1308,Loyal,Online,1,750,20,600.0,450.0,150.0
12709,2026-04-22,North,Product C,Accessory,CUST1531,At Risk,Retail Store,4,300,20,960.0,720.0,240.0
12710,2026-04-22,East,Product C,Accessory,CUST1144,New,Online,1,300,0,300.0,180.0,120.0
12711,2026-04-22,West,Product C,Accessory,CUST1192,Champions,Partner,3,300,0,900.0,540.0,360.0
12712,2026-04-22,West,Product A,Core,CUST1599,At Risk,Retail Store,2,500,0,1000.0,600.0,400.0
12713,2026-04-22,East,Product C,Accessory,CUST1086,At Risk,Online,4,300,0,1200.0,720.0,480.0
12714,2026-04-22,North,Product B,Core,CUST1026,New,Online,1,750,10,675.0,450.0,225.0
12715,2026-04-22,North,Product B,Core,CUST1022,Lost,Online,1,750,5,712.5,450.0,262.5
12716,2026-04-22,North,Product B,Core,CUST1171,New,Online,4,750,0,3000.0,1800.0,1200.0
12717,2026-04-22,West,Product A,Core,CUST1260,Champions,Online,3,500,5,1425.0,900.0,525.0
12718,2026-04-22,East,Product D,Accessory,CUST1046,Loyal,Retail Store,4,1200,0,4800.0,2880.0,1920.0
12719,2026-04-22,North,Product B,Core,CUST1330,At Risk,Online,2,750,0,1500.0,900.0,600.0
12720,2026-04-22,West,Product B,Core,CUST1529,Loyal,Online,3,750,5,2137.5,1350.0,787.5
12721,2026-04-22,North,Product C,Accessory,CUST1445,At Risk,Online,1,300,0,300.0,180.0,120.0
12722,2026-04-22,North,Product C,Accessory,CUST1119,At Risk,Online,3,300,0,900.0,540.0,360.0
12723,2026-04-22,South,Product D,Accessory,CUST1160,Champions,Retail Store,3,1200,0,3600.0,2160.0,1440.0
12724,2026-04-22,North,Product C,Accessory,CUST1207,At Risk,Retail Store,3,300,0,900.0,540.0,360.0
12725,2026-04-22,West,Product B,Core,CUST1488,New,Online,1,750,0,750.0,450.0,300.0
12726,2026-04-22,East,Product C,Accessory,CUST1542,At Risk,Online,2,300,5,570.0,360.0,210.0
12727,2026-04-22,South,Product D,Accessory,CUST1200,At Risk,Partner,1,1200,0,1200.0,720.0,480.0
12728,2026-04-22,North,Product C,Accessory,CUST1199,Loyal,Online,1,300,10,270.0,180.0,90.0
12729,2026-04-22,East,Product A,Core,CUST1491,At Risk,Online,2,500,20,800.0,600.0,200.0
12730,2026-04-22,North,Product B,Core,CUST1378,Loyal,Retail Store,2,750,10,1350.0,900.0,450.0
12731,2026-04-22,South,Product C,Accessory,CUST1548,At Risk,Online,2,300,0,600.0,360.0,240.0
12732,2026-04-22,North,Product D,Accessory,CUST1490,At Risk,Online,4,1200,10,4320.0,2880.0,1440.0
12733,2026-04-22,South,Product B,Core,CUST1361,Champions,Online,3,750,0,2250.0,1350.0,900.0
12734,2026-04-22,North,Product C,Accessory,CUST1409,Lost,Partner,3,300,10,810.0,540.0,270.0
12735,2026-04-22,West,Product B,Core,CUST1402,At Risk,Partner,4,750,20,2400.0,1800.0,600.0
12736,2026-04-22,East,Product B,Core,CUST1086,At Risk,Retail Store,4,750,0,3000.0,1800.0,1200.0
12737,2026-04-22,North,Product D,Accessory,CUST1414,Champions,Online,1,1200,0,1200.0,720.0,480.0
12738,2026-04-22,West,Product B,Core,CUST1456,Lost,Online,1,750,5,712.5,450.0,262.5
12739,2026-04-22,South,Product A,Core,CUST1084,Champions,Retail Store,4,500,10,1800.0,1200.0,600.0
12740,2026-04-22,South,Product D,Accessory,CUST1334,Champions,Online,3,1200,20,2880.0,2160.0,720.0
12741,2026-04-23,East,Product B,Core,CUST1420,At Risk,Online,3,750,0,2250.0,1350.0,900.0
12742,2026-04-23,South,Product D,Accessory,CUST1268,Champions,Retail Store,1,1200,0,1200.0,720.0,480.0
12743,2026-04-23,North,Product A,Core,CUST1501,Lost,Online,2,500,10,900.0,600.0,300.0
12744,2026-04-23,South,Product A,Core,CUST1499,New,Online,2,500,0,1000.0,600.0,400.0
12745,2026-04-23,North,Product C,Accessory,CUST1212,Loyal,Retail Store,3,300,5,855.0,540.0,315.0
12746,2026-04-23,South,Product A,Core,CUST1088,Loyal,Online,3,500,0,1500.0,900.0,600.0
12747,2026-04-23,West,Product A,Core,CUST1544,Champions,Partner,1,500,0,500.0,300.0,200.0
12748,2026-04-23,South,Product A,Core,CUST1316,Loyal,Partner,2,500,10,900.0,600.0,300.0
12749,2026-04-23,South,Product A,Core,CUST1006,At Risk,Retail Store,2,500,0,1000.0,600.0,400.0
12750,2026-04-23,North,Product C,Accessory,CUST1351,Loyal,Partner,4,300,5,1140.0,720.0,420.0
12751,2026-04-23,East,Product D,Accessory,CUST1187,Champions,Online,1,1200,0,1200.0,720.0,480.0
12752,2026-04-23,West,Product D,Accessory,CUST1109,Lost,Online,4,1200,20,3840.0,2880.0,960.0
12753,2026-04-23,North,Product A,Core,CUST1109,Lost,Retail Store,3,500,0,1500.0,900.0,600.0
12754,2026-04-23,South,Product B,Core,CUST1270,Champions,Retail Store,1,750,0,750.0,450.0,300.0
12755,2026-04-23,South,Product C,Accessory,CUST1043,Loyal,Online,4,300,0,1200.0,720.0,480.0
12756,2026-04-23,West,Product B,Core,CUST1217,Champions,Online,2,750,10,1350.0,900.0,450.0
12757,2026-04-23,North,Product A,Core,CUST1008,Champions,Online,1,500,0,500.0,300.0,200.0
12758,2026-04-23,North,Product B,Core,CUST1362,Champions,Online,2,750,15,1275.0,900.0,375.0
12759,2026-04-23,West,Product D,Accessory,CUST1395,New,Online,1,1200,5,1140.0,720.0,420.0
12760,2026-04-23,North,Product A,Core,CUST1288,New,Retail Store,1,500,0,500.0,300.0,200.0
12761,2026-04-23,West,Product C,Accessory,CUST1466,At Risk,Online,1,300,0,300.0,180.0,120.0
12762,2026-04-23,West,Product C,Accessory,CUST1060,At Risk,Retail Store,3,300,0,900.0,540.0,360.0
12763,2026-04-23,West,Product D,Accessory,CUST1012,At Risk,Online,3,1200,0,3600.0,2160.0,1440.0
12764,2026-04-23,North,Product A,Core,CUST1313,Loyal,Retail Store,3,500,0,1500.0,900.0,600.0
12765,2026-04-23,North,Product A,Core,CUST1572,New,Retail Store,4,500,5,1900.0,1200.0,700.0
12766,2026-04-23,East,Product A,Core,CUST1583,Loyal,Online,1,500,0,500.0,300.0,200.0
12767,2026-04-23,East,Product A,Core,CUST1347,Loyal,Retail Store,3,500,5,1425.0,900.0,525.0
12768,2026-04-23,West,Product A,Core,CUST1449,At Risk,Online,3,500,10,1350.0,900.0,450.0
12769,2026-04-23,South,Product A,Core,CUST1275,Loyal,Retail Store,1,500,10,450.0,300.0,150.0
12770,2026-04-23,East,Product B,Core,CUST1361,Champions,Retail Store,3,750,5,2137.5,1350.0,787.5
12771,2026-04-23,South,Product C,Accessory,CUST1327,New,Online,2,300,20,480.0,360.0,120.0
12772,2026-04-23,West,Product A,Core,CUST1225,Lost,Online,4,500,15,1700.0,1200.0,500.0
12773,2026-04-23,North,Product B,Core,CUST1074,Champions,Online,4,750,0,3000.0,1800.0,1200.0
12774,2026-04-23,West,Product B,Core,CUST1408,Champions,Retail Store,4,750,0,3000.0,1800.0,1200.0
12775,2026-04-23,South,Product B,Core,CUST1576,Lost,Online,1,750,0,750.0,450.0,300.0
12776,2026-04-23,East,Product B,Core,CUST1192,Champions,Online,1,750,5,712.5,450.0,262.5
12777,2026-04-23,North,Product C,Accessory,CUST1236,New,Online,4,300,20,960.0,720.0,240.0
12778,2026-04-23,North,Product D,Accessory,CUST1598,Lost,Retail Store,2,1200,10,2160.0,1440.0,720.0
12779,2026-04-23,West,Product D,Accessory,CUST1125,New,Online,4,1200,10,4320.0,2880.0,1440.0
12780,2026-04-23,North,Product A,Core,CUST1105,At Risk,Partner,1,500,0,500.0,300.0,200.0
12781,2026-04-23,West,Product C,Accessory,CUST1221,New,Online,2,300,10,540.0,360.0,180.0
12782,2026-04-23,East,Product B,Core,CUST1181,Lost,Online,3,750,0,2250.0,1350.0,900.0
12783,2026-04-23,North,Product A,Core,CUST1591,New,Online,3,500,0,1500.0,900.0,600.0
12784,2026-04-23,West,Product A,Core,CUST1572,New,Online,2,500,10,900.0,600.0,300.0
12785,2026-04-23,South,Product B,Core,CUST1385,Lost,Retail Store,4,750,5,2850.0,1800.0,1050.0
12786,2026-04-23,West,Product D,Accessory,CUST1507,At Risk,Retail Store,3,1200,15,3060.0,2160.0,900.0
12787,2026-04-23,West,Product A,Core,CUST1295,Lost,Retail Store,4,500,5,1900.0,1200.0,700.0
12788,2026-04-23,South,Product A,Core,CUST1431,At Risk,Retail Store,4,500,0,2000.0,1200.0,800.0
12789,2026-04-23,East,Product A,Core,CUST1029,At Risk,Retail Store,2,500,5,950.0,600.0,350.0
12790,2026-04-23,North,Product A,Core,CUST1043,Loyal,Retail Store,2,500,10,900.0,600.0,300.0
12791,2026-04-23,East,Product A,Core,CUST1513,Loyal,Retail Store,1,500,5,475.0,300.0,175.0
12792,2026-04-23,North,Product B,Core,CUST1378,Loyal,Online,3,750,0,2250.0,1350.0,900.0
12793,2026-04-23,South,Product C,Accessory,CUST1358,New,Online,4,300,0,1200.0,720.0,480.0
12794,2026-04-23,South,Product A,Core,CUST1030,At Risk,Retail Store,4,500,5,1900.0,1200.0,700.0
12795,2026-04-23,East,Product A,Core,CUST1184,At Risk,Partner,3,500,0,1500.0,900.0,600.0
12796,2026-04-23,South,Product D,Accessory,CUST1157,At Risk,Online,2,1200,0,2400.0,1440.0,960.0
12797,2026-04-23,South,Product B,Core,CUST1260,Champions,Online,2,750,5,1425.0,900.0,525.0
12798,2026-04-23,West,Product B,Core,CUST1246,At Risk,Retail Store,3,750,0,2250.0,1350.0,900.0
12799,2026-04-23,North,Product A,Core,CUST1181,Lost,Online,4,500,0,2000.0,1200.0,800.0
12800,2026-04-24,North,Product B,Core,CUST1074,Champions,Online,3,750,5,2137.5,1350.0,787.5
12801,2026-04-24,West,Product A,Core,CUST1144,New,Online,2,500,5,950.0,600.0,350.0
12802,2026-04-24,South,Product B,Core,CUST1372,Loyal,Online,4,750,5,2850.0,1800.0,1050.0
12803,2026-04-24,South,Product A,Core,CUST1352,New,Online,2,500,10,900.0,600.0,300.0
12804,2026-04-24,South,Product A,Core,CUST1073,Loyal,Retail Store,4,500,15,1700.0,1200.0,500.0
12805,2026-04-24,South,Product C,Accessory,CUST1295,Lost,Retail Store,2,300,5,570.0,360.0,210.0
12806,2026-04-24,North,Product D,Accessory,CUST1440,Lost,Retail Store,3,1200,10,3240.0,2160.0,1080.0
12807,2026-04-24,North,Product A,Core,CUST1215,At Risk,Online,1,500,10,450.0,300.0,150.0
12808,2026-04-24,North,Product C,Accessory,CUST1424,At Risk,Online,4,300,5,1140.0,720.0,420.0
12809,2026-04-24,West,Product B,Core,CUST1348,New,Online,2,750,0,1500.0,900.0,600.0
12810,2026-04-24,West,Product A,Core,CUST1220,Loyal,Online,3,500,0,1500.0,900.0,600.0
12811,2026-04-24,North,Product A,Core,CUST1180,Lost,Retail Store,4,500,5,1900.0,1200.0,700.0
12812,2026-04-24,North,Product C,Accessory,CUST1149,Champions,Retail Store,4,300,0,1200.0,720.0,480.0
12813,2026-04-24,North,Product D,Accessory,CUST1502,Lost,Online,1,1200,10,1080.0,720.0,360.0
12814,2026-04-24,East,Product D,Accessory,CUST1433,At Risk,Online,2,1200,0,2400.0,1440.0,960.0
12815,2026-04-24,East,Product A,Core,CUST1113,New,Online,4,500,10,1800.0,1200.0,600.0
12816,2026-04-24,West,Product B,Core,CUST1011,Lost,Online,3,750,10,2025.0,1350.0,675.0
12817,2026-04-24,East,Product A,Core,CUST1132,New,Partner,4,500,5,1900.0,1200.0,700.0
12818,2026-04-24,West,Product B,Core,CUST1279,Lost,Online,2,750,5,1425.0,900.0,525.0
12819,2026-04-24,East,Product A,Core,CUST1223,Lost,Retail Store,2,500,10,900.0,600.0,300.0
12820,2026-04-24,West,Product A,Core,CUST1217,Champions,Online,4,500,0,2000.0,1200.0,800.0
12821,2026-04-24,East,Product B,Core,CUST1555,Loyal,Online,4,750,5,2850.0,1800.0,1050.0
12822,2026-04-24,North,Product A,Core,CUST1358,New,Online,1,500,0,500.0,300.0,200.0
12823,2026-04-24,East,Product B,Core,CUST1149,Champions,Online,3,750,15,1912.5,1350.0,562.5
12824,2026-04-24,North,Product C,Accessory,CUST1574,Lost,Online,1,300,0,300.0,180.0,120.0
12825,2026-04-24,North,Product A,Core,CUST1036,Champions,Retail Store,1,500,10,450.0,300.0,150.0
12826,2026-04-24,West,Product A,Core,CUST1029,At Risk,Online,1,500,15,425.0,300.0,125.0
12827,2026-04-24,South,Product A,Core,CUST1497,At Risk,Online,4,500,0,2000.0,1200.0,800.0
12828,2026-04-24,West,Product D,Accessory,CUST1096,Loyal,Online,2,1200,5,2280.0,1440.0,840.0
12829,2026-04-24,North,Product B,Core,CUST1338,Champions,Retail Store,1,750,10,675.0,450.0,225.0
12830,2026-04-24,North,Product A,Core,CUST1083,Loyal,Online,3,500,10,1350.0,900.0,450.0
12831,2026-04-24,South,Product A,Core,CUST1587,Loyal,Partner,3,500,10,1350.0,900.0,450.0
12832,2026-04-24,North,Product B,Core,CUST1501,Lost,Online,4,750,10,2700.0,1800.0,900.0
12833,2026-04-24,North,Product D,Accessory,CUST1264,Lost,Online,2,1200,5,2280.0,1440.0,840.0
12834,2026-04-24,North,Product C,Accessory,CUST1150,At Risk,Online,4,300,20,960.0,720.0,240.0
12835,2026-04-24,North,Product C,Accessory,CUST1037,New,Retail Store,4,300,15,1020.0,720.0,300.0
12836,2026-04-24,East,Product A,Core,CUST1520,Lost,Online,1,500,0,500.0,300.0,200.0
12837,2026-04-24,South,Product A,Core,CUST1233,New,Retail Store,4,500,0,2000.0,1200.0,800.0
12838,2026-04-24,North,Product A,Core,CUST1416,Champions,Retail Store,1,500,20,400.0,300.0,100.0
12839,2026-04-24,North,Product A,Core,CUST1121,At Risk,Online,4,500,0,2000.0,1200.0,800.0
12840,2026-04-24,East,Product B,Core,CUST1165,Loyal,Retail Store,4,750,5,2850.0,1800.0,1050.0
12841,2026-04-24,East,Product C,Accessory,CUST1125,New,Retail Store,2,300,10,540.0,360.0,180.0
12842,2026-04-24,North,Product C,Accessory,CUST1398,New,Online,2,300,0,600.0,360.0,240.0
12843,2026-04-24,North,Product A,Core,CUST1195,Loyal,Online,1,500,5,475.0,300.0,175.0
12844,2026-04-24,West,Product C,Accessory,CUST1224,Loyal,Online,1,300,5,285.0,180.0,105.0
12845,2026-04-24,South,Product B,Core,CUST1066,New,Retail Store,3,750,10,2025.0,1350.0,675.0
12846,2026-04-24,North,Product C,Accessory,CUST1597,At Risk,Online,4,300,10,1080.0,720.0,360.0
12847,2026-04-24,South,Product A,Core,CUST1410,At Risk,Online,4,500,0,2000.0,1200.0,800.0
12848,2026-04-24,East,Product B,Core,CUST1067,Loyal,Partner,1,750,5,712.5,450.0,262.5
12849,2026-04-24,East,Product A,Core,CUST1278,Lost,Retail Store,3,500,5,1425.0,900.0,525.0
12850,2026-04-24,South,Product D,Accessory,CUST1040,New,Online,4,1200,0,4800.0,2880.0,1920.0
12851,2026-04-24,South,Product D,Accessory,CUST1070,Loyal,Online,4,1200,15,4080.0,2880.0,1200.0
12852,2026-04-24,South,Product A,Core,CUST1081,New,Online,3,500,5,1425.0,900.0,525.0
12853,2026-04-24,South,Product C,Accessory,CUST1512,Champions,Online,4,300,5,1140.0,720.0,420.0
12854,2026-04-24,East,Product A,Core,CUST1406,Loyal,Retail Store,4,500,0,2000.0,1200.0,800.0
12855,2026-04-24,West,Product B,Core,CUST1352,New,Online,1,750,15,637.5,450.0,187.5
12856,2026-04-24,South,Product A,Core,CUST1561,Loyal,Retail Store,1,500,0,500.0,300.0,200.0
12857,2026-04-24,South,Product A,Core,CUST1571,At Risk,Retail Store,2,500,5,950.0,600.0,350.0
12858,2026-04-24,North,Product B,Core,CUST1583,Loyal,Online,2,750,5,1425.0,900.0,525.0
12859,2026-04-24,North,Product B,Core,CUST1087,New,Online,2,750,0,1500.0,900.0,600.0
12860,2026-04-24,West,Product B,Core,CUST1389,Lost,Online,4,750,10,2700.0,1800.0,900.0
12861,2026-04-24,North,Product B,Core,CUST1170,Loyal,Online,3,750,10,2025.0,1350.0,675.0
12862,2026-04-25,East,Product D,Accessory,CUST1380,New,Online,3,1200,5,3420.0,2160.0,1260.0
12863,2026-04-25,North,Product D,Accessory,CUST1415,Loyal,Retail Store,3,1200,5,3420.0,2160.0,1260.0
12864,2026-04-25,South,Product C,Accessory,CUST1281,Loyal,Online,3,300,0,900.0,540.0,360.0
12865,2026-04-25,South,Product B,Core,CUST1540,Lost,Retail Store,4,750,0,3000.0,1800.0,1200.0
12866,2026-04-25,North,Product D,Accessory,CUST1063,At Risk,Online,4,1200,5,4560.0,2880.0,1680.0
12867,2026-04-25,North,Product D,Accessory,CUST1358,New,Partner,4,1200,5,4560.0,2880.0,1680.0
12868,2026-04-25,West,Product C,Accessory,CUST1551,Loyal,Online,2,300,0,600.0,360.0,240.0
12869,2026-04-25,East,Product D,Accessory,CUST1379,At Risk,Online,1,1200,5,1140.0,720.0,420.0
12870,2026-04-25,East,Product A,Core,CUST1004,Champions,Retail Store,1,500,0,500.0,300.0,200.0
12871,2026-04-25,East,Product B,Core,CUST1022,Lost,Retail Store,2,750,5,1425.0,900.0,525.0
12872,2026-04-25,East,Product B,Core,CUST1101,At Risk,Online,2,750,5,1425.0,900.0,525.0
12873,2026-04-25,North,Product C,Accessory,CUST1533,At Risk,Partner,1,300,0,300.0,180.0,120.0
12874,2026-04-25,East,Product B,Core,CUST1351,Loyal,Partner,4,750,5,2850.0,1800.0,1050.0
12875,2026-04-25,West,Product B,Core,CUST1016,New,Online,4,750,10,2700.0,1800.0,900.0
12876,2026-04-25,South,Product D,Accessory,CUST1560,Champions,Partner,3,1200,0,3600.0,2160.0,1440.0
12877,2026-04-25,East,Product C,Accessory,CUST1308,Loyal,Retail Store,1,300,10,270.0,180.0,90.0
12878,2026-04-25,North,Product C,Accessory,CUST1302,New,Retail Store,1,300,5,285.0,180.0,105.0
12879,2026-04-25,South,Product B,Core,CUST1388,Champions,Retail Store,2,750,5,1425.0,900.0,525.0
12880,2026-04-25,North,Product C,Accessory,CUST1556,Loyal,Online,4,300,0,1200.0,720.0,480.0
12881,2026-04-25,North,Product B,Core,CUST1025,Loyal,Online,4,750,10,2700.0,1800.0,900.0
12882,2026-04-25,South,Product A,Core,CUST1472,Champions,Online,4,500,10,1800.0,1200.0,600.0
12883,2026-04-25,West,Product D,Accessory,CUST1375,Champions,Online,1,1200,15,1020.0,720.0,300.0
12884,2026-04-25,South,Product B,Core,CUST1145,Loyal,Online,3,750,15,1912.5,1350.0,562.5
12885,2026-04-25,East,Product B,Core,CUST1260,Champions,Retail Store,4,750,10,2700.0,1800.0,900.0
12886,2026-04-25,North,Product A,Core,CUST1010,Loyal,Online,3,500,5,1425.0,900.0,525.0
12887,2026-04-25,North,Product B,Core,CUST1534,Champions,Retail Store,2,750,10,1350.0,900.0,450.0
12888,2026-04-25,North,Product A,Core,CUST1176,New,Online,2,500,10,900.0,600.0,300.0
12889,2026-04-25,East,Product D,Accessory,CUST1082,At Risk,Online,4,1200,0,4800.0,2880.0,1920.0
12890,2026-04-25,North,Product B,Core,CUST1337,At Risk,Online,4,750,15,2550.0,1800.0,750.0
12891,2026-04-25,South,Product C,Accessory,CUST1145,Loyal,Online,2,300,5,570.0,360.0,210.0
12892,2026-04-25,East,Product C,Accessory,CUST1560,Champions,Online,2,300,0,600.0,360.0,240.0
12893,2026-04-25,North,Product A,Core,CUST1068,Champions,Retail Store,1,500,10,450.0,300.0,150.0
12894,2026-04-25,East,Product D,Accessory,CUST1352,New,Online,4,1200,0,4800.0,2880.0,1920.0
12895,2026-04-25,North,Product D,Accessory,CUST1491,At Risk,Online,1,1200,5,1140.0,720.0,420.0
12896,2026-04-25,East,Product C,Accessory,CUST1155,At Risk,Retail Store,3,300,0,900.0,540.0,360.0
12897,2026-04-25,West,Product B,Core,CUST1324,At Risk,Partner,1,750,10,675.0,450.0,225.0
12898,2026-04-25,West,Product B,Core,CUST1024,At Risk,Online,1,750,10,675.0,450.0,225.0
12899,2026-04-25,West,Product C,Accessory,CUST1251,Lost,Online,3,300,0,900.0,540.0,360.0
12900,2026-04-25,South,Product C,Accessory,CUST1009,New,Partner,1,300,10,270.0,180.0,90.0
12901,2026-04-25,South,Product D,Accessory,CUST1437,New,Retail Store,3,1200,0,3600.0,2160.0,1440.0
12902,2026-04-25,South,Product A,Core,CUST1111,Loyal,Retail Store,3,500,20,1200.0,900.0,300.0
12903,2026-04-25,West,Product A,Core,CUST1001,New,Online,4,500,0,2000.0,1200.0,800.0
12904,2026-04-25,East,Product D,Accessory,CUST1406,Loyal,Retail Store,4,1200,0,4800.0,2880.0,1920.0
12905,2026-04-25,North,Product A,Core,CUST1257,Champions,Online,3,500,5,1425.0,900.0,525.0
12906,2026-04-25,East,Product C,Accessory,CUST1225,Lost,Online,2,300,10,540.0,360.0,180.0
12907,2026-04-25,East,Product A,Core,CUST1548,At Risk,Partner,1,500,10,450.0,300.0,150.0
12908,2026-04-25,North,Product B,Core,CUST1053,At Risk,Online,3,750,5,2137.5,1350.0,787.5
12909,2026-04-25,North,Product C,Accessory,CUST1451,Lost,Retail Store,2,300,0,600.0,360.0,240.0
12910,2026-04-25,North,Product D,Accessory,CUST1027,Champions,Retail Store,3,1200,10,3240.0,2160.0,1080.0
12911,2026-04-25,South,Product C,Accessory,CUST1315,Loyal,Retail Store,2,300,0,600.0,360.0,240.0
12912,2026-04-25,North,Product C,Accessory,CUST1414,Champions,Online,1,300,0,300.0,180.0,120.0
12913,2026-04-25,East,Product C,Accessory,CUST1592,Loyal,Online,3,300,5,855.0,540.0,315.0
12914,2026-04-25,South,Product B,Core,CUST1271,Loyal,Partner,4,750,0,3000.0,1800.0,1200.0
12915,2026-04-25,East,Product B,Core,CUST1599,At Risk,Online,4,750,10,2700.0,1800.0,900.0
12916,2026-04-25,West,Product A,Core,CUST1530,At Risk,Online,4,500,0,2000.0,1200.0,800.0
12917,2026-04-25,South,Product A,Core,CUST1463,Loyal,Online,3,500,5,1425.0,900.0,525.0
12918,2026-04-25,North,Product C,Accessory,CUST1247,New,Online,4,300,20,960.0,720.0,240.0
12919,2026-04-25,North,Product C,Accessory,CUST1508,New,Retail Store,3,300,0,900.0,540.0,360.0
12920,2026-04-25,South,Product A,Core,CUST1217,Champions,Partner,1,500,0,500.0,300.0,200.0
12921,2026-04-25,North,Product A,Core,CUST1301,Champions,Online,2,500,10,900.0,600.0,300.0
12922,2026-04-25,West,Product A,Core,CUST1000,At Risk,Online,4,500,5,1900.0,1200.0,700.0
12923,2026-04-25,West,Product D,Accessory,CUST1319,Lost,Online,2,1200,0,2400.0,1440.0,960.0
12924,2026-04-25,South,Product C,Accessory,CUST1116,At Risk,Partner,1,300,10,270.0,180.0,90.0
12925,2026-04-25,North,Product D,Accessory,CUST1065,New,Online,3,1200,15,3060.0,2160.0,900.0
12926,2026-04-25,West,Product A,Core,CUST1144,New,Retail Store,3,500,20,1200.0,900.0,300.0
12927,2026-04-25,North,Product B,Core,CUST1441,Loyal,Online,4,750,5,2850.0,1800.0,1050.0
12928,2026-04-25,East,Product A,Core,CUST1319,Lost,Online,4,500,10,1800.0,1200.0,600.0
12929,2026-04-25,South,Product A,Core,CUST1414,Champions,Retail Store,4,500,0,2000.0,1200.0,800.0
12930,2026-04-25,North,Product B,Core,CUST1387,Lost,Online,4,750,10,2700.0,1800.0,900.0
12931,2026-04-25,South,Product A,Core,CUST1103,Lost,Online,4,500,15,1700.0,1200.0,500.0
12932,2026-04-25,North,Product A,Core,CUST1006,At Risk,Retail Store,4,500,5,1900.0,1200.0,700.0
12933,2026-04-26,North,Product C,Accessory,CUST1506,Loyal,Retail Store,4,300,0,1200.0,720.0,480.0
12934,2026-04-26,North,Product D,Accessory,CUST1399,New,Retail Store,1,1200,20,960.0,720.0,240.0
12935,2026-04-26,South,Product B,Core,CUST1002,Lost,Partner,4,750,10,2700.0,1800.0,900.0
12936,2026-04-26,East,Product B,Core,CUST1032,Loyal,Retail Store,1,750,0,750.0,450.0,300.0
12937,2026-04-26,North,Product C,Accessory,CUST1352,New,Retail Store,1,300,0,300.0,180.0,120.0
12938,2026-04-26,North,Product B,Core,CUST1429,At Risk,Retail Store,2,750,0,1500.0,900.0,600.0
12939,2026-04-26,East,Product A,Core,CUST1031,Lost,Online,4,500,5,1900.0,1200.0,700.0
12940,2026-04-26,South,Product A,Core,CUST1435,Loyal,Online,4,500,0,2000.0,1200.0,800.0
12941,2026-04-26,East,Product B,Core,CUST1598,Lost,Online,2,750,15,1275.0,900.0,375.0
12942,2026-04-26,East,Product A,Core,CUST1557,New,Partner,2,500,15,850.0,600.0,250.0
12943,2026-04-26,North,Product C,Accessory,CUST1327,New,Online,1,300,15,255.0,180.0,75.0
12944,2026-04-26,North,Product D,Accessory,CUST1485,New,Retail Store,3,1200,5,3420.0,2160.0,1260.0
12945,2026-04-26,West,Product A,Core,CUST1245,Lost,Online,3,500,10,1350.0,900.0,450.0
12946,2026-04-26,North,Product B,Core,CUST1456,Lost,Online,4,750,10,2700.0,1800.0,900.0
12947,2026-04-26,North,Product B,Core,CUST1013,At Risk,Partner,3,750,15,1912.5,1350.0,562.5
12948,2026-04-26,West,Product C,Accessory,CUST1451,Lost,Online,3,300,10,810.0,540.0,270.0
12949,2026-04-26,South,Product A,Core,CUST1039,At Risk,Online,1,500,5,475.0,300.0,175.0
12950,2026-04-26,North,Product C,Accessory,CUST1560,Champions,Online,4,300,0,1200.0,720.0,480.0
12951,2026-04-26,South,Product C,Accessory,CUST1429,At Risk,Retail Store,3,300,20,720.0,540.0,180.0
12952,2026-04-26,North,Product C,Accessory,CUST1484,Champions,Online,2,300,0,600.0,360.0,240.0
12953,2026-04-26,East,Product B,Core,CUST1302,New,Online,2,750,10,1350.0,900.0,450.0
12954,2026-04-26,East,Product A,Core,CUST1137,New,Retail Store,2,500,10,900.0,600.0,300.0
12955,2026-04-26,North,Product B,Core,CUST1287,Loyal,Retail Store,2,750,15,1275.0,900.0,375.0
12956,2026-04-26,South,Product A,Core,CUST1342,At Risk,Online,1,500,15,425.0,300.0,125.0
12957,2026-04-26,West,Product A,Core,CUST1009,New,Online,4,500,5,1900.0,1200.0,700.0
12958,2026-04-26,East,Product B,Core,CUST1077,At Risk,Retail Store,3,750,20,1800.0,1350.0,450.0
12959,2026-04-26,North,Product A,Core,CUST1123,New,Online,4,500,0,2000.0,1200.0,800.0
12960,2026-04-26,North,Product A,Core,CUST1495,New,Online,2,500,15,850.0,600.0,250.0
12961,2026-04-26,West,Product A,Core,CUST1252,New,Retail Store,4,500,15,1700.0,1200.0,500.0
12962,2026-04-26,East,Product A,Core,CUST1441,Loyal,Partner,1,500,5,475.0,300.0,175.0
12963,2026-04-26,West,Product C,Accessory,CUST1070,Loyal,Online,1,300,20,240.0,180.0,60.0
12964,2026-04-26,North,Product C,Accessory,CUST1556,Loyal,Online,4,300,5,1140.0,720.0,420.0
12965,2026-04-26,West,Product B,Core,CUST1487,Loyal,Online,1,750,0,750.0,450.0,300.0
12966,2026-04-27,North,Product C,Accessory,CUST1108,Champions,Retail Store,4,300,0,1200.0,720.0,480.0
12967,2026-04-27,East,Product B,Core,CUST1531,At Risk,Retail Store,1,750,0,750.0,450.0,300.0
12968,2026-04-27,East,Product B,Core,CUST1263,Champions,Online,1,750,5,712.5,450.0,262.5
12969,2026-04-27,South,Product A,Core,CUST1543,Lost,Partner,3,500,5,1425.0,900.0,525.0
12970,2026-04-27,South,Product B,Core,CUST1547,Champions,Partner,4,750,0,3000.0,1800.0,1200.0
12971,2026-04-27,North,Product C,Accessory,CUST1066,New,Partner,1,300,5,285.0,180.0,105.0
12972,2026-04-27,North,Product B,Core,CUST1128,Champions,Retail Store,2,750,10,1350.0,900.0,450.0
12973,2026-04-27,West,Product C,Accessory,CUST1425,At Risk,Online,3,300,15,765.0,540.0,225.0
12974,2026-04-27,South,Product D,Accessory,CUST1198,Loyal,Online,4,1200,0,4800.0,2880.0,1920.0
12975,2026-04-27,East,Product C,Accessory,CUST1053,At Risk,Partner,3,300,5,855.0,540.0,315.0
12976,2026-04-27,South,Product B,Core,CUST1499,New,Retail Store,1,750,0,750.0,450.0,300.0
12977,2026-04-27,West,Product C,Accessory,CUST1286,Champions,Retail Store,1,300,10,270.0,180.0,90.0
12978,2026-04-27,South,Product A,Core,CUST1018,At Risk,Retail Store,2,500,0,1000.0,600.0,400.0
12979,2026-04-27,South,Product D,Accessory,CUST1558,New,Retail Store,3,1200,20,2880.0,2160.0,720.0
12980,2026-04-27,North,Product A,Core,CUST1320,Lost,Online,3,500,10,1350.0,900.0,450.0
12981,2026-04-27,North,Product B,Core,CUST1084,Champions,Retail Store,3,750,15,1912.5,1350.0,562.5
12982,2026-04-27,West,Product B,Core,CUST1108,Champions,Retail Store,1,750,0,750.0,450.0,300.0
12983,2026-04-27,North,Product A,Core,CUST1398,New,Online,2,500,5,950.0,600.0,350.0
12984,2026-04-27,South,Product A,Core,CUST1193,At Risk,Online,4,500,0,2000.0,1200.0,800.0
12985,2026-04-27,East,Product C,Accessory,CUST1494,At Risk,Online,4,300,0,1200.0,720.0,480.0
12986,2026-04-27,North,Product B,Core,CUST1162,Loyal,Online,2,750,0,1500.0,900.0,600.0
12987,2026-04-27,North,Product D,Accessory,CUST1494,At Risk,Retail Store,3,1200,0,3600.0,2160.0,1440.0
12988,2026-04-27,West,Product A,Core,CUST1580,New,Online,4,500,5,1900.0,1200.0,700.0
12989,2026-04-27,South,Product A,Core,CUST1361,Champions,Retail Store,2,500,0,1000.0,600.0,400.0
12990,2026-04-27,West,Product A,Core,CUST1097,Champions,Retail Store,3,500,5,1425.0,900.0,525.0
12991,2026-04-27,East,Product C,Accessory,CUST1021,Loyal,Retail Store,3,300,5,855.0,540.0,315.0
12992,2026-04-27,South,Product A,Core,CUST1488,New,Retail Store,1,500,15,425.0,300.0,125.0
12993,2026-04-27,North,Product B,Core,CUST1214,At Risk,Retail Store,2,750,10,1350.0,900.0,450.0
12994,2026-04-27,East,Product A,Core,CUST1266,Loyal,Online,3,500,15,1275.0,900.0,375.0
12995,2026-04-27,East,Product A,Core,CUST1037,New,Online,1,500,20,400.0,300.0,100.0
12996,2026-04-27,North,Product B,Core,CUST1370,At Risk,Retail Store,2,750,10,1350.0,900.0,450.0
12997,2026-04-27,North,Product C,Accessory,CUST1260,Champions,Retail Store,1,300,5,285.0,180.0,105.0
12998,2026-04-27,North,Product B,Core,CUST1300,At Risk,Online,1,750,5,712.5,450.0,262.5
12999,2026-04-27,East,Product B,Core,CUST1417,At Risk,Online,4,750,15,2550.0,1800.0,750.0
13000,2026-04-27,South,Product B,Core,CUST1440,Lost,Retail Store,3,750,0,2250.0,1350.0,900.0
13001,2026-04-27,North,Product C,Accessory,CUST1171,New,Online,3,300,10,810.0,540.0,270.0
13002,2026-04-27,West,Product A,Core,CUST1495,New,Online,2,500,5,950.0,600.0,350.0
13003,2026-04-27,North,Product A,Core,CUST1115,Lost,Online,4,500,0,2000.0,1200.0,800.0
13004,2026-04-27,North,Product B,Core,CUST1489,New,Online,2,750,15,1275.0,900.0,375.0
13005,2026-04-27,North,Product B,Core,CUST1420,At Risk,Retail Store,1,750,5,712.5,450.0,262.5
13006,2026-04-27,South,Product A,Core,CUST1035,Loyal,Online,2,500,10,900.0,600.0,300.0
13007,2026-04-27,South,Product A,Core,CUST1300,At Risk,Retail Store,3,500,5,1425.0,900.0,525.0
13008,2026-04-28,North,Product B,Core,CUST1148,New,Online,2,750,0,1500.0,900.0,600.0
13009,2026-04-28,North,Product D,Accessory,CUST1506,Loyal,Online,4,1200,0,4800.0,2880.0,1920.0
13010,2026-04-28,East,Product B,Core,CUST1045,At Risk,Retail Store,1,750,0,750.0,450.0,300.0
13011,2026-04-28,North,Product D,Accessory,CUST1059,Champions,Online,1,1200,0,1200.0,720.0,480.0
13012,2026-04-28,North,Product A,Core,CUST1535,Loyal,Online,1,500,0,500.0,300.0,200.0
13013,2026-04-28,East,Product B,Core,CUST1243,New,Online,1,750,5,712.5,450.0,262.5
13014,2026-04-28,South,Product C,Accessory,CUST1032,Loyal,Online,4,300,15,1020.0,720.0,300.0
13015,2026-04-28,North,Product A,Core,CUST1443,Loyal,Retail Store,1,500,20,400.0,300.0,100.0
13016,2026-04-28,East,Product B,Core,CUST1502,Lost,Partner,4,750,5,2850.0,1800.0,1050.0
13017,2026-04-28,West,Product A,Core,CUST1260,Champions,Partner,4,500,10,1800.0,1200.0,600.0
13018,2026-04-28,North,Product A,Core,CUST1218,Lost,Retail Store,4,500,15,1700.0,1200.0,500.0
13019,2026-04-28,South,Product D,Accessory,CUST1422,Champions,Online,1,1200,5,1140.0,720.0,420.0
13020,2026-04-28,South,Product B,Core,CUST1555,Loyal,Online,4,750,0,3000.0,1800.0,1200.0
13021,2026-04-28,West,Product A,Core,CUST1271,Loyal,Retail Store,3,500,0,1500.0,900.0,600.0
13022,2026-04-28,North,Product A,Core,CUST1447,At Risk,Online,2,500,10,900.0,600.0,300.0
13023,2026-04-28,North,Product A,Core,CUST1106,New,Online,2,500,10,900.0,600.0,300.0
13024,2026-04-28,East,Product B,Core,CUST1268,Champions,Online,2,750,0,1500.0,900.0,600.0
13025,2026-04-28,West,Product B,Core,CUST1458,At Risk,Online,3,750,5,2137.5,1350.0,787.5
13026,2026-04-28,South,Product D,Accessory,CUST1388,Champions,Online,3,1200,0,3600.0,2160.0,1440.0
13027,2026-04-28,North,Product C,Accessory,CUST1441,Loyal,Online,2,300,20,480.0,360.0,120.0
13028,2026-04-28,East,Product B,Core,CUST1360,Lost,Online,4,750,10,2700.0,1800.0,900.0
13029,2026-04-28,South,Product C,Accessory,CUST1536,New,Online,4,300,0,1200.0,720.0,480.0
13030,2026-04-28,West,Product B,Core,CUST1304,Lost,Online,3,750,10,2025.0,1350.0,675.0
13031,2026-04-28,West,Product B,Core,CUST1135,Champions,Online,4,750,10,2700.0,1800.0,900.0
13032,2026-04-28,South,Product B,Core,CUST1515,Loyal,Online,1,750,0,750.0,450.0,300.0
13033,2026-04-28,East,Product A,Core,CUST1064,At Risk,Retail Store,2,500,0,1000.0,600.0,400.0
13034,2026-04-28,West,Product D,Accessory,CUST1003,At Risk,Online,2,1200,0,2400.0,1440.0,960.0
13035,2026-04-28,East,Product A,Core,CUST1208,Champions,Partner,4,500,0,2000.0,1200.0,800.0
13036,2026-04-28,East,Product B,Core,CUST1120,New,Online,3,750,0,2250.0,1350.0,900.0
13037,2026-04-28,West,Product B,Core,CUST1034,New,Partner,3,750,5,2137.5,1350.0,787.5
13038,2026-04-28,South,Product B,Core,CUST1570,Loyal,Partner,2,750,5,1425.0,900.0,525.0
13039,2026-04-28,East,Product B,Core,CUST1287,Loyal,Online,4,750,5,2850.0,1800.0,1050.0
13040,2026-04-28,South,Product D,Accessory,CUST1362,Champions,Online,2,1200,0,2400.0,1440.0,960.0
13041,2026-04-28,South,Product B,Core,CUST1578,Lost,Retail Store,2,750,5,1425.0,900.0,525.0
13042,2026-04-28,East,Product A,Core,CUST1523,At Risk,Online,4,500,5,1900.0,1200.0,700.0
13043,2026-04-28,South,Product A,Core,CUST1275,Loyal,Online,2,500,15,850.0,600.0,250.0
13044,2026-04-28,North,Product D,Accessory,CUST1408,Champions,Online,2,1200,0,2400.0,1440.0,960.0
13045,2026-04-28,West,Product A,Core,CUST1492,At Risk,Online,4,500,0,2000.0,1200.0,800.0
13046,2026-04-28,North,Product C,Accessory,CUST1387,Lost,Partner,3,300,0,900.0,540.0,360.0
13047,2026-04-28,East,Product B,Core,CUST1348,New,Online,4,750,0,3000.0,1800.0,1200.0
13048,2026-04-28,West,Product A,Core,CUST1597,At Risk,Online,4,500,10,1800.0,1200.0,600.0
13049,2026-04-28,West,Product D,Accessory,CUST1357,At Risk,Online,2,1200,10,2160.0,1440.0,720.0
13050,2026-04-28,East,Product B,Core,CUST1151,Lost,Online,1,750,10,675.0,450.0,225.0
13051,2026-04-28,North,Product B,Core,CUST1278,Lost,Online,4,750,5,2850.0,1800.0,1050.0
13052,2026-04-28,South,Product B,Core,CUST1363,Champions,Online,3,750,0,2250.0,1350.0,900.0
13053,2026-04-28,East,Product C,Accessory,CUST1339,Lost,Online,1,300,5,285.0,180.0,105.0
13054,2026-04-28,East,Product A,Core,CUST1030,At Risk,Retail Store,2,500,5,950.0,600.0,350.0
13055,2026-04-28,East,Product B,Core,CUST1091,At Risk,Online,4,750,5,2850.0,1800.0,1050.0
13056,2026-04-28,South,Product B,Core,CUST1391,Champions,Online,1,750,0,750.0,450.0,300.0
13057,2026-04-29,North,Product C,Accessory,CUST1156,Loyal,Retail Store,4,300,5,1140.0,720.0,420.0
13058,2026-04-29,West,Product B,Core,CUST1378,Loyal,Online,2,750,10,1350.0,900.0,450.0
13059,2026-04-29,West,Product D,Accessory,CUST1389,Lost,Retail Store,2,1200,0,2400.0,1440.0,960.0
13060,2026-04-29,North,Product A,Core,CUST1373,Loyal,Online,4,500,5,1900.0,1200.0,700.0
13061,2026-04-29,South,Product B,Core,CUST1186,Loyal,Online,1,750,10,675.0,450.0,225.0
13062,2026-04-29,East,Product C,Accessory,CUST1003,At Risk,Online,2,300,5,570.0,360.0,210.0
13063,2026-04-29,West,Product A,Core,CUST1464,New,Partner,1,500,15,425.0,300.0,125.0
13064,2026-04-29,North,Product C,Accessory,CUST1107,Loyal,Online,2,300,20,480.0,360.0,120.0
13065,2026-04-29,North,Product C,Accessory,CUST1503,New,Retail Store,1,300,10,270.0,180.0,90.0
13066,2026-04-29,West,Product C,Accessory,CUST1086,At Risk,Online,3,300,20,720.0,540.0,180.0
13067,2026-04-29,South,Product B,Core,CUST1492,At Risk,Online,3,750,0,2250.0,1350.0,900.0
13068,2026-04-29,North,Product D,Accessory,CUST1463,Loyal,Online,4,1200,5,4560.0,2880.0,1680.0
13069,2026-04-29,South,Product D,Accessory,CUST1040,New,Retail Store,3,1200,5,3420.0,2160.0,1260.0
13070,2026-04-29,South,Product A,Core,CUST1014,New,Online,4,500,5,1900.0,1200.0,700.0
13071,2026-04-29,North,Product B,Core,CUST1374,Loyal,Retail Store,2,750,0,1500.0,900.0,600.0
13072,2026-04-29,North,Product C,Accessory,CUST1191,Loyal,Online,4,300,0,1200.0,720.0,480.0
13073,2026-04-29,West,Product D,Accessory,CUST1454,Champions,Online,4,1200,5,4560.0,2880.0,1680.0
13074,2026-04-29,West,Product A,Core,CUST1178,Lost,Partner,3,500,10,1350.0,900.0,450.0
13075,2026-04-29,East,Product B,Core,CUST1175,Champions,Online,4,750,5,2850.0,1800.0,1050.0
13076,2026-04-29,East,Product D,Accessory,CUST1199,Loyal,Online,3,1200,0,3600.0,2160.0,1440.0
13077,2026-04-29,West,Product B,Core,CUST1459,At Risk,Retail Store,2,750,15,1275.0,900.0,375.0
13078,2026-04-29,East,Product D,Accessory,CUST1220,Loyal,Online,4,1200,20,3840.0,2880.0,960.0
13079,2026-04-29,South,Product D,Accessory,CUST1240,At Risk,Retail Store,4,1200,0,4800.0,2880.0,1920.0
13080,2026-04-29,North,Product A,Core,CUST1404,Lost,Retail Store,3,500,0,1500.0,900.0,600.0
13081,2026-04-29,East,Product A,Core,CUST1546,Loyal,Online,1,500,5,475.0,300.0,175.0
13082,2026-04-29,East,Product D,Accessory,CUST1220,Loyal,Online,2,1200,10,2160.0,1440.0,720.0
13083,2026-04-29,West,Product B,Core,CUST1460,New,Retail Store,4,750,5,2850.0,1800.0,1050.0
13084,2026-04-29,North,Product A,Core,CUST1135,Champions,Retail Store,4,500,0,2000.0,1200.0,800.0
13085,2026-04-29,North,Product B,Core,CUST1289,Champions,Online,4,750,15,2550.0,1800.0,750.0
13086,2026-04-29,West,Product A,Core,CUST1566,At Risk,Retail Store,3,500,15,1275.0,900.0,375.0
13087,2026-04-29,East,Product A,Core,CUST1432,At Risk,Retail Store,3,500,0,1500.0,900.0,600.0
13088,2026-04-29,West,Product A,Core,CUST1577,New,Online,4,500,0,2000.0,1200.0,800.0
13089,2026-04-29,South,Product B,Core,CUST1222,At Risk,Online,4,750,15,2550.0,1800.0,750.0
13090,2026-04-29,East,Product A,Core,CUST1327,New,Online,4,500,0,2000.0,1200.0,800.0
13091,2026-04-29,South,Product B,Core,CUST1322,Loyal,Partner,3,750,20,1800.0,1350.0,450.0
13092,2026-04-29,North,Product A,Core,CUST1017,Champions,Online,1,500,15,425.0,300.0,125.0
13093,2026-04-29,West,Product C,Accessory,CUST1597,At Risk,Retail Store,1,300,0,300.0,180.0,120.0
13094,2026-04-29,East,Product C,Accessory,CUST1153,New,Online,1,300,15,255.0,180.0,75.0
13095,2026-04-29,North,Product C,Accessory,CUST1399,New,Online,4,300,5,1140.0,720.0,420.0
13096,2026-04-29,West,Product B,Core,CUST1518,Champions,Online,2,750,15,1275.0,900.0,375.0
13097,2026-04-29,East,Product D,Accessory,CUST1363,Champions,Partner,3,1200,0,3600.0,2160.0,1440.0
13098,2026-04-29,North,Product D,Accessory,CUST1278,Lost,Online,2,1200,5,2280.0,1440.0,840.0
13099,2026-04-29,South,Product B,Core,CUST1070,Loyal,Online,2,750,5,1425.0,900.0,525.0
13100,2026-04-29,East,Product B,Core,CUST1031,Lost,Retail Store,2,750,0,1500.0,900.0,600.0
13101,2026-04-29,North,Product C,Accessory,CUST1187,Champions,Online,1,300,10,270.0,180.0,90.0
13102,2026-04-29,East,Product D,Accessory,CUST1244,At Risk,Online,3,1200,0,3600.0,2160.0,1440.0
13103,2026-04-29,North,Product A,Core,CUST1058,Champions,Online,1,500,10,450.0,300.0,150.0
13104,2026-04-29,South,Product B,Core,CUST1000,At Risk,Online,1,750,0,750.0,450.0,300.0
13105,2026-04-29,North,Product D,Accessory,CUST1049,Champions,Retail Store,3,1200,0,3600.0,2160.0,1440.0
13106,2026-04-29,South,Product D,Accessory,CUST1394,Champions,Online,1,1200,20,960.0,720.0,240.0
13107,2026-04-29,South,Product A,Core,CUST1250,At Risk,Online,3,500,20,1200.0,900.0,300.0
13108,2026-04-29,North,Product C,Accessory,CUST1154,Champions,Retail Store,2,300,10,540.0,360.0,180.0
13109,2026-04-29,West,Product C,Accessory,CUST1573,At Risk,Online,1,300,0,300.0,180.0,120.0
13110,2026-04-29,South,Product A,Core,CUST1044,At Risk,Retail Store,3,500,20,1200.0,900.0,300.0
13111,2026-04-30,East,Product D,Accessory,CUST1378,Loyal,Online,4,1200,0,4800.0,2880.0,1920.0
13112,2026-04-30,West,Product C,Accessory,CUST1298,At Risk,Retail Store,4,300,10,1080.0,720.0,360.0
13113,2026-04-30,East,Product D,Accessory,CUST1472,Champions,Online,4,1200,0,4800.0,2880.0,1920.0
13114,2026-04-30,North,Product B,Core,CUST1451,Lost,Retail Store,4,750,5,2850.0,1800.0,1050.0
13115,2026-04-30,West,Product B,Core,CUST1275,Loyal,Online,1,750,5,712.5,450.0,262.5
13116,2026-04-30,West,Product D,Accessory,CUST1562,At Risk,Online,1,1200,0,1200.0,720.0,480.0
13117,2026-04-30,North,Product B,Core,CUST1093,Loyal,Online,1,750,10,675.0,450.0,225.0
13118,2026-04-30,South,Product A,Core,CUST1584,Lost,Online,1,500,0,500.0,300.0,200.0
13119,2026-04-30,West,Product D,Accessory,CUST1291,Champions,Online,1,1200,0,1200.0,720.0,480.0
13120,2026-04-30,East,Product A,Core,CUST1361,Champions,Retail Store,1,500,15,425.0,300.0,125.0
13121,2026-04-30,East,Product A,Core,CUST1270,Champions,Online,2,500,10,900.0,600.0,300.0
13122,2026-04-30,East,Product A,Core,CUST1352,New,Online,4,500,10,1800.0,1200.0,600.0
13123,2026-04-30,North,Product B,Core,CUST1578,Lost,Retail Store,1,750,10,675.0,450.0,225.0
13124,2026-04-30,East,Product B,Core,CUST1343,New,Retail Store,3,750,0,2250.0,1350.0,900.0
13125,2026-04-30,North,Product B,Core,CUST1520,Lost,Online,1,750,10,675.0,450.0,225.0
13126,2026-04-30,East,Product B,Core,CUST1425,At Risk,Online,4,750,0,3000.0,1800.0,1200.0
13127,2026-04-30,South,Product A,Core,CUST1524,Champions,Online,4,500,5,1900.0,1200.0,700.0
13128,2026-04-30,South,Product A,Core,CUST1131,Lost,Retail Store,3,500,10,1350.0,900.0,450.0
13129,2026-04-30,East,Product B,Core,CUST1159,At Risk,Retail Store,2,750,5,1425.0,900.0,525.0
13130,2026-04-30,North,Product C,Accessory,CUST1129,New,Partner,1,300,0,300.0,180.0,120.0
13131,2026-04-30,North,Product A,Core,CUST1149,Champions,Retail Store,2,500,0,1000.0,600.0,400.0
13132,2026-04-30,North,Product A,Core,CUST1218,Lost,Online,4,500,5,1900.0,1200.0,700.0
13133,2026-04-30,South,Product C,Accessory,CUST1597,At Risk,Retail Store,1,300,5,285.0,180.0,105.0
13134,2026-04-30,South,Product D,Accessory,CUST1064,At Risk,Partner,2,1200,15,2040.0,1440.0,600.0
13135,2026-04-30,North,Product A,Core,CUST1009,New,Online,4,500,0,2000.0,1200.0,800.0
13136,2026-04-30,North,Product B,Core,CUST1216,Champions,Retail Store,3,750,5,2137.5,1350.0,787.5
13137,2026-04-30,North,Product A,Core,CUST1109,Lost,Retail Store,2,500,0,1000.0,600.0,400.0
13138,2026-04-30,East,Product A,Core,CUST1094,Loyal,Online,4,500,0,2000.0,1200.0,800.0
13139,2026-04-30,West,Product B,Core,CUST1206,Champions,Online,4,750,10,2700.0,1800.0,900.0
13140,2026-04-30,South,Product B,Core,CUST1350,At Risk,Online,2,750,10,1350.0,900.0,450.0
13141,2026-04-30,South,Product D,Accessory,CUST1262,Loyal,Online,2,1200,0,2400.0,1440.0,960.0
13142,2026-04-30,East,Product C,Accessory,CUST1225,Lost,Online,2,300,10,540.0,360.0,180.0
13143,2026-04-30,North,Product B,Core,CUST1250,At Risk,Online,3,750,0,2250.0,1350.0,900.0
13144,2026-04-30,South,Product B,Core,CUST1276,Loyal,Retail Store,4,750,0,3000.0,1800.0,1200.0
13145,2026-04-30,North,Product A,Core,CUST1590,Lost,Online,1,500,5,475.0,300.0,175.0
13146,2026-04-30,East,Product A,Core,CUST1254,Loyal,Online,3,500,0,1500.0,900.0,600.0
13147,2026-04-30,West,Product B,Core,CUST1183,Loyal,Online,1,750,0,750.0,450.0,300.0
13148,2026-04-30,West,Product B,Core,CUST1492,At Risk,Online,1,750,5,712.5,450.0,262.5
13149,2026-04-30,West,Product D,Accessory,CUST1384,Loyal,Online,1,1200,0,1200.0,720.0,480.0
13150,2026-04-30,East,Product B,Core,CUST1301,Champions,Partner,2,750,10,1350.0,900.0,450.0
13151,2026-04-30,West,Product A,Core,CUST1243,New,Online,1,500,15,425.0,300.0,125.0
13152,2026-04-30,South,Product C,Accessory,CUST1150,At Risk,Online,2,300,15,510.0,360.0,150.0
13153,2026-04-30,South,Product C,Accessory,CUST1208,Champions,Online,2,300,0,600.0,360.0,240.0
13154,2026-04-30,North,Product C,Accessory,CUST1594,Champions,Online,2,300,5,570.0,360.0,210.0
13155,2026-04-30,West,Product B,Core,CUST1372,Loyal,Online,4,750,5,2850.0,1800.0,1050.0
13156,2026-04-30,North,Product C,Accessory,CUST1219,Loyal,Online,4,300,0,1200.0,720.0,480.0
13157,2026-04-30,East,Product B,Core,CUST1051,Champions,Online,3,750,15,1912.5,1350.0,562.5
13158,2026-05-01,East,Product B,Core,CUST1226,Champions,Retail Store,3,750,5,2137.5,1350.0,787.5
13159,2026-05-01,North,Product D,Accessory,CUST1022,Lost,Online,1,1200,0,1200.0,720.0,480.0
13160,2026-05-01,North,Product B,Core,CUST1323,New,Online,4,750,5,2850.0,1800.0,1050.0
13161,2026-05-01,South,Product A,Core,CUST1312,Loyal,Retail Store,4,500,10,1800.0,1200.0,600.0
13162,2026-05-01,West,Product D,Accessory,CUST1579,Loyal,Online,3,1200,10,3240.0,2160.0,1080.0
13163,2026-05-01,South,Product A,Core,CUST1346,Lost,Online,2,500,5,950.0,600.0,350.0
13164,2026-05-01,East,Product B,Core,CUST1512,Champions,Online,2,750,5,1425.0,900.0,525.0
13165,2026-05-01,South,Product C,Accessory,CUST1170,Loyal,Online,4,300,5,1140.0,720.0,420.0
13166,2026-05-01,North,Product D,Accessory,CUST1016,New,Retail Store,3,1200,5,3420.0,2160.0,1260.0
13167,2026-05-01,South,Product B,Core,CUST1290,At Risk,Retail Store,3,750,15,1912.5,1350.0,562.5
13168,2026-05-01,North,Product B,Core,CUST1030,At Risk,Online,1,750,15,637.5,450.0,187.5
13169,2026-05-01,South,Product C,Accessory,CUST1023,Lost,Retail Store,1,300,15,255.0,180.0,75.0
13170,2026-05-01,East,Product B,Core,CUST1090,Loyal,Retail Store,4,750,10,2700.0,1800.0,900.0
13171,2026-05-01,East,Product C,Accessory,CUST1166,At Risk,Online,2,300,20,480.0,360.0,120.0
13172,2026-05-01,East,Product B,Core,CUST1045,At Risk,Online,4,750,10,2700.0,1800.0,900.0
13173,2026-05-01,East,Product D,Accessory,CUST1306,Loyal,Online,3,1200,0,3600.0,2160.0,1440.0
13174,2026-05-01,North,Product D,Accessory,CUST1441,Loyal,Online,1,1200,0,1200.0,720.0,480.0
13175,2026-05-01,North,Product B,Core,CUST1163,Champions,Partner,1,750,15,637.5,450.0,187.5
13176,2026-05-01,South,Product A,Core,CUST1101,At Risk,Retail Store,2,500,10,900.0,600.0,300.0
13177,2026-05-01,North,Product C,Accessory,CUST1144,New,Retail Store,3,300,10,810.0,540.0,270.0
13178,2026-05-01,East,Product A,Core,CUST1478,At Risk,Online,4,500,10,1800.0,1200.0,600.0
13179,2026-05-01,East,Product A,Core,CUST1303,New,Retail Store,1,500,10,450.0,300.0,150.0
13180,2026-05-01,West,Product B,Core,CUST1230,Champions,Online,1,750,5,712.5,450.0,262.5
13181,2026-05-01,East,Product A,Core,CUST1145,Loyal,Retail Store,1,500,5,475.0,300.0,175.0
13182,2026-05-01,East,Product A,Core,CUST1194,Loyal,Online,4,500,10,1800.0,1200.0,600.0
13183,2026-05-01,East,Product B,Core,CUST1483,Loyal,Retail Store,3,750,5,2137.5,1350.0,787.5
13184,2026-05-01,North,Product D,Accessory,CUST1240,At Risk,Online,2,1200,0,2400.0,1440.0,960.0
13185,2026-05-01,West,Product B,Core,CUST1242,Loyal,Online,2,750,0,1500.0,900.0,600.0
13186,2026-05-01,North,Product A,Core,CUST1199,Loyal,Online,2,500,0,1000.0,600.0,400.0
13187,2026-05-01,North,Product A,Core,CUST1095,At Risk,Online,2,500,15,850.0,600.0,250.0
13188,2026-05-01,North,Product A,Core,CUST1481,Loyal,Online,3,500,10,1350.0,900.0,450.0
13189,2026-05-01,East,Product D,Accessory,CUST1384,Loyal,Retail Store,4,1200,10,4320.0,2880.0,1440.0
13190,2026-05-01,South,Product D,Accessory,CUST1102,Loyal,Online,3,1200,0,3600.0,2160.0,1440.0
13191,2026-05-01,East,Product B,Core,CUST1174,Loyal,Online,4,750,0,3000.0,1800.0,1200.0
13192,2026-05-01,East,Product B,Core,CUST1071,New,Online,2,750,0,1500.0,900.0,600.0
13193,2026-05-01,West,Product A,Core,CUST1257,Champions,Retail Store,3,500,0,1500.0,900.0,600.0
13194,2026-05-01,West,Product C,Accessory,CUST1414,Champions,Retail Store,4,300,5,1140.0,720.0,420.0
13195,2026-05-01,West,Product A,Core,CUST1432,At Risk,Retail Store,1,500,0,500.0,300.0,200.0
13196,2026-05-01,East,Product B,Core,CUST1112,Loyal,Retail Store,2,750,0,1500.0,900.0,600.0
13197,2026-05-01,East,Product C,Accessory,CUST1199,Loyal,Online,4,300,15,1020.0,720.0,300.0
13198,2026-05-01,East,Product C,Accessory,CUST1138,At Risk,Online,1,300,5,285.0,180.0,105.0
13199,2026-05-01,East,Product A,Core,CUST1172,Loyal,Retail Store,3,500,0,1500.0,900.0,600.0
13200,2026-05-01,South,Product A,Core,CUST1509,Champions,Retail Store,4,500,5,1900.0,1200.0,700.0
13201,2026-05-01,West,Product C,Accessory,CUST1039,At Risk,Retail Store,2,300,20,480.0,360.0,120.0
13202,2026-05-01,North,Product B,Core,CUST1526,Lost,Retail Store,1,750,10,675.0,450.0,225.0
13203,2026-05-01,North,Product B,Core,CUST1402,At Risk,Online,4,750,5,2850.0,1800.0,1050.0
13204,2026-05-01,North,Product A,Core,CUST1383,New,Retail Store,2,500,5,950.0,600.0,350.0
13205,2026-05-01,West,Product A,Core,CUST1148,New,Online,3,500,5,1425.0,900.0,525.0
13206,2026-05-01,East,Product C,Accessory,CUST1538,Loyal,Online,4,300,0,1200.0,720.0,480.0
13207,2026-05-01,South,Product B,Core,CUST1431,At Risk,Retail Store,1,750,5,712.5,450.0,262.5
13208,2026-05-01,South,Product A,Core,CUST1499,New,Retail Store,3,500,15,1275.0,900.0,375.0
13209,2026-05-01,South,Product A,Core,CUST1104,At Risk,Online,1,500,15,425.0,300.0,125.0
13210,2026-05-01,East,Product C,Accessory,CUST1451,Lost,Online,4,300,10,1080.0,720.0,360.0
13211,2026-05-01,East,Product A,Core,CUST1266,Loyal,Retail Store,2,500,15,850.0,600.0,250.0
13212,2026-05-01,North,Product D,Accessory,CUST1516,Loyal,Partner,4,1200,0,4800.0,2880.0,1920.0
13213,2026-05-01,East,Product A,Core,CUST1235,At Risk,Retail Store,1,500,0,500.0,300.0,200.0
13214,2026-05-01,South,Product D,Accessory,CUST1515,Loyal,Partner,2,1200,5,2280.0,1440.0,840.0
13215,2026-05-01,South,Product A,Core,CUST1160,Champions,Online,2,500,10,900.0,600.0,300.0
13216,2026-05-01,West,Product A,Core,CUST1553,Lost,Retail Store,1,500,5,475.0,300.0,175.0
13217,2026-05-01,North,Product A,Core,CUST1134,New,Online,1,500,10,450.0,300.0,150.0
13218,2026-05-01,South,Product B,Core,CUST1009,New,Online,3,750,10,2025.0,1350.0,675.0
13219,2026-05-01,West,Product B,Core,CUST1526,Lost,Online,2,750,5,1425.0,900.0,525.0
13220,2026-05-01,South,Product A,Core,CUST1570,Loyal,Online,2,500,0,1000.0,600.0,400.0
13221,2026-05-01,East,Product D,Accessory,CUST1333,Lost,Online,1,1200,0,1200.0,720.0,480.0
13222,2026-05-02,North,Product D,Accessory,CUST1317,At Risk,Online,4,1200,5,4560.0,2880.0,1680.0
13223,2026-05-02,West,Product A,Core,CUST1434,Champions,Online,4,500,0,2000.0,1200.0,800.0
13224,2026-05-02,West,Product B,Core,CUST1015,Loyal,Online,1,750,0,750.0,450.0,300.0
13225,2026-05-02,South,Product B,Core,CUST1547,Champions,Online,4,750,5,2850.0,1800.0,1050.0
13226,2026-05-02,East,Product C,Accessory,CUST1170,Loyal,Online,4,300,5,1140.0,720.0,420.0
13227,2026-05-02,West,Product C,Accessory,CUST1098,Champions,Retail Store,1,300,10,270.0,180.0,90.0
13228,2026-05-02,North,Product B,Core,CUST1027,Champions,Online,4,750,5,2850.0,1800.0,1050.0
13229,2026-05-02,South,Product C,Accessory,CUST1580,New,Retail Store,2,300,10,540.0,360.0,180.0
13230,2026-05-02,West,Product B,Core,CUST1046,Loyal,Retail Store,1,750,5,712.5,450.0,262.5
13231,2026-05-02,North,Product B,Core,CUST1006,At Risk,Online,3,750,0,2250.0,1350.0,900.0
13232,2026-05-02,South,Product D,Accessory,CUST1006,At Risk,Partner,4,1200,0,4800.0,2880.0,1920.0
13233,2026-05-02,North,Product B,Core,CUST1099,Lost,Retail Store,3,750,5,2137.5,1350.0,787.5
13234,2026-05-02,West,Product A,Core,CUST1317,At Risk,Retail Store,4,500,0,2000.0,1200.0,800.0
13235,2026-05-02,West,Product D,Accessory,CUST1162,Loyal,Online,4,1200,0,4800.0,2880.0,1920.0
13236,2026-05-02,East,Product A,Core,CUST1287,Loyal,Online,1,500,0,500.0,300.0,200.0
13237,2026-05-02,East,Product B,Core,CUST1161,Lost,Online,1,750,0,750.0,450.0,300.0
13238,2026-05-02,South,Product B,Core,CUST1054,At Risk,Retail Store,2,750,5,1425.0,900.0,525.0
13239,2026-05-02,South,Product C,Accessory,CUST1309,Champions,Online,3,300,10,810.0,540.0,270.0
13240,2026-05-02,East,Product A,Core,CUST1398,New,Retail Store,3,500,0,1500.0,900.0,600.0
13241,2026-05-02,West,Product B,Core,CUST1183,Loyal,Retail Store,3,750,5,2137.5,1350.0,787.5
13242,2026-05-02,East,Product A,Core,CUST1515,Loyal,Retail Store,2,500,0,1000.0,600.0,400.0
13243,2026-05-02,West,Product A,Core,CUST1504,New,Online,1,500,5,475.0,300.0,175.0
13244,2026-05-02,North,Product A,Core,CUST1388,Champions,Retail Store,4,500,0,2000.0,1200.0,800.0
13245,2026-05-02,South,Product C,Accessory,CUST1437,New,Online,1,300,15,255.0,180.0,75.0
13246,2026-05-02,North,Product D,Accessory,CUST1409,Lost,Online,1,1200,15,1020.0,720.0,300.0
13247,2026-05-02,East,Product C,Accessory,CUST1083,Loyal,Retail Store,2,300,5,570.0,360.0,210.0
13248,2026-05-02,East,Product C,Accessory,CUST1020,At Risk,Retail Store,4,300,0,1200.0,720.0,480.0
13249,2026-05-02,West,Product A,Core,CUST1329,Loyal,Online,4,500,0,2000.0,1200.0,800.0
13250,2026-05-02,South,Product B,Core,CUST1132,New,Retail Store,2,750,0,1500.0,900.0,600.0
13251,2026-05-02,South,Product C,Accessory,CUST1005,Lost,Online,4,300,15,1020.0,720.0,300.0
13252,2026-05-02,North,Product C,Accessory,CUST1040,New,Online,4,300,10,1080.0,720.0,360.0
13253,2026-05-02,South,Product A,Core,CUST1029,At Risk,Retail Store,1,500,0,500.0,300.0,200.0
13254,2026-05-02,South,Product D,Accessory,CUST1562,At Risk,Online,4,1200,5,4560.0,2880.0,1680.0
13255,2026-05-02,North,Product B,Core,CUST1437,New,Online,1,750,0,750.0,450.0,300.0
13256,2026-05-02,North,Product D,Accessory,CUST1468,Champions,Retail Store,1,1200,5,1140.0,720.0,420.0
13257,2026-05-02,North,Product A,Core,CUST1158,At Risk,Online,4,500,0,2000.0,1200.0,800.0
13258,2026-05-02,South,Product A,Core,CUST1514,Loyal,Online,3,500,5,1425.0,900.0,525.0
13259,2026-05-02,West,Product B,Core,CUST1461,Champions,Online,4,750,10,2700.0,1800.0,900.0
13260,2026-05-02,East,Product A,Core,CUST1361,Champions,Partner,4,500,0,2000.0,1200.0,800.0
13261,2026-05-02,East,Product C,Accessory,CUST1312,Loyal,Retail Store,4,300,0,1200.0,720.0,480.0
13262,2026-05-02,East,Product A,Core,CUST1087,New,Retail Store,3,500,5,1425.0,900.0,525.0
13263,2026-05-02,North,Product B,Core,CUST1345,At Risk,Online,3,750,15,1912.5,1350.0,562.5
13264,2026-05-02,South,Product C,Accessory,CUST1356,At Risk,Retail Store,3,300,5,855.0,540.0,315.0
13265,2026-05-02,North,Product A,Core,CUST1199,Loyal,Retail Store,1,500,10,450.0,300.0,150.0
13266,2026-05-02,East,Product C,Accessory,CUST1022,Lost,Retail Store,4,300,0,1200.0,720.0,480.0
13267,2026-05-02,North,Product B,Core,CUST1217,Champions,Retail Store,4,750,5,2850.0,1800.0,1050.0
13268,2026-05-02,North,Product C,Accessory,CUST1259,New,Online,3,300,5,855.0,540.0,315.0
13269,2026-05-02,South,Product A,Core,CUST1489,New,Retail Store,3,500,0,1500.0,900.0,600.0
13270,2026-05-02,South,Product B,Core,CUST1054,At Risk,Online,2,750,5,1425.0,900.0,525.0
13271,2026-05-02,West,Product B,Core,CUST1544,Champions,Online,4,750,5,2850.0,1800.0,1050.0
13272,2026-05-02,East,Product D,Accessory,CUST1516,Loyal,Online,3,1200,15,3060.0,2160.0,900.0
13273,2026-05-02,West,Product D,Accessory,CUST1463,Loyal,Online,1,1200,5,1140.0,720.0,420.0
13274,2026-05-02,East,Product A,Core,CUST1550,New,Retail Store,2,500,0,1000.0,600.0,400.0
13275,2026-05-02,East,Product A,Core,CUST1003,At Risk,Online,4,500,5,1900.0,1200.0,700.0
13276,2026-05-03,South,Product C,Accessory,CUST1427,At Risk,Online,3,300,10,810.0,540.0,270.0
13277,2026-05-03,North,Product B,Core,CUST1324,At Risk,Online,2,750,0,1500.0,900.0,600.0
13278,2026-05-03,South,Product B,Core,CUST1048,At Risk,Online,3,750,10,2025.0,1350.0,675.0
13279,2026-05-03,South,Product C,Accessory,CUST1129,New,Online,1,300,0,300.0,180.0,120.0
13280,2026-05-03,East,Product B,Core,CUST1297,At Risk,Online,1,750,0,750.0,450.0,300.0
13281,2026-05-03,East,Product A,Core,CUST1502,Lost,Online,2,500,20,800.0,600.0,200.0
13282,2026-05-03,North,Product A,Core,CUST1066,New,Online,4,500,0,2000.0,1200.0,800.0
13283,2026-05-03,East,Product B,Core,CUST1369,Lost,Retail Store,4,750,0,3000.0,1800.0,1200.0
13284,2026-05-03,East,Product D,Accessory,CUST1256,At Risk,Online,4,1200,10,4320.0,2880.0,1440.0
13285,2026-05-03,East,Product D,Accessory,CUST1182,New,Retail Store,2,1200,10,2160.0,1440.0,720.0
13286,2026-05-03,West,Product C,Accessory,CUST1358,New,Online,4,300,0,1200.0,720.0,480.0
13287,2026-05-03,South,Product C,Accessory,CUST1389,Lost,Retail Store,1,300,20,240.0,180.0,60.0
13288,2026-05-03,West,Product C,Accessory,CUST1326,At Risk,Online,4,300,5,1140.0,720.0,420.0
13289,2026-05-03,South,Product C,Accessory,CUST1539,At Risk,Online,2,300,10,540.0,360.0,180.0
13290,2026-05-03,South,Product C,Accessory,CUST1065,New,Retail Store,2,300,5,570.0,360.0,210.0
13291,2026-05-03,East,Product C,Accessory,CUST1581,New,Online,2,300,15,510.0,360.0,150.0
13292,2026-05-03,North,Product C,Accessory,CUST1551,Loyal,Retail Store,1,300,5,285.0,180.0,105.0
13293,2026-05-03,East,Product A,Core,CUST1228,At Risk,Retail Store,2,500,10,900.0,600.0,300.0
13294,2026-05-03,West,Product C,Accessory,CUST1458,At Risk,Retail Store,3,300,15,765.0,540.0,225.0
13295,2026-05-03,South,Product B,Core,CUST1067,Loyal,Partner,4,750,0,3000.0,1800.0,1200.0
13296,2026-05-03,East,Product C,Accessory,CUST1527,Lost,Retail Store,2,300,5,570.0,360.0,210.0
13297,2026-05-03,South,Product B,Core,CUST1451,Lost,Retail Store,2,750,10,1350.0,900.0,450.0
13298,2026-05-03,South,Product D,Accessory,CUST1431,At Risk,Online,4,1200,20,3840.0,2880.0,960.0
13299,2026-05-03,South,Product B,Core,CUST1031,Lost,Partner,4,750,20,2400.0,1800.0,600.0
13300,2026-05-03,South,Product A,Core,CUST1482,New,Online,1,500,5,475.0,300.0,175.0
13301,2026-05-03,South,Product B,Core,CUST1081,New,Online,1,750,0,750.0,450.0,300.0
13302,2026-05-03,East,Product C,Accessory,CUST1528,At Risk,Retail Store,3,300,20,720.0,540.0,180.0
13303,2026-05-03,North,Product C,Accessory,CUST1341,Lost,Online,1,300,10,270.0,180.0,90.0
13304,2026-05-03,West,Product C,Accessory,CUST1351,Loyal,Retail Store,4,300,0,1200.0,720.0,480.0
13305,2026-05-03,North,Product B,Core,CUST1539,At Risk,Online,3,750,5,2137.5,1350.0,787.5
13306,2026-05-03,South,Product A,Core,CUST1510,Champions,Online,1,500,5,475.0,300.0,175.0
13307,2026-05-03,West,Product A,Core,CUST1314,Loyal,Retail Store,3,500,5,1425.0,900.0,525.0
13308,2026-05-03,South,Product A,Core,CUST1328,At Risk,Partner,4,500,5,1900.0,1200.0,700.0
13309,2026-05-03,East,Product A,Core,CUST1269,Champions,Online,1,500,10,450.0,300.0,150.0
13310,2026-05-03,North,Product A,Core,CUST1354,New,Online,1,500,5,475.0,300.0,175.0
13311,2026-05-03,East,Product B,Core,CUST1216,Champions,Retail Store,2,750,0,1500.0,900.0,600.0
13312,2026-05-03,West,Product C,Accessory,CUST1222,At Risk,Online,2,300,0,600.0,360.0,240.0
13313,2026-05-03,North,Product D,Accessory,CUST1252,New,Online,3,1200,0,3600.0,2160.0,1440.0
13314,2026-05-03,North,Product B,Core,CUST1109,Lost,Retail Store,2,750,15,1275.0,900.0,375.0
13315,2026-05-03,West,Product D,Accessory,CUST1447,At Risk,Online,2,1200,0,2400.0,1440.0,960.0
13316,2026-05-03,East,Product C,Accessory,CUST1598,Lost,Retail Store,1,300,10,270.0,180.0,90.0
13317,2026-05-03,East,Product B,Core,CUST1220,Loyal,Online,1,750,5,712.5,450.0,262.5
13318,2026-05-03,South,Product A,Core,CUST1457,New,Retail Store,2,500,0,1000.0,600.0,400.0
13319,2026-05-03,West,Product A,Core,CUST1015,Loyal,Online,4,500,0,2000.0,1200.0,800.0
13320,2026-05-03,West,Product C,Accessory,CUST1502,Lost,Retail Store,3,300,5,855.0,540.0,315.0
13321,2026-05-03,East,Product A,Core,CUST1244,At Risk,Partner,4,500,15,1700.0,1200.0,500.0
13322,2026-05-03,East,Product C,Accessory,CUST1154,Champions,Online,3,300,15,765.0,540.0,225.0
13323,2026-05-03,East,Product B,Core,CUST1283,Loyal,Online,4,750,10,2700.0,1800.0,900.0
13324,2026-05-03,North,Product A,Core,CUST1537,Loyal,Online,3,500,0,1500.0,900.0,600.0
13325,2026-05-03,North,Product A,Core,CUST1471,New,Retail Store,4,500,20,1600.0,1200.0,400.0
13326,2026-05-04,North,Product D,Accessory,CUST1072,Lost,Retail Store,1,1200,5,1140.0,720.0,420.0
13327,2026-05-04,East,Product D,Accessory,CUST1269,Champions,Retail Store,4,1200,5,4560.0,2880.0,1680.0
13328,2026-05-04,South,Product B,Core,CUST1577,New,Retail Store,4,750,0,3000.0,1800.0,1200.0
13329,2026-05-04,West,Product B,Core,CUST1445,At Risk,Online,3,750,10,2025.0,1350.0,675.0
13330,2026-05-04,South,Product A,Core,CUST1050,Loyal,Online,2,500,0,1000.0,600.0,400.0
13331,2026-05-04,South,Product B,Core,CUST1404,Lost,Retail Store,2,750,0,1500.0,900.0,600.0
13332,2026-05-04,West,Product B,Core,CUST1417,At Risk,Partner,3,750,5,2137.5,1350.0,787.5
13333,2026-05-04,South,Product C,Accessory,CUST1452,At Risk,Online,4,300,5,1140.0,720.0,420.0
13334,2026-05-04,West,Product C,Accessory,CUST1209,New,Online,1,300,5,285.0,180.0,105.0
13335,2026-05-04,North,Product C,Accessory,CUST1023,Lost,Online,2,300,15,510.0,360.0,150.0
13336,2026-05-04,West,Product C,Accessory,CUST1488,New,Partner,4,300,5,1140.0,720.0,420.0
13337,2026-05-04,North,Product C,Accessory,CUST1449,At Risk,Online,3,300,0,900.0,540.0,360.0
13338,2026-05-04,West,Product B,Core,CUST1159,At Risk,Retail Store,1,750,5,712.5,450.0,262.5
13339,2026-05-04,East,Product A,Core,CUST1214,At Risk,Online,1,500,0,500.0,300.0,200.0
13340,2026-05-04,South,Product B,Core,CUST1293,Champions,Retail Store,1,750,0,750.0,450.0,300.0
13341,2026-05-04,West,Product D,Accessory,CUST1067,Loyal,Online,4,1200,10,4320.0,2880.0,1440.0
13342,2026-05-04,North,Product B,Core,CUST1265,Loyal,Online,4,750,0,3000.0,1800.0,1200.0
13343,2026-05-04,North,Product C,Accessory,CUST1061,New,Online,2,300,20,480.0,360.0,120.0
13344,2026-05-04,North,Product D,Accessory,CUST1095,At Risk,Online,3,1200,10,3240.0,2160.0,1080.0
13345,2026-05-04,South,Product A,Core,CUST1396,At Risk,Retail Store,1,500,10,450.0,300.0,150.0
13346,2026-05-04,South,Product A,Core,CUST1480,New,Retail Store,2,500,0,1000.0,600.0,400.0
13347,2026-05-04,West,Product D,Accessory,CUST1348,New,Retail Store,2,1200,10,2160.0,1440.0,720.0
13348,2026-05-04,East,Product A,Core,CUST1270,Champions,Online,4,500,10,1800.0,1200.0,600.0
13349,2026-05-04,North,Product A,Core,CUST1496,New,Online,4,500,10,1800.0,1200.0,600.0
13350,2026-05-04,North,Product D,Accessory,CUST1388,Champions,Online,4,1200,20,3840.0,2880.0,960.0
13351,2026-05-04,West,Product B,Core,CUST1499,New,Retail Store,3,750,10,2025.0,1350.0,675.0
13352,2026-05-04,South,Product A,Core,CUST1568,Loyal,Retail Store,2,500,0,1000.0,600.0,400.0
13353,2026-05-04,North,Product A,Core,CUST1397,Loyal,Partner,1,500,0,500.0,300.0,200.0
13354,2026-05-04,West,Product A,Core,CUST1264,Lost,Retail Store,2,500,10,900.0,600.0,300.0
13355,2026-05-04,North,Product C,Accessory,CUST1484,Champions,Retail Store,3,300,10,810.0,540.0,270.0
13356,2026-05-04,East,Product C,Accessory,CUST1089,New,Retail Store,4,300,10,1080.0,720.0,360.0
13357,2026-05-04,North,Product A,Core,CUST1220,Loyal,Online,3,500,10,1350.0,900.0,450.0
13358,2026-05-04,East,Product A,Core,CUST1526,Lost,Retail Store,4,500,5,1900.0,1200.0,700.0
13359,2026-05-04,East,Product A,Core,CUST1510,Champions,Online,3,500,5,1425.0,900.0,525.0
13360,2026-05-04,North,Product A,Core,CUST1265,Loyal,Online,1,500,10,450.0,300.0,150.0
13361,2026-05-04,North,Product A,Core,CUST1424,At Risk,Online,4,500,0,2000.0,1200.0,800.0
13362,2026-05-04,East,Product D,Accessory,CUST1275,Loyal,Partner,1,1200,15,1020.0,720.0,300.0
13363,2026-05-04,West,Product C,Accessory,CUST1510,Champions,Retail Store,4,300,15,1020.0,720.0,300.0
13364,2026-05-04,North,Product C,Accessory,CUST1236,New,Online,3,300,0,900.0,540.0,360.0
13365,2026-05-04,South,Product A,Core,CUST1362,Champions,Online,2,500,5,950.0,600.0,350.0
13366,2026-05-04,North,Product A,Core,CUST1539,At Risk,Online,2,500,20,800.0,600.0,200.0
13367,2026-05-04,South,Product A,Core,CUST1552,Loyal,Retail Store,3,500,5,1425.0,900.0,525.0
13368,2026-05-04,North,Product B,Core,CUST1124,Champions,Online,2,750,5,1425.0,900.0,525.0
13369,2026-05-04,North,Product B,Core,CUST1393,At Risk,Partner,4,750,0,3000.0,1800.0,1200.0
13370,2026-05-04,West,Product B,Core,CUST1303,New,Online,2,750,15,1275.0,900.0,375.0
13371,2026-05-04,South,Product A,Core,CUST1582,Champions,Retail Store,3,500,10,1350.0,900.0,450.0
13372,2026-05-04,West,Product A,Core,CUST1293,Champions,Online,1,500,10,450.0,300.0,150.0
13373,2026-05-04,West,Product A,Core,CUST1294,At Risk,Retail Store,4,500,20,1600.0,1200.0,400.0
13374,2026-05-04,South,Product A,Core,CUST1237,At Risk,Retail Store,4,500,10,1800.0,1200.0,600.0
13375,2026-05-04,West,Product B,Core,CUST1469,New,Online,3,750,0,2250.0,1350.0,900.0
13376,2026-05-04,North,Product A,Core,CUST1406,Loyal,Retail Store,3,500,5,1425.0,900.0,525.0
13377,2026-05-05,West,Product B,Core,CUST1397,Loyal,Retail Store,3,750,0,2250.0,1350.0,900.0
13378,2026-05-05,North,Product B,Core,CUST1433,At Risk,Online,4,750,0,3000.0,1800.0,1200.0
13379,2026-05-05,West,Product A,Core,CUST1402,At Risk,Online,3,500,0,1500.0,900.0,600.0
13380,2026-05-05,South,Product D,Accessory,CUST1594,Champions,Retail Store,1,1200,0,1200.0,720.0,480.0
13381,2026-05-05,East,Product B,Core,CUST1126,Loyal,Online,3,750,15,1912.5,1350.0,562.5
13382,2026-05-05,East,Product A,Core,CUST1576,Lost,Online,2,500,5,950.0,600.0,350.0
13383,2026-05-05,South,Product A,Core,CUST1513,Loyal,Retail Store,2,500,15,850.0,600.0,250.0
13384,2026-05-05,East,Product B,Core,CUST1277,New,Online,4,750,0,3000.0,1800.0,1200.0
13385,2026-05-05,North,Product B,Core,CUST1513,Loyal,Retail Store,1,750,0,750.0,450.0,300.0
13386,2026-05-05,East,Product C,Accessory,CUST1147,New,Online,4,300,10,1080.0,720.0,360.0
13387,2026-05-05,South,Product A,Core,CUST1100,Lost,Online,3,500,0,1500.0,900.0,600.0
13388,2026-05-05,North,Product C,Accessory,CUST1287,Loyal,Partner,4,300,5,1140.0,720.0,420.0
13389,2026-05-05,West,Product A,Core,CUST1294,At Risk,Online,2,500,5,950.0,600.0,350.0
13390,2026-05-05,East,Product A,Core,CUST1589,Champions,Retail Store,1,500,5,475.0,300.0,175.0
13391,2026-05-05,North,Product A,Core,CUST1282,Loyal,Retail Store,4,500,5,1900.0,1200.0,700.0
13392,2026-05-05,West,Product A,Core,CUST1177,Lost,Online,2,500,10,900.0,600.0,300.0
13393,2026-05-05,North,Product A,Core,CUST1331,Loyal,Retail Store,1,500,0,500.0,300.0,200.0
13394,2026-05-05,North,Product C,Accessory,CUST1278,Lost,Retail Store,1,300,15,255.0,180.0,75.0
13395,2026-05-05,South,Product B,Core,CUST1163,Champions,Online,1,750,5,712.5,450.0,262.5
13396,2026-05-05,East,Product B,Core,CUST1502,Lost,Retail Store,3,750,15,1912.5,1350.0,562.5
13397,2026-05-05,South,Product A,Core,CUST1242,Loyal,Online,4,500,0,2000.0,1200.0,800.0
13398,2026-05-05,North,Product B,Core,CUST1163,Champions,Online,3,750,0,2250.0,1350.0,900.0
13399,2026-05-05,North,Product A,Core,CUST1237,At Risk,Retail Store,4,500,0,2000.0,1200.0,800.0
13400,2026-05-05,North,Product A,Core,CUST1516,Loyal,Partner,2,500,5,950.0,600.0,350.0
13401,2026-05-05,North,Product C,Accessory,CUST1002,Lost,Online,4,300,0,1200.0,720.0,480.0
13402,2026-05-05,East,Product A,Core,CUST1238,Champions,Online,3,500,5,1425.0,900.0,525.0
13403,2026-05-05,East,Product B,Core,CUST1555,Loyal,Online,3,750,0,2250.0,1350.0,900.0
13404,2026-05-05,East,Product A,Core,CUST1024,At Risk,Online,2,500,20,800.0,600.0,200.0
13405,2026-05-05,East,Product A,Core,CUST1051,Champions,Online,3,500,0,1500.0,900.0,600.0
13406,2026-05-05,South,Product C,Accessory,CUST1518,Champions,Partner,4,300,0,1200.0,720.0,480.0
13407,2026-05-05,North,Product C,Accessory,CUST1582,Champions,Retail Store,2,300,0,600.0,360.0,240.0
13408,2026-05-05,South,Product D,Accessory,CUST1441,Loyal,Partner,3,1200,5,3420.0,2160.0,1260.0
13409,2026-05-05,South,Product C,Accessory,CUST1254,Loyal,Partner,4,300,5,1140.0,720.0,420.0
13410,2026-05-05,South,Product A,Core,CUST1139,Champions,Partner,2,500,20,800.0,600.0,200.0
13411,2026-05-05,South,Product D,Accessory,CUST1457,New,Retail Store,2,1200,5,2280.0,1440.0,840.0
13412,2026-05-05,East,Product C,Accessory,CUST1382,At Risk,Retail Store,3,300,0,900.0,540.0,360.0
13413,2026-05-05,West,Product A,Core,CUST1171,New,Retail Store,1,500,10,450.0,300.0,150.0
13414,2026-05-05,West,Product A,Core,CUST1182,New,Online,1,500,15,425.0,300.0,125.0
13415,2026-05-05,West,Product D,Accessory,CUST1484,Champions,Retail Store,2,1200,0,2400.0,1440.0,960.0
13416,2026-05-05,West,Product B,Core,CUST1163,Champions,Retail Store,2,750,0,1500.0,900.0,600.0
13417,2026-05-05,North,Product C,Accessory,CUST1512,Champions,Retail Store,4,300,5,1140.0,720.0,420.0
13418,2026-05-05,North,Product A,Core,CUST1167,At Risk,Online,1,500,0,500.0,300.0,200.0
13419,2026-05-05,South,Product B,Core,CUST1450,Champions,Online,2,750,10,1350.0,900.0,450.0
13420,2026-05-05,West,Product B,Core,CUST1572,New,Retail Store,3,750,5,2137.5,1350.0,787.5
13421,2026-05-06,South,Product B,Core,CUST1418,Loyal,Online,4,750,20,2400.0,1800.0,600.0
13422,2026-05-06,East,Product A,Core,CUST1541,New,Online,4,500,0,2000.0,1200.0,800.0
13423,2026-05-06,South,Product A,Core,CUST1194,Loyal,Online,4,500,10,1800.0,1200.0,600.0
13424,2026-05-06,North,Product D,Accessory,CUST1386,At Risk,Partner,1,1200,15,1020.0,720.0,300.0
13425,2026-05-06,West,Product B,Core,CUST1103,Lost,Retail Store,1,750,5,712.5,450.0,262.5
13426,2026-05-06,East,Product D,Accessory,CUST1370,At Risk,Online,4,1200,0,4800.0,2880.0,1920.0
13427,2026-05-06,North,Product C,Accessory,CUST1591,New,Online,4,300,0,1200.0,720.0,480.0
13428,2026-05-06,South,Product D,Accessory,CUST1226,Champions,Online,3,1200,0,3600.0,2160.0,1440.0
13429,2026-05-06,North,Product C,Accessory,CUST1337,At Risk,Online,3,300,15,765.0,540.0,225.0
13430,2026-05-06,West,Product B,Core,CUST1069,New,Partner,2,750,20,1200.0,900.0,300.0
13431,2026-05-06,North,Product A,Core,CUST1041,At Risk,Retail Store,1,500,0,500.0,300.0,200.0
13432,2026-05-06,West,Product D,Accessory,CUST1543,Lost,Retail Store,1,1200,10,1080.0,720.0,360.0
13433,2026-05-06,North,Product C,Accessory,CUST1501,Lost,Partner,1,300,15,255.0,180.0,75.0
13434,2026-05-06,East,Product A,Core,CUST1430,Lost,Retail Store,2,500,0,1000.0,600.0,400.0
13435,2026-05-06,East,Product A,Core,CUST1584,Lost,Online,1,500,10,450.0,300.0,150.0
13436,2026-05-06,South,Product B,Core,CUST1442,At Risk,Retail Store,2,750,5,1425.0,900.0,525.0
13437,2026-05-06,South,Product B,Core,CUST1265,Loyal,Retail Store,1,750,15,637.5,450.0,187.5
13438,2026-05-06,West,Product B,Core,CUST1496,New,Retail Store,4,750,10,2700.0,1800.0,900.0
13439,2026-05-06,West,Product A,Core,CUST1015,Loyal,Retail Store,1,500,5,475.0,300.0,175.0
13440,2026-05-06,East,Product B,Core,CUST1132,New,Online,4,750,15,2550.0,1800.0,750.0
13441,2026-05-06,South,Product B,Core,CUST1134,New,Online,1,750,0,750.0,450.0,300.0
13442,2026-05-06,East,Product B,Core,CUST1562,At Risk,Retail Store,4,750,0,3000.0,1800.0,1200.0
13443,2026-05-06,West,Product A,Core,CUST1187,Champions,Online,2,500,10,900.0,600.0,300.0
13444,2026-05-06,North,Product A,Core,CUST1581,New,Retail Store,3,500,10,1350.0,900.0,450.0
13445,2026-05-06,South,Product B,Core,CUST1524,Champions,Online,2,750,15,1275.0,900.0,375.0
13446,2026-05-06,North,Product D,Accessory,CUST1596,At Risk,Online,1,1200,10,1080.0,720.0,360.0
13447,2026-05-06,North,Product A,Core,CUST1566,At Risk,Online,3,500,10,1350.0,900.0,450.0
13448,2026-05-06,North,Product C,Accessory,CUST1210,At Risk,Retail Store,1,300,10,270.0,180.0,90.0
13449,2026-05-06,West,Product C,Accessory,CUST1087,New,Online,1,300,0,300.0,180.0,120.0
13450,2026-05-06,South,Product B,Core,CUST1266,Loyal,Retail Store,2,750,0,1500.0,900.0,600.0
13451,2026-05-06,North,Product D,Accessory,CUST1470,New,Online,2,1200,20,1920.0,1440.0,480.0
13452,2026-05-06,North,Product B,Core,CUST1386,At Risk,Online,1,750,10,675.0,450.0,225.0
13453,2026-05-06,North,Product D,Accessory,CUST1221,New,Partner,3,1200,5,3420.0,2160.0,1260.0
13454,2026-05-06,South,Product C,Accessory,CUST1297,At Risk,Online,3,300,0,900.0,540.0,360.0
13455,2026-05-06,North,Product A,Core,CUST1096,Loyal,Online,4,500,0,2000.0,1200.0,800.0
13456,2026-05-07,East,Product B,Core,CUST1592,Loyal,Retail Store,2,750,0,1500.0,900.0,600.0
13457,2026-05-07,West,Product B,Core,CUST1349,Champions,Online,2,750,0,1500.0,900.0,600.0
13458,2026-05-07,South,Product A,Core,CUST1518,Champions,Online,2,500,15,850.0,600.0,250.0
13459,2026-05-07,South,Product D,Accessory,CUST1132,New,Retail Store,3,1200,15,3060.0,2160.0,900.0
13460,2026-05-07,North,Product B,Core,CUST1244,At Risk,Online,1,750,10,675.0,450.0,225.0
13461,2026-05-07,North,Product C,Accessory,CUST1012,At Risk,Online,1,300,5,285.0,180.0,105.0
13462,2026-05-07,South,Product A,Core,CUST1334,Champions,Retail Store,1,500,10,450.0,300.0,150.0
13463,2026-05-07,North,Product C,Accessory,CUST1212,Loyal,Online,3,300,15,765.0,540.0,225.0
13464,2026-05-07,South,Product B,Core,CUST1165,Loyal,Retail Store,4,750,10,2700.0,1800.0,900.0
13465,2026-05-07,North,Product C,Accessory,CUST1234,Lost,Retail Store,2,300,0,600.0,360.0,240.0
13466,2026-05-07,South,Product C,Accessory,CUST1254,Loyal,Retail Store,3,300,0,900.0,540.0,360.0
13467,2026-05-07,North,Product B,Core,CUST1284,New,Retail Store,2,750,5,1425.0,900.0,525.0
13468,2026-05-07,South,Product D,Accessory,CUST1584,Lost,Retail Store,3,1200,0,3600.0,2160.0,1440.0
13469,2026-05-07,East,Product A,Core,CUST1479,New,Retail Store,3,500,15,1275.0,900.0,375.0
13470,2026-05-07,North,Product C,Accessory,CUST1554,Champions,Online,1,300,5,285.0,180.0,105.0
13471,2026-05-07,South,Product C,Accessory,CUST1422,Champions,Retail Store,3,300,5,855.0,540.0,315.0
13472,2026-05-07,East,Product B,Core,CUST1033,Loyal,Online,1,750,0,750.0,450.0,300.0
13473,2026-05-07,North,Product D,Accessory,CUST1009,New,Retail Store,4,1200,20,3840.0,2880.0,960.0
13474,2026-05-07,East,Product A,Core,CUST1378,Loyal,Partner,3,500,10,1350.0,900.0,450.0
13475,2026-05-07,North,Product D,Accessory,CUST1072,Lost,Online,4,1200,10,4320.0,2880.0,1440.0
13476,2026-05-07,West,Product D,Accessory,CUST1361,Champions,Retail Store,1,1200,0,1200.0,720.0,480.0
13477,2026-05-07,West,Product D,Accessory,CUST1402,At Risk,Retail Store,4,1200,10,4320.0,2880.0,1440.0
13478,2026-05-07,North,Product B,Core,CUST1488,New,Retail Store,1,750,0,750.0,450.0,300.0
13479,2026-05-07,East,Product B,Core,CUST1214,At Risk,Retail Store,4,750,10,2700.0,1800.0,900.0
13480,2026-05-07,North,Product A,Core,CUST1481,Loyal,Retail Store,3,500,0,1500.0,900.0,600.0
13481,2026-05-07,South,Product A,Core,CUST1368,Loyal,Online,2,500,15,850.0,600.0,250.0
13482,2026-05-07,South,Product A,Core,CUST1388,Champions,Online,1,500,10,450.0,300.0,150.0
13483,2026-05-07,South,Product A,Core,CUST1225,Lost,Retail Store,4,500,0,2000.0,1200.0,800.0
13484,2026-05-07,North,Product C,Accessory,CUST1542,At Risk,Partner,3,300,10,810.0,540.0,270.0
13485,2026-05-07,North,Product A,Core,CUST1264,Lost,Retail Store,4,500,0,2000.0,1200.0,800.0
13486,2026-05-07,East,Product A,Core,CUST1120,New,Online,2,500,0,1000.0,600.0,400.0
13487,2026-05-07,West,Product A,Core,CUST1041,At Risk,Retail Store,3,500,0,1500.0,900.0,600.0
13488,2026-05-07,East,Product A,Core,CUST1508,New,Retail Store,4,500,10,1800.0,1200.0,600.0
13489,2026-05-07,South,Product C,Accessory,CUST1177,Lost,Online,3,300,0,900.0,540.0,360.0
13490,2026-05-07,North,Product A,Core,CUST1318,Loyal,Partner,2,500,0,1000.0,600.0,400.0
13491,2026-05-07,West,Product C,Accessory,CUST1391,Champions,Partner,2,300,10,540.0,360.0,180.0
13492,2026-05-07,East,Product A,Core,CUST1594,Champions,Partner,1,500,0,500.0,300.0,200.0
13493,2026-05-07,North,Product A,Core,CUST1384,Loyal,Online,2,500,5,950.0,600.0,350.0
13494,2026-05-07,West,Product B,Core,CUST1021,Loyal,Online,3,750,15,1912.5,1350.0,562.5
13495,2026-05-07,East,Product B,Core,CUST1553,Lost,Retail Store,4,750,5,2850.0,1800.0,1050.0
13496,2026-05-07,East,Product C,Accessory,CUST1541,New,Online,1,300,5,285.0,180.0,105.0
13497,2026-05-07,North,Product A,Core,CUST1062,New,Online,3,500,5,1425.0,900.0,525.0
13498,2026-05-07,North,Product B,Core,CUST1539,At Risk,Retail Store,4,750,15,2550.0,1800.0,750.0
13499,2026-05-07,East,Product D,Accessory,CUST1145,Loyal,Online,1,1200,10,1080.0,720.0,360.0
13500,2026-05-07,South,Product A,Core,CUST1551,Loyal,Online,1,500,0,500.0,300.0,200.0
13501,2026-05-08,North,Product A,Core,CUST1334,Champions,Online,4,500,10,1800.0,1200.0,600.0
13502,2026-05-08,North,Product A,Core,CUST1219,Loyal,Online,4,500,0,2000.0,1200.0,800.0
13503,2026-05-08,North,Product B,Core,CUST1387,Lost,Online,3,750,5,2137.5,1350.0,787.5
13504,2026-05-08,South,Product B,Core,CUST1346,Lost,Online,3,750,5,2137.5,1350.0,787.5
13505,2026-05-08,West,Product D,Accessory,CUST1425,At Risk,Online,1,1200,5,1140.0,720.0,420.0
13506,2026-05-08,South,Product C,Accessory,CUST1205,Loyal,Retail Store,1,300,15,255.0,180.0,75.0
13507,2026-05-08,West,Product A,Core,CUST1125,New,Online,4,500,5,1900.0,1200.0,700.0
13508,2026-05-08,North,Product B,Core,CUST1261,At Risk,Online,1,750,5,712.5,450.0,262.5
13509,2026-05-08,East,Product C,Accessory,CUST1177,Lost,Online,2,300,0,600.0,360.0,240.0
13510,2026-05-08,South,Product D,Accessory,CUST1331,Loyal,Retail Store,1,1200,10,1080.0,720.0,360.0
13511,2026-05-08,West,Product A,Core,CUST1032,Loyal,Retail Store,4,500,5,1900.0,1200.0,700.0
13512,2026-05-08,East,Product A,Core,CUST1506,Loyal,Retail Store,4,500,10,1800.0,1200.0,600.0
13513,2026-05-08,West,Product B,Core,CUST1306,Loyal,Online,1,750,5,712.5,450.0,262.5
13514,2026-05-08,West,Product B,Core,CUST1051,Champions,Retail Store,3,750,0,2250.0,1350.0,900.0
13515,2026-05-08,North,Product D,Accessory,CUST1377,New,Online,4,1200,0,4800.0,2880.0,1920.0
13516,2026-05-08,South,Product A,Core,CUST1063,At Risk,Retail Store,1,500,0,500.0,300.0,200.0
13517,2026-05-08,West,Product B,Core,CUST1479,New,Online,1,750,10,675.0,450.0,225.0
13518,2026-05-08,West,Product C,Accessory,CUST1066,New,Retail Store,4,300,10,1080.0,720.0,360.0
13519,2026-05-08,East,Product C,Accessory,CUST1359,New,Online,2,300,10,540.0,360.0,180.0
13520,2026-05-08,East,Product A,Core,CUST1554,Champions,Online,4,500,10,1800.0,1200.0,600.0
13521,2026-05-08,West,Product A,Core,CUST1303,New,Retail Store,4,500,10,1800.0,1200.0,600.0
13522,2026-05-08,West,Product C,Accessory,CUST1200,At Risk,Retail Store,2,300,5,570.0,360.0,210.0
13523,2026-05-08,South,Product A,Core,CUST1528,At Risk,Retail Store,2,500,15,850.0,600.0,250.0
13524,2026-05-08,West,Product A,Core,CUST1349,Champions,Retail Store,3,500,0,1500.0,900.0,600.0
13525,2026-05-08,East,Product B,Core,CUST1008,Champions,Online,4,750,15,2550.0,1800.0,750.0
13526,2026-05-08,East,Product A,Core,CUST1314,Loyal,Partner,2,500,0,1000.0,600.0,400.0
13527,2026-05-08,North,Product D,Accessory,CUST1349,Champions,Retail Store,4,1200,5,4560.0,2880.0,1680.0
13528,2026-05-08,West,Product A,Core,CUST1317,At Risk,Online,1,500,5,475.0,300.0,175.0
13529,2026-05-08,North,Product D,Accessory,CUST1274,At Risk,Online,2,1200,20,1920.0,1440.0,480.0
13530,2026-05-08,East,Product D,Accessory,CUST1514,Loyal,Online,1,1200,0,1200.0,720.0,480.0
13531,2026-05-08,South,Product C,Accessory,CUST1206,Champions,Online,4,300,0,1200.0,720.0,480.0
13532,2026-05-08,West,Product B,Core,CUST1156,Loyal,Online,2,750,5,1425.0,900.0,525.0
13533,2026-05-08,South,Product B,Core,CUST1411,At Risk,Online,2,750,0,1500.0,900.0,600.0
13534,2026-05-08,South,Product D,Accessory,CUST1438,At Risk,Online,4,1200,5,4560.0,2880.0,1680.0
13535,2026-05-08,East,Product B,Core,CUST1363,Champions,Partner,3,750,5,2137.5,1350.0,787.5
13536,2026-05-08,South,Product B,Core,CUST1565,At Risk,Retail Store,1,750,10,675.0,450.0,225.0
13537,2026-05-08,East,Product A,Core,CUST1009,New,Retail Store,4,500,5,1900.0,1200.0,700.0
13538,2026-05-08,West,Product C,Accessory,CUST1466,At Risk,Retail Store,1,300,5,285.0,180.0,105.0
13539,2026-05-08,East,Product D,Accessory,CUST1142,Lost,Online,2,1200,5,2280.0,1440.0,840.0
13540,2026-05-08,East,Product B,Core,CUST1294,At Risk,Online,1,750,0,750.0,450.0,300.0
13541,2026-05-08,South,Product A,Core,CUST1430,Lost,Online,2,500,0,1000.0,600.0,400.0
13542,2026-05-08,East,Product A,Core,CUST1177,Lost,Retail Store,1,500,0,500.0,300.0,200.0
13543,2026-05-08,North,Product B,Core,CUST1220,Loyal,Online,2,750,5,1425.0,900.0,525.0
13544,2026-05-08,West,Product B,Core,CUST1339,Lost,Online,4,750,15,2550.0,1800.0,750.0
13545,2026-05-08,North,Product D,Accessory,CUST1544,Champions,Retail Store,2,1200,0,2400.0,1440.0,960.0
13546,2026-05-08,North,Product D,Accessory,CUST1421,Champions,Retail Store,3,1200,0,3600.0,2160.0,1440.0
13547,2026-05-08,South,Product A,Core,CUST1211,New,Partner,2,500,15,850.0,600.0,250.0
13548,2026-05-08,South,Product A,Core,CUST1138,At Risk,Retail Store,3,500,10,1350.0,900.0,450.0
13549,2026-05-08,South,Product A,Core,CUST1588,Loyal,Partner,1,500,10,450.0,300.0,150.0
13550,2026-05-08,West,Product A,Core,CUST1401,Lost,Online,3,500,15,1275.0,900.0,375.0
13551,2026-05-08,North,Product C,Accessory,CUST1083,Loyal,Online,1,300,5,285.0,180.0,105.0
13552,2026-05-08,West,Product D,Accessory,CUST1008,Champions,Online,3,1200,10,3240.0,2160.0,1080.0
13553,2026-05-08,North,Product C,Accessory,CUST1309,Champions,Online,4,300,0,1200.0,720.0,480.0
13554,2026-05-08,South,Product D,Accessory,CUST1454,Champions,Online,3,1200,5,3420.0,2160.0,1260.0
13555,2026-05-08,East,Product A,Core,CUST1550,New,Retail Store,1,500,0,500.0,300.0,200.0
13556,2026-05-08,South,Product B,Core,CUST1587,Loyal,Partner,1,750,20,600.0,450.0,150.0
13557,2026-05-08,West,Product A,Core,CUST1274,At Risk,Retail Store,2,500,0,1000.0,600.0,400.0
13558,2026-05-08,West,Product A,Core,CUST1359,New,Retail Store,3,500,15,1275.0,900.0,375.0
13559,2026-05-08,East,Product B,Core,CUST1540,Lost,Retail Store,2,750,5,1425.0,900.0,525.0
13560,2026-05-09,South,Product D,Accessory,CUST1114,Loyal,Retail Store,2,1200,5,2280.0,1440.0,840.0
13561,2026-05-09,West,Product A,Core,CUST1123,New,Retail Store,2,500,10,900.0,600.0,300.0
13562,2026-05-09,South,Product B,Core,CUST1097,Champions,Partner,2,750,15,1275.0,900.0,375.0
13563,2026-05-09,West,Product B,Core,CUST1576,Lost,Retail Store,3,750,10,2025.0,1350.0,675.0
13564,2026-05-09,North,Product D,Accessory,CUST1216,Champions,Retail Store,3,1200,5,3420.0,2160.0,1260.0
13565,2026-05-09,East,Product C,Accessory,CUST1275,Loyal,Online,1,300,10,270.0,180.0,90.0
13566,2026-05-09,West,Product A,Core,CUST1344,At Risk,Online,2,500,0,1000.0,600.0,400.0
13567,2026-05-09,North,Product B,Core,CUST1535,Loyal,Online,3,750,5,2137.5,1350.0,787.5
13568,2026-05-09,East,Product A,Core,CUST1280,Champions,Retail Store,4,500,0,2000.0,1200.0,800.0
13569,2026-05-09,East,Product C,Accessory,CUST1309,Champions,Retail Store,2,300,0,600.0,360.0,240.0
13570,2026-05-09,South,Product D,Accessory,CUST1204,Champions,Online,1,1200,0,1200.0,720.0,480.0
13571,2026-05-09,West,Product A,Core,CUST1365,New,Retail Store,1,500,10,450.0,300.0,150.0
13572,2026-05-09,South,Product D,Accessory,CUST1302,New,Retail Store,1,1200,5,1140.0,720.0,420.0
13573,2026-05-09,South,Product D,Accessory,CUST1166,At Risk,Online,3,1200,0,3600.0,2160.0,1440.0
13574,2026-05-09,North,Product D,Accessory,CUST1087,New,Partner,2,1200,20,1920.0,1440.0,480.0
13575,2026-05-09,West,Product A,Core,CUST1122,Champions,Retail Store,1,500,0,500.0,300.0,200.0
13576,2026-05-09,North,Product C,Accessory,CUST1323,New,Retail Store,4,300,5,1140.0,720.0,420.0
13577,2026-05-09,East,Product A,Core,CUST1418,Loyal,Retail Store,4,500,5,1900.0,1200.0,700.0
13578,2026-05-09,West,Product B,Core,CUST1302,New,Online,3,750,0,2250.0,1350.0,900.0
13579,2026-05-09,West,Product B,Core,CUST1202,New,Retail Store,3,750,10,2025.0,1350.0,675.0
13580,2026-05-09,North,Product B,Core,CUST1434,Champions,Online,3,750,0,2250.0,1350.0,900.0
13581,2026-05-09,West,Product D,Accessory,CUST1395,New,Online,3,1200,20,2880.0,2160.0,720.0
13582,2026-05-09,East,Product D,Accessory,CUST1190,Lost,Online,1,1200,10,1080.0,720.0,360.0
13583,2026-05-09,West,Product A,Core,CUST1485,New,Retail Store,2,500,20,800.0,600.0,200.0
13584,2026-05-09,East,Product D,Accessory,CUST1292,Lost,Retail Store,3,1200,5,3420.0,2160.0,1260.0
13585,2026-05-09,North,Product C,Accessory,CUST1043,Loyal,Online,3,300,10,810.0,540.0,270.0
13586,2026-05-09,West,Product B,Core,CUST1468,Champions,Online,4,750,0,3000.0,1800.0,1200.0
13587,2026-05-09,South,Product A,Core,CUST1344,At Risk,Retail Store,3,500,5,1425.0,900.0,525.0
13588,2026-05-09,West,Product D,Accessory,CUST1015,Loyal,Online,2,1200,0,2400.0,1440.0,960.0
13589,2026-05-09,East,Product B,Core,CUST1195,Loyal,Retail Store,3,750,0,2250.0,1350.0,900.0
13590,2026-05-09,North,Product B,Core,CUST1594,Champions,Retail Store,4,750,5,2850.0,1800.0,1050.0
13591,2026-05-09,North,Product A,Core,CUST1432,At Risk,Online,1,500,10,450.0,300.0,150.0
13592,2026-05-09,North,Product A,Core,CUST1298,At Risk,Online,1,500,0,500.0,300.0,200.0
13593,2026-05-09,North,Product D,Accessory,CUST1368,Loyal,Online,2,1200,0,2400.0,1440.0,960.0
13594,2026-05-09,East,Product B,Core,CUST1427,At Risk,Partner,4,750,0,3000.0,1800.0,1200.0
13595,2026-05-09,South,Product A,Core,CUST1576,Lost,Online,4,500,10,1800.0,1200.0,600.0
13596,2026-05-09,South,Product B,Core,CUST1275,Loyal,Online,2,750,5,1425.0,900.0,525.0
13597,2026-05-09,North,Product A,Core,CUST1589,Champions,Online,4,500,5,1900.0,1200.0,700.0
13598,2026-05-09,East,Product B,Core,CUST1284,New,Online,1,750,0,750.0,450.0,300.0
13599,2026-05-09,East,Product A,Core,CUST1243,New,Retail Store,1,500,15,425.0,300.0,125.0
13600,2026-05-09,North,Product C,Accessory,CUST1114,Loyal,Retail Store,1,300,10,270.0,180.0,90.0
13601,2026-05-09,South,Product B,Core,CUST1412,Champions,Online,4,750,5,2850.0,1800.0,1050.0
13602,2026-05-09,East,Product A,Core,CUST1579,Loyal,Online,3,500,5,1425.0,900.0,525.0
13603,2026-05-09,West,Product B,Core,CUST1019,At Risk,Online,3,750,10,2025.0,1350.0,675.0
13604,2026-05-09,West,Product C,Accessory,CUST1386,At Risk,Online,4,300,10,1080.0,720.0,360.0
13605,2026-05-09,North,Product D,Accessory,CUST1461,Champions,Online,3,1200,5,3420.0,2160.0,1260.0
13606,2026-05-09,West,Product C,Accessory,CUST1373,Loyal,Online,4,300,5,1140.0,720.0,420.0
13607,2026-05-09,East,Product A,Core,CUST1223,Lost,Partner,1,500,15,425.0,300.0,125.0
13608,2026-05-09,West,Product A,Core,CUST1552,Loyal,Partner,2,500,0,1000.0,600.0,400.0
13609,2026-05-09,South,Product A,Core,CUST1318,Loyal,Online,4,500,0,2000.0,1200.0,800.0
13610,2026-05-09,South,Product A,Core,CUST1045,At Risk,Retail Store,3,500,5,1425.0,900.0,525.0
13611,2026-05-09,South,Product A,Core,CUST1171,New,Partner,1,500,5,475.0,300.0,175.0
13612,2026-05-09,South,Product B,Core,CUST1361,Champions,Retail Store,4,750,5,2850.0,1800.0,1050.0
13613,2026-05-09,South,Product C,Accessory,CUST1594,Champions,Retail Store,4,300,15,1020.0,720.0,300.0
13614,2026-05-09,South,Product B,Core,CUST1148,New,Retail Store,3,750,5,2137.5,1350.0,787.5
13615,2026-05-09,North,Product A,Core,CUST1511,At Risk,Online,4,500,0,2000.0,1200.0,800.0
13616,2026-05-09,East,Product D,Accessory,CUST1267,Loyal,Retail Store,4,1200,0,4800.0,2880.0,1920.0
13617,2026-05-09,South,Product C,Accessory,CUST1515,Loyal,Retail Store,4,300,10,1080.0,720.0,360.0
13618,2026-05-09,North,Product A,Core,CUST1587,Loyal,Retail Store,4,500,5,1900.0,1200.0,700.0
13619,2026-05-09,West,Product D,Accessory,CUST1522,Loyal,Retail Store,2,1200,0,2400.0,1440.0,960.0
13620,2026-05-09,South,Product D,Accessory,CUST1516,Loyal,Online,2,1200,10,2160.0,1440.0,720.0
13621,2026-05-09,West,Product A,Core,CUST1188,At Risk,Online,3,500,5,1425.0,900.0,525.0
13622,2026-05-09,East,Product B,Core,CUST1133,Loyal,Retail Store,4,750,10,2700.0,1800.0,900.0
13623,2026-05-09,North,Product C,Accessory,CUST1539,At Risk,Online,3,300,10,810.0,540.0,270.0
13624,2026-05-09,North,Product B,Core,CUST1321,New,Online,3,750,10,2025.0,1350.0,675.0
13625,2026-05-09,East,Product B,Core,CUST1075,Loyal,Online,3,750,5,2137.5,1350.0,787.5
13626,2026-05-09,North,Product C,Accessory,CUST1197,Lost,Online,3,300,15,765.0,540.0,225.0
13627,2026-05-09,North,Product C,Accessory,CUST1031,Lost,Partner,1,300,5,285.0,180.0,105.0
13628,2026-05-09,East,Product B,Core,CUST1558,New,Online,3,750,0,2250.0,1350.0,900.0
13629,2026-05-09,East,Product D,Accessory,CUST1232,Lost,Retail Store,1,1200,10,1080.0,720.0,360.0
13630,2026-05-09,North,Product A,Core,CUST1412,Champions,Online,2,500,5,950.0,600.0,350.0
13631,2026-05-10,North,Product D,Accessory,CUST1183,Loyal,Online,3,1200,0,3600.0,2160.0,1440.0
13632,2026-05-10,West,Product B,Core,CUST1409,Lost,Partner,4,750,10,2700.0,1800.0,900.0
13633,2026-05-10,East,Product A,Core,CUST1066,New,Online,4,500,15,1700.0,1200.0,500.0
13634,2026-05-10,East,Product A,Core,CUST1599,At Risk,Online,2,500,0,1000.0,600.0,400.0
13635,2026-05-10,East,Product A,Core,CUST1443,Loyal,Online,4,500,5,1900.0,1200.0,700.0
13636,2026-05-10,North,Product A,Core,CUST1404,Lost,Online,3,500,5,1425.0,900.0,525.0
13637,2026-05-10,North,Product B,Core,CUST1261,At Risk,Online,2,750,0,1500.0,900.0,600.0
13638,2026-05-10,South,Product B,Core,CUST1571,At Risk,Retail Store,4,750,5,2850.0,1800.0,1050.0
13639,2026-05-10,South,Product A,Core,CUST1216,Champions,Online,4,500,0,2000.0,1200.0,800.0
13640,2026-05-10,East,Product C,Accessory,CUST1490,At Risk,Online,3,300,15,765.0,540.0,225.0
13641,2026-05-10,North,Product D,Accessory,CUST1012,At Risk,Partner,2,1200,5,2280.0,1440.0,840.0
13642,2026-05-10,West,Product A,Core,CUST1468,Champions,Online,1,500,5,475.0,300.0,175.0
13643,2026-05-10,North,Product B,Core,CUST1026,New,Retail Store,4,750,0,3000.0,1800.0,1200.0
13644,2026-05-10,North,Product D,Accessory,CUST1277,New,Online,4,1200,0,4800.0,2880.0,1920.0
13645,2026-05-10,South,Product A,Core,CUST1568,Loyal,Online,1,500,0,500.0,300.0,200.0
13646,2026-05-10,West,Product C,Accessory,CUST1132,New,Online,3,300,10,810.0,540.0,270.0
13647,2026-05-10,North,Product D,Accessory,CUST1324,At Risk,Partner,1,1200,10,1080.0,720.0,360.0
13648,2026-05-10,North,Product C,Accessory,CUST1111,Loyal,Online,3,300,0,900.0,540.0,360.0
13649,2026-05-10,South,Product A,Core,CUST1261,At Risk,Retail Store,4,500,5,1900.0,1200.0,700.0
13650,2026-05-10,East,Product D,Accessory,CUST1502,Lost,Online,3,1200,5,3420.0,2160.0,1260.0
13651,2026-05-10,North,Product B,Core,CUST1569,New,Retail Store,1,750,0,750.0,450.0,300.0
13652,2026-05-10,North,Product C,Accessory,CUST1578,Lost,Partner,3,300,0,900.0,540.0,360.0
13653,2026-05-10,East,Product C,Accessory,CUST1414,Champions,Retail Store,1,300,0,300.0,180.0,120.0
13654,2026-05-10,North,Product A,Core,CUST1136,Lost,Retail Store,3,500,10,1350.0,900.0,450.0
13655,2026-05-10,East,Product B,Core,CUST1262,Loyal,Online,1,750,20,600.0,450.0,150.0
13656,2026-05-10,West,Product A,Core,CUST1240,At Risk,Online,3,500,0,1500.0,900.0,600.0
13657,2026-05-10,South,Product A,Core,CUST1528,At Risk,Online,1,500,5,475.0,300.0,175.0
13658,2026-05-10,South,Product B,Core,CUST1467,Lost,Online,2,750,20,1200.0,900.0,300.0
13659,2026-05-10,North,Product B,Core,CUST1025,Loyal,Online,1,750,20,600.0,450.0,150.0
13660,2026-05-10,South,Product A,Core,CUST1124,Champions,Online,4,500,5,1900.0,1200.0,700.0
13661,2026-05-10,West,Product B,Core,CUST1173,Lost,Online,3,750,20,1800.0,1350.0,450.0
13662,2026-05-10,North,Product A,Core,CUST1119,At Risk,Online,3,500,0,1500.0,900.0,600.0
13663,2026-05-10,South,Product B,Core,CUST1530,At Risk,Online,4,750,0,3000.0,1800.0,1200.0
13664,2026-05-10,South,Product D,Accessory,CUST1532,Loyal,Online,4,1200,0,4800.0,2880.0,1920.0
13665,2026-05-10,West,Product A,Core,CUST1537,Loyal,Online,2,500,10,900.0,600.0,300.0
13666,2026-05-10,East,Product B,Core,CUST1163,Champions,Online,4,750,0,3000.0,1800.0,1200.0
13667,2026-05-10,East,Product B,Core,CUST1161,Lost,Online,2,750,5,1425.0,900.0,525.0
13668,2026-05-10,North,Product A,Core,CUST1223,Lost,Retail Store,3,500,0,1500.0,900.0,600.0
13669,2026-05-10,East,Product A,Core,CUST1418,Loyal,Online,1,500,5,475.0,300.0,175.0
13670,2026-05-10,West,Product B,Core,CUST1435,Loyal,Retail Store,1,750,20,600.0,450.0,150.0
13671,2026-05-10,South,Product D,Accessory,CUST1002,Lost,Retail Store,4,1200,0,4800.0,2880.0,1920.0
13672,2026-05-10,West,Product C,Accessory,CUST1147,New,Online,2,300,5,570.0,360.0,210.0
13673,2026-05-10,West,Product C,Accessory,CUST1281,Loyal,Retail Store,2,300,0,600.0,360.0,240.0
13674,2026-05-10,South,Product C,Accessory,CUST1509,Champions,Retail Store,3,300,5,855.0,540.0,315.0
13675,2026-05-10,South,Product C,Accessory,CUST1007,At Risk,Partner,1,300,15,255.0,180.0,75.0
13676,2026-05-10,West,Product D,Accessory,CUST1584,Lost,Online,3,1200,10,3240.0,2160.0,1080.0
13677,2026-05-10,North,Product C,Accessory,CUST1324,At Risk,Retail Store,1,300,10,270.0,180.0,90.0
13678,2026-05-10,South,Product B,Core,CUST1290,At Risk,Online,4,750,0,3000.0,1800.0,1200.0
13679,2026-05-11,East,Product A,Core,CUST1397,Loyal,Retail Store,1,500,10,450.0,300.0,150.0
13680,2026-05-11,North,Product A,Core,CUST1090,Loyal,Retail Store,1,500,5,475.0,300.0,175.0
13681,2026-05-11,East,Product D,Accessory,CUST1501,Lost,Online,2,1200,5,2280.0,1440.0,840.0
13682,2026-05-11,West,Product B,Core,CUST1102,Loyal,Retail Store,3,750,5,2137.5,1350.0,787.5
13683,2026-05-11,East,Product D,Accessory,CUST1026,New,Online,1,1200,15,1020.0,720.0,300.0
13684,2026-05-11,East,Product B,Core,CUST1409,Lost,Online,2,750,0,1500.0,900.0,600.0
13685,2026-05-11,West,Product C,Accessory,CUST1527,Lost,Online,4,300,0,1200.0,720.0,480.0
13686,2026-05-11,East,Product A,Core,CUST1283,Loyal,Online,1,500,0,500.0,300.0,200.0
13687,2026-05-11,North,Product A,Core,CUST1293,Champions,Online,4,500,5,1900.0,1200.0,700.0
13688,2026-05-11,South,Product B,Core,CUST1550,New,Online,1,750,20,600.0,450.0,150.0
13689,2026-05-11,South,Product B,Core,CUST1587,Loyal,Retail Store,4,750,5,2850.0,1800.0,1050.0
13690,2026-05-11,West,Product B,Core,CUST1077,At Risk,Retail Store,3,750,20,1800.0,1350.0,450.0
13691,2026-05-11,West,Product B,Core,CUST1104,At Risk,Retail Store,1,750,5,712.5,450.0,262.5
13692,2026-05-11,North,Product C,Accessory,CUST1221,New,Online,4,300,15,1020.0,720.0,300.0
13693,2026-05-11,North,Product A,Core,CUST1383,New,Retail Store,2,500,0,1000.0,600.0,400.0
13694,2026-05-11,North,Product B,Core,CUST1083,Loyal,Retail Store,1,750,10,675.0,450.0,225.0
13695,2026-05-11,West,Product A,Core,CUST1069,New,Retail Store,3,500,5,1425.0,900.0,525.0
13696,2026-05-11,North,Product A,Core,CUST1503,New,Online,3,500,10,1350.0,900.0,450.0
13697,2026-05-11,East,Product D,Accessory,CUST1110,New,Online,3,1200,0,3600.0,2160.0,1440.0
13698,2026-05-11,West,Product B,Core,CUST1304,Lost,Online,4,750,10,2700.0,1800.0,900.0
13699,2026-05-11,West,Product D,Accessory,CUST1002,Lost,Online,1,1200,5,1140.0,720.0,420.0
13700,2026-05-11,West,Product A,Core,CUST1560,Champions,Online,3,500,10,1350.0,900.0,450.0
13701,2026-05-11,North,Product D,Accessory,CUST1396,At Risk,Retail Store,1,1200,0,1200.0,720.0,480.0
13702,2026-05-11,North,Product B,Core,CUST1011,Lost,Retail Store,3,750,15,1912.5,1350.0,562.5
13703,2026-05-11,North,Product B,Core,CUST1028,Loyal,Partner,4,750,5,2850.0,1800.0,1050.0
13704,2026-05-11,South,Product C,Accessory,CUST1420,At Risk,Online,3,300,5,855.0,540.0,315.0
13705,2026-05-11,East,Product C,Accessory,CUST1328,At Risk,Online,2,300,0,600.0,360.0,240.0
13706,2026-05-11,East,Product C,Accessory,CUST1339,Lost,Partner,4,300,5,1140.0,720.0,420.0
13707,2026-05-11,West,Product A,Core,CUST1364,At Risk,Online,3,500,10,1350.0,900.0,450.0
13708,2026-05-11,East,Product A,Core,CUST1070,Loyal,Retail Store,4,500,15,1700.0,1200.0,500.0
13709,2026-05-11,South,Product D,Accessory,CUST1535,Loyal,Retail Store,4,1200,5,4560.0,2880.0,1680.0
13710,2026-05-11,West,Product C,Accessory,CUST1066,New,Partner,3,300,0,900.0,540.0,360.0
13711,2026-05-11,East,Product A,Core,CUST1576,Lost,Online,2,500,0,1000.0,600.0,400.0
13712,2026-05-11,South,Product A,Core,CUST1217,Champions,Retail Store,1,500,0,500.0,300.0,200.0
13713,2026-05-11,North,Product A,Core,CUST1033,Loyal,Online,1,500,5,475.0,300.0,175.0
13714,2026-05-11,South,Product B,Core,CUST1312,Loyal,Retail Store,1,750,0,750.0,450.0,300.0
13715,2026-05-11,North,Product B,Core,CUST1158,At Risk,Online,1,750,0,750.0,450.0,300.0
13716,2026-05-11,West,Product A,Core,CUST1456,Lost,Retail Store,2,500,5,950.0,600.0,350.0
13717,2026-05-11,East,Product C,Accessory,CUST1159,At Risk,Retail Store,3,300,5,855.0,540.0,315.0
13718,2026-05-11,South,Product C,Accessory,CUST1408,Champions,Retail Store,2,300,0,600.0,360.0,240.0
13719,2026-05-11,South,Product C,Accessory,CUST1255,At Risk,Online,3,300,5,855.0,540.0,315.0
13720,2026-05-11,West,Product D,Accessory,CUST1231,New,Online,2,1200,0,2400.0,1440.0,960.0
13721,2026-05-11,South,Product A,Core,CUST1217,Champions,Online,4,500,5,1900.0,1200.0,700.0
13722,2026-05-11,South,Product A,Core,CUST1363,Champions,Online,3,500,0,1500.0,900.0,600.0
13723,2026-05-11,East,Product B,Core,CUST1310,New,Retail Store,3,750,0,2250.0,1350.0,900.0
13724,2026-05-11,West,Product B,Core,CUST1345,At Risk,Retail Store,2,750,15,1275.0,900.0,375.0
13725,2026-05-11,South,Product B,Core,CUST1178,Lost,Online,1,750,0,750.0,450.0,300.0
13726,2026-05-11,South,Product A,Core,CUST1433,At Risk,Online,1,500,5,475.0,300.0,175.0
13727,2026-05-11,South,Product C,Accessory,CUST1129,New,Online,1,300,15,255.0,180.0,75.0
13728,2026-05-11,West,Product B,Core,CUST1427,At Risk,Retail Store,2,750,0,1500.0,900.0,600.0
13729,2026-05-11,North,Product A,Core,CUST1285,New,Retail Store,4,500,0,2000.0,1200.0,800.0
13730,2026-05-12,West,Product B,Core,CUST1419,Lost,Online,4,750,5,2850.0,1800.0,1050.0
13731,2026-05-12,North,Product B,Core,CUST1382,At Risk,Online,4,750,10,2700.0,1800.0,900.0
13732,2026-05-12,South,Product A,Core,CUST1522,Loyal,Online,4,500,0,2000.0,1200.0,800.0
13733,2026-05-12,North,Product B,Core,CUST1212,Loyal,Retail Store,3,750,5,2137.5,1350.0,787.5
13734,2026-05-12,East,Product A,Core,CUST1425,At Risk,Retail Store,1,500,10,450.0,300.0,150.0
13735,2026-05-12,North,Product B,Core,CUST1091,At Risk,Online,2,750,0,1500.0,900.0,600.0
13736,2026-05-12,West,Product C,Accessory,CUST1479,New,Online,1,300,5,285.0,180.0,105.0
13737,2026-05-12,North,Product C,Accessory,CUST1134,New,Retail Store,2,300,20,480.0,360.0,120.0
13738,2026-05-12,East,Product C,Accessory,CUST1396,At Risk,Online,4,300,0,1200.0,720.0,480.0
13739,2026-05-12,South,Product C,Accessory,CUST1158,At Risk,Online,4,300,10,1080.0,720.0,360.0
13740,2026-05-12,North,Product A,Core,CUST1271,Loyal,Online,3,500,10,1350.0,900.0,450.0
13741,2026-05-12,South,Product B,Core,CUST1507,At Risk,Online,1,750,15,637.5,450.0,187.5
13742,2026-05-12,North,Product C,Accessory,CUST1564,At Risk,Retail Store,4,300,0,1200.0,720.0,480.0
13743,2026-05-12,East,Product B,Core,CUST1475,Loyal,Online,1,750,5,712.5,450.0,262.5
13744,2026-05-12,West,Product B,Core,CUST1442,At Risk,Partner,2,750,0,1500.0,900.0,600.0
13745,2026-05-12,West,Product D,Accessory,CUST1571,At Risk,Online,3,1200,5,3420.0,2160.0,1260.0
13746,2026-05-12,West,Product D,Accessory,CUST1250,At Risk,Retail Store,1,1200,5,1140.0,720.0,420.0
13747,2026-05-12,North,Product A,Core,CUST1449,At Risk,Partner,1,500,10,450.0,300.0,150.0
13748,2026-05-12,North,Product C,Accessory,CUST1015,Loyal,Partner,2,300,10,540.0,360.0,180.0
13749,2026-05-12,East,Product B,Core,CUST1487,Loyal,Online,4,750,0,3000.0,1800.0,1200.0
13750,2026-05-12,East,Product D,Accessory,CUST1145,Loyal,Online,4,1200,5,4560.0,2880.0,1680.0
13751,2026-05-12,West,Product A,Core,CUST1072,Lost,Online,4,500,0,2000.0,1200.0,800.0
13752,2026-05-12,East,Product B,Core,CUST1381,Lost,Online,2,750,5,1425.0,900.0,525.0
13753,2026-05-12,West,Product A,Core,CUST1357,At Risk,Online,2,500,5,950.0,600.0,350.0
13754,2026-05-12,North,Product A,Core,CUST1334,Champions,Retail Store,2,500,5,950.0,600.0,350.0
13755,2026-05-12,South,Product B,Core,CUST1438,At Risk,Retail Store,4,750,0,3000.0,1800.0,1200.0
13756,2026-05-12,South,Product C,Accessory,CUST1096,Loyal,Online,4,300,5,1140.0,720.0,420.0
13757,2026-05-12,East,Product D,Accessory,CUST1139,Champions,Online,2,1200,10,2160.0,1440.0,720.0
13758,2026-05-12,East,Product A,Core,CUST1265,Loyal,Retail Store,2,500,10,900.0,600.0,300.0
13759,2026-05-12,East,Product A,Core,CUST1283,Loyal,Retail Store,1,500,0,500.0,300.0,200.0
13760,2026-05-12,South,Product B,Core,CUST1392,New,Retail Store,2,750,10,1350.0,900.0,450.0
13761,2026-05-12,East,Product B,Core,CUST1356,At Risk,Online,4,750,0,3000.0,1800.0,1200.0
13762,2026-05-12,West,Product A,Core,CUST1243,New,Online,3,500,5,1425.0,900.0,525.0
13763,2026-05-12,North,Product A,Core,CUST1404,Lost,Online,1,500,5,475.0,300.0,175.0
13764,2026-05-12,North,Product D,Accessory,CUST1388,Champions,Online,3,1200,5,3420.0,2160.0,1260.0
13765,2026-05-12,East,Product D,Accessory,CUST1146,Loyal,Partner,3,1200,10,3240.0,2160.0,1080.0
13766,2026-05-12,West,Product B,Core,CUST1268,Champions,Retail Store,3,750,0,2250.0,1350.0,900.0
13767,2026-05-12,North,Product A,Core,CUST1215,At Risk,Partner,2,500,0,1000.0,600.0,400.0
13768,2026-05-12,South,Product A,Core,CUST1096,Loyal,Partner,4,500,0,2000.0,1200.0,800.0
13769,2026-05-12,South,Product D,Accessory,CUST1544,Champions,Retail Store,3,1200,0,3600.0,2160.0,1440.0
13770,2026-05-13,North,Product C,Accessory,CUST1299,At Risk,Online,4,300,10,1080.0,720.0,360.0
13771,2026-05-13,West,Product B,Core,CUST1043,Loyal,Online,4,750,10,2700.0,1800.0,900.0
13772,2026-05-13,North,Product C,Accessory,CUST1309,Champions,Retail Store,3,300,10,810.0,540.0,270.0
13773,2026-05-13,West,Product A,Core,CUST1550,New,Retail Store,1,500,5,475.0,300.0,175.0
13774,2026-05-13,South,Product D,Accessory,CUST1143,New,Retail Store,1,1200,5,1140.0,720.0,420.0
13775,2026-05-13,North,Product D,Accessory,CUST1126,Loyal,Online,4,1200,15,4080.0,2880.0,1200.0
13776,2026-05-13,West,Product A,Core,CUST1493,Loyal,Retail Store,1,500,15,425.0,300.0,125.0
13777,2026-05-13,North,Product B,Core,CUST1272,Champions,Online,1,750,5,712.5,450.0,262.5
13778,2026-05-13,East,Product B,Core,CUST1363,Champions,Online,4,750,5,2850.0,1800.0,1050.0
13779,2026-05-13,South,Product A,Core,CUST1003,At Risk,Online,4,500,0,2000.0,1200.0,800.0
13780,2026-05-13,West,Product D,Accessory,CUST1105,At Risk,Online,3,1200,0,3600.0,2160.0,1440.0
13781,2026-05-13,North,Product B,Core,CUST1048,At Risk,Online,3,750,0,2250.0,1350.0,900.0
13782,2026-05-13,North,Product C,Accessory,CUST1345,At Risk,Online,1,300,5,285.0,180.0,105.0
13783,2026-05-13,East,Product B,Core,CUST1379,At Risk,Online,2,750,10,1350.0,900.0,450.0
13784,2026-05-13,West,Product B,Core,CUST1092,New,Retail Store,2,750,0,1500.0,900.0,600.0
13785,2026-05-13,West,Product A,Core,CUST1108,Champions,Online,1,500,5,475.0,300.0,175.0
13786,2026-05-13,East,Product A,Core,CUST1232,Lost,Online,3,500,15,1275.0,900.0,375.0
13787,2026-05-13,North,Product A,Core,CUST1293,Champions,Online,3,500,0,1500.0,900.0,600.0
13788,2026-05-13,South,Product A,Core,CUST1480,New,Online,2,500,0,1000.0,600.0,400.0
13789,2026-05-13,North,Product C,Accessory,CUST1145,Loyal,Online,3,300,0,900.0,540.0,360.0
13790,2026-05-13,North,Product B,Core,CUST1451,Lost,Partner,2,750,0,1500.0,900.0,600.0
13791,2026-05-13,North,Product A,Core,CUST1090,Loyal,Online,3,500,0,1500.0,900.0,600.0
13792,2026-05-13,East,Product A,Core,CUST1408,Champions,Online,4,500,0,2000.0,1200.0,800.0
13793,2026-05-13,South,Product B,Core,CUST1289,Champions,Online,2,750,0,1500.0,900.0,600.0
13794,2026-05-13,North,Product C,Accessory,CUST1581,New,Retail Store,3,300,5,855.0,540.0,315.0
13795,2026-05-13,West,Product B,Core,CUST1034,New,Retail Store,2,750,0,1500.0,900.0,600.0
13796,2026-05-13,South,Product A,Core,CUST1366,At Risk,Retail Store,1,500,5,475.0,300.0,175.0
13797,2026-05-13,North,Product A,Core,CUST1083,Loyal,Partner,4,500,0,2000.0,1200.0,800.0
13798,2026-05-13,South,Product A,Core,CUST1105,At Risk,Online,4,500,10,1800.0,1200.0,600.0
13799,2026-05-13,South,Product D,Accessory,CUST1082,At Risk,Online,2,1200,5,2280.0,1440.0,840.0
13800,2026-05-13,East,Product D,Accessory,CUST1280,Champions,Partner,2,1200,0,2400.0,1440.0,960.0
13801,2026-05-13,South,Product A,Core,CUST1258,Champions,Retail Store,1,500,0,500.0,300.0,200.0
13802,2026-05-13,South,Product A,Core,CUST1180,Lost,Partner,3,500,10,1350.0,900.0,450.0
13803,2026-05-13,South,Product B,Core,CUST1055,At Risk,Partner,1,750,20,600.0,450.0,150.0
13804,2026-05-13,West,Product C,Accessory,CUST1374,Loyal,Online,4,300,0,1200.0,720.0,480.0
13805,2026-05-13,South,Product A,Core,CUST1574,Lost,Online,3,500,15,1275.0,900.0,375.0
13806,2026-05-13,West,Product A,Core,CUST1432,At Risk,Online,1,500,0,500.0,300.0,200.0
13807,2026-05-13,East,Product C,Accessory,CUST1591,New,Online,3,300,10,810.0,540.0,270.0
13808,2026-05-13,East,Product D,Accessory,CUST1412,Champions,Retail Store,4,1200,0,4800.0,2880.0,1920.0
13809,2026-05-13,West,Product A,Core,CUST1115,Lost,Online,2,500,0,1000.0,600.0,400.0
13810,2026-05-13,North,Product A,Core,CUST1131,Lost,Retail Store,4,500,10,1800.0,1200.0,600.0
13811,2026-05-13,South,Product C,Accessory,CUST1053,At Risk,Online,3,300,20,720.0,540.0,180.0
13812,2026-05-13,West,Product A,Core,CUST1183,Loyal,Online,4,500,15,1700.0,1200.0,500.0
13813,2026-05-14,West,Product B,Core,CUST1139,Champions,Retail Store,1,750,5,712.5,450.0,262.5
13814,2026-05-14,East,Product A,Core,CUST1576,Lost,Retail Store,2,500,0,1000.0,600.0,400.0
13815,2026-05-14,South,Product D,Accessory,CUST1528,At Risk,Retail Store,4,1200,5,4560.0,2880.0,1680.0
13816,2026-05-14,West,Product D,Accessory,CUST1311,New,Online,1,1200,0,1200.0,720.0,480.0
13817,2026-05-14,North,Product A,Core,CUST1277,New,Retail Store,3,500,5,1425.0,900.0,525.0
13818,2026-05-14,South,Product A,Core,CUST1566,At Risk,Online,1,500,20,400.0,300.0,100.0
13819,2026-05-14,North,Product C,Accessory,CUST1061,New,Online,2,300,15,510.0,360.0,150.0
13820,2026-05-14,North,Product D,Accessory,CUST1372,Loyal,Retail Store,2,1200,5,2280.0,1440.0,840.0
13821,2026-05-14,East,Product C,Accessory,CUST1471,New,Online,4,300,15,1020.0,720.0,300.0
13822,2026-05-14,South,Product A,Core,CUST1159,At Risk,Online,1,500,0,500.0,300.0,200.0
13823,2026-05-14,East,Product A,Core,CUST1198,Loyal,Online,3,500,10,1350.0,900.0,450.0
13824,2026-05-14,North,Product A,Core,CUST1154,Champions,Partner,3,500,0,1500.0,900.0,600.0
13825,2026-05-14,West,Product B,Core,CUST1028,Loyal,Online,4,750,0,3000.0,1800.0,1200.0
13826,2026-05-14,West,Product A,Core,CUST1573,At Risk,Retail Store,1,500,20,400.0,300.0,100.0
13827,2026-05-14,East,Product C,Accessory,CUST1017,Champions,Partner,1,300,0,300.0,180.0,120.0
13828,2026-05-14,North,Product B,Core,CUST1540,Lost,Retail Store,1,750,0,750.0,450.0,300.0
13829,2026-05-14,North,Product A,Core,CUST1039,At Risk,Retail Store,4,500,0,2000.0,1200.0,800.0
13830,2026-05-14,West,Product C,Accessory,CUST1417,At Risk,Online,4,300,5,1140.0,720.0,420.0
13831,2026-05-14,North,Product C,Accessory,CUST1329,Loyal,Retail Store,2,300,10,540.0,360.0,180.0
13832,2026-05-14,North,Product C,Accessory,CUST1067,Loyal,Retail Store,1,300,10,270.0,180.0,90.0
13833,2026-05-14,East,Product B,Core,CUST1039,At Risk,Online,1,750,5,712.5,450.0,262.5
13834,2026-05-14,North,Product A,Core,CUST1095,At Risk,Online,2,500,10,900.0,600.0,300.0
13835,2026-05-14,North,Product D,Accessory,CUST1485,New,Online,4,1200,5,4560.0,2880.0,1680.0
13836,2026-05-14,East,Product A,Core,CUST1010,Loyal,Online,3,500,5,1425.0,900.0,525.0
13837,2026-05-14,North,Product B,Core,CUST1082,At Risk,Online,3,750,0,2250.0,1350.0,900.0
13838,2026-05-14,North,Product A,Core,CUST1481,Loyal,Retail Store,4,500,10,1800.0,1200.0,600.0
13839,2026-05-14,East,Product C,Accessory,CUST1455,Loyal,Retail Store,3,300,5,855.0,540.0,315.0
13840,2026-05-14,North,Product A,Core,CUST1076,Loyal,Online,1,500,10,450.0,300.0,150.0
13841,2026-05-14,East,Product C,Accessory,CUST1004,Champions,Retail Store,4,300,0,1200.0,720.0,480.0
13842,2026-05-14,South,Product B,Core,CUST1501,Lost,Online,1,750,0,750.0,450.0,300.0
13843,2026-05-14,North,Product D,Accessory,CUST1578,Lost,Retail Store,2,1200,20,1920.0,1440.0,480.0
13844,2026-05-14,East,Product D,Accessory,CUST1317,At Risk,Retail Store,3,1200,0,3600.0,2160.0,1440.0
13845,2026-05-14,South,Product C,Accessory,CUST1372,Loyal,Online,1,300,15,255.0,180.0,75.0
13846,2026-05-14,North,Product C,Accessory,CUST1327,New,Online,1,300,5,285.0,180.0,105.0
13847,2026-05-14,West,Product D,Accessory,CUST1578,Lost,Online,1,1200,10,1080.0,720.0,360.0
13848,2026-05-14,North,Product A,Core,CUST1197,Lost,Retail Store,2,500,0,1000.0,600.0,400.0
13849,2026-05-14,West,Product D,Accessory,CUST1156,Loyal,Retail Store,3,1200,15,3060.0,2160.0,900.0
13850,2026-05-14,East,Product C,Accessory,CUST1031,Lost,Online,2,300,10,540.0,360.0,180.0
13851,2026-05-14,East,Product A,Core,CUST1379,At Risk,Retail Store,3,500,0,1500.0,900.0,600.0
13852,2026-05-14,East,Product A,Core,CUST1215,At Risk,Partner,3,500,15,1275.0,900.0,375.0
13853,2026-05-14,West,Product C,Accessory,CUST1216,Champions,Retail Store,2,300,0,600.0,360.0,240.0
13854,2026-05-14,East,Product B,Core,CUST1035,Loyal,Online,3,750,0,2250.0,1350.0,900.0
13855,2026-05-14,North,Product B,Core,CUST1366,At Risk,Partner,1,750,0,750.0,450.0,300.0
13856,2026-05-14,West,Product C,Accessory,CUST1150,At Risk,Retail Store,4,300,10,1080.0,720.0,360.0
13857,2026-05-14,North,Product B,Core,CUST1350,At Risk,Retail Store,2,750,10,1350.0,900.0,450.0
13858,2026-05-14,South,Product C,Accessory,CUST1379,At Risk,Online,3,300,15,765.0,540.0,225.0
13859,2026-05-14,North,Product C,Accessory,CUST1303,New,Online,3,300,0,900.0,540.0,360.0
13860,2026-05-14,East,Product D,Accessory,CUST1216,Champions,Online,1,1200,5,1140.0,720.0,420.0
13861,2026-05-14,North,Product A,Core,CUST1578,Lost,Online,3,500,5,1425.0,900.0,525.0
13862,2026-05-14,East,Product B,Core,CUST1210,At Risk,Online,2,750,20,1200.0,900.0,300.0
13863,2026-05-14,North,Product B,Core,CUST1492,At Risk,Online,3,750,15,1912.5,1350.0,562.5
13864,2026-05-14,East,Product A,Core,CUST1006,At Risk,Online,3,500,10,1350.0,900.0,450.0
13865,2026-05-15,North,Product B,Core,CUST1431,At Risk,Retail Store,3,750,10,2025.0,1350.0,675.0
13866,2026-05-15,East,Product C,Accessory,CUST1012,At Risk,Online,2,300,5,570.0,360.0,210.0
13867,2026-05-15,West,Product C,Accessory,CUST1034,New,Online,4,300,10,1080.0,720.0,360.0
13868,2026-05-15,West,Product A,Core,CUST1169,Lost,Online,1,500,5,475.0,300.0,175.0
13869,2026-05-15,South,Product A,Core,CUST1033,Loyal,Retail Store,3,500,15,1275.0,900.0,375.0
13870,2026-05-15,East,Product D,Accessory,CUST1129,New,Retail Store,3,1200,5,3420.0,2160.0,1260.0
13871,2026-05-15,West,Product D,Accessory,CUST1297,At Risk,Online,3,1200,0,3600.0,2160.0,1440.0
13872,2026-05-15,South,Product A,Core,CUST1129,New,Online,1,500,0,500.0,300.0,200.0
13873,2026-05-15,West,Product B,Core,CUST1151,Lost,Online,4,750,0,3000.0,1800.0,1200.0
13874,2026-05-15,West,Product A,Core,CUST1450,Champions,Online,3,500,0,1500.0,900.0,600.0
13875,2026-05-15,North,Product B,Core,CUST1580,New,Retail Store,1,750,0,750.0,450.0,300.0
13876,2026-05-15,West,Product B,Core,CUST1405,Lost,Online,3,750,0,2250.0,1350.0,900.0
13877,2026-05-15,East,Product C,Accessory,CUST1589,Champions,Online,1,300,5,285.0,180.0,105.0
13878,2026-05-15,North,Product A,Core,CUST1409,Lost,Online,2,500,5,950.0,600.0,350.0
13879,2026-05-15,East,Product B,Core,CUST1300,At Risk,Online,2,750,0,1500.0,900.0,600.0
13880,2026-05-15,East,Product C,Accessory,CUST1409,Lost,Online,3,300,0,900.0,540.0,360.0
13881,2026-05-15,East,Product C,Accessory,CUST1186,Loyal,Retail Store,4,300,0,1200.0,720.0,480.0
13882,2026-05-15,East,Product B,Core,CUST1035,Loyal,Retail Store,4,750,10,2700.0,1800.0,900.0
13883,2026-05-15,East,Product A,Core,CUST1487,Loyal,Online,3,500,0,1500.0,900.0,600.0
13884,2026-05-15,East,Product B,Core,CUST1341,Lost,Online,4,750,10,2700.0,1800.0,900.0
13885,2026-05-15,East,Product B,Core,CUST1123,New,Online,4,750,5,2850.0,1800.0,1050.0
13886,2026-05-15,North,Product B,Core,CUST1192,Champions,Online,2,750,20,1200.0,900.0,300.0
13887,2026-05-15,East,Product A,Core,CUST1461,Champions,Retail Store,4,500,10,1800.0,1200.0,600.0
13888,2026-05-15,East,Product A,Core,CUST1370,At Risk,Retail Store,1,500,10,450.0,300.0,150.0
13889,2026-05-15,East,Product A,Core,CUST1140,New,Online,4,500,10,1800.0,1200.0,600.0
13890,2026-05-15,North,Product C,Accessory,CUST1298,At Risk,Online,4,300,5,1140.0,720.0,420.0
13891,2026-05-15,North,Product A,Core,CUST1599,At Risk,Online,3,500,15,1275.0,900.0,375.0
13892,2026-05-15,East,Product C,Accessory,CUST1309,Champions,Online,3,300,10,810.0,540.0,270.0
13893,2026-05-15,North,Product A,Core,CUST1283,Loyal,Partner,3,500,20,1200.0,900.0,300.0
13894,2026-05-15,East,Product B,Core,CUST1109,Lost,Online,2,750,0,1500.0,900.0,600.0
13895,2026-05-15,South,Product A,Core,CUST1583,Loyal,Online,4,500,5,1900.0,1200.0,700.0
13896,2026-05-15,South,Product A,Core,CUST1342,At Risk,Retail Store,2,500,5,950.0,600.0,350.0
13897,2026-05-15,South,Product C,Accessory,CUST1174,Loyal,Retail Store,1,300,0,300.0,180.0,120.0
13898,2026-05-15,West,Product D,Accessory,CUST1410,At Risk,Online,4,1200,5,4560.0,2880.0,1680.0
13899,2026-05-15,West,Product B,Core,CUST1057,New,Online,2,750,5,1425.0,900.0,525.0
13900,2026-05-15,North,Product B,Core,CUST1378,Loyal,Online,2,750,5,1425.0,900.0,525.0
13901,2026-05-15,East,Product C,Accessory,CUST1149,Champions,Online,3,300,5,855.0,540.0,315.0
13902,2026-05-15,North,Product B,Core,CUST1338,Champions,Partner,1,750,5,712.5,450.0,262.5
13903,2026-05-15,North,Product B,Core,CUST1511,At Risk,Retail Store,4,750,5,2850.0,1800.0,1050.0
13904,2026-05-15,North,Product B,Core,CUST1249,New,Online,3,750,0,2250.0,1350.0,900.0
13905,2026-05-15,North,Product B,Core,CUST1098,Champions,Online,2,750,10,1350.0,900.0,450.0
13906,2026-05-15,North,Product A,Core,CUST1056,New,Online,3,500,5,1425.0,900.0,525.0
13907,2026-05-15,South,Product C,Accessory,CUST1136,Lost,Online,4,300,5,1140.0,720.0,420.0
13908,2026-05-15,West,Product B,Core,CUST1307,At Risk,Retail Store,4,750,0,3000.0,1800.0,1200.0
13909,2026-05-15,North,Product C,Accessory,CUST1317,At Risk,Retail Store,2,300,10,540.0,360.0,180.0
13910,2026-05-15,East,Product A,Core,CUST1275,Loyal,Online,2,500,10,900.0,600.0,300.0
13911,2026-05-15,East,Product B,Core,CUST1260,Champions,Online,4,750,15,2550.0,1800.0,750.0
13912,2026-05-15,South,Product C,Accessory,CUST1582,Champions,Retail Store,2,300,0,600.0,360.0,240.0
13913,2026-05-15,South,Product A,Core,CUST1286,Champions,Online,3,500,0,1500.0,900.0,600.0
13914,2026-05-15,South,Product B,Core,CUST1160,Champions,Retail Store,3,750,5,2137.5,1350.0,787.5
13915,2026-05-15,South,Product A,Core,CUST1512,Champions,Retail Store,3,500,5,1425.0,900.0,525.0
13916,2026-05-15,West,Product A,Core,CUST1064,At Risk,Retail Store,3,500,10,1350.0,900.0,450.0
13917,2026-05-15,East,Product A,Core,CUST1118,New,Online,3,500,5,1425.0,900.0,525.0
13918,2026-05-15,North,Product A,Core,CUST1248,Loyal,Online,4,500,0,2000.0,1200.0,800.0
13919,2026-05-15,East,Product C,Accessory,CUST1032,Loyal,Retail Store,4,300,0,1200.0,720.0,480.0
13920,2026-05-15,North,Product A,Core,CUST1109,Lost,Partner,3,500,0,1500.0,900.0,600.0
13921,2026-05-15,East,Product B,Core,CUST1466,At Risk,Online,3,750,5,2137.5,1350.0,787.5
13922,2026-05-15,South,Product C,Accessory,CUST1153,New,Online,1,300,20,240.0,180.0,60.0
13923,2026-05-15,South,Product A,Core,CUST1249,New,Online,4,500,10,1800.0,1200.0,600.0
13924,2026-05-15,North,Product D,Accessory,CUST1151,Lost,Online,1,1200,5,1140.0,720.0,420.0
13925,2026-05-15,North,Product A,Core,CUST1229,Champions,Online,1,500,5,475.0,300.0,175.0
13926,2026-05-15,West,Product C,Accessory,CUST1469,New,Online,4,300,5,1140.0,720.0,420.0
13927,2026-05-15,East,Product B,Core,CUST1548,At Risk,Retail Store,1,750,0,750.0,450.0,300.0
13928,2026-05-15,South,Product A,Core,CUST1159,At Risk,Online,3,500,15,1275.0,900.0,375.0
13929,2026-05-15,South,Product B,Core,CUST1162,Loyal,Partner,3,750,5,2137.5,1350.0,787.5
13930,2026-05-15,South,Product C,Accessory,CUST1565,At Risk,Partner,4,300,5,1140.0,720.0,420.0
13931,2026-05-15,East,Product A,Core,CUST1520,Lost,Online,1,500,0,500.0,300.0,200.0
13932,2026-05-15,South,Product B,Core,CUST1035,Loyal,Retail Store,3,750,10,2025.0,1350.0,675.0
13933,2026-05-15,North,Product A,Core,CUST1138,At Risk,Online,4,500,5,1900.0,1200.0,700.0
13934,2026-05-15,South,Product B,Core,CUST1104,At Risk,Retail Store,3,750,15,1912.5,1350.0,562.5
13935,2026-05-15,North,Product B,Core,CUST1415,Loyal,Online,1,750,0,750.0,450.0,300.0
13936,2026-05-15,South,Product A,Core,CUST1475,Loyal,Online,3,500,15,1275.0,900.0,375.0
13937,2026-05-15,North,Product A,Core,CUST1297,At Risk,Retail Store,4,500,5,1900.0,1200.0,700.0
13938,2026-05-16,East,Product C,Accessory,CUST1432,At Risk,Online,4,300,0,1200.0,720.0,480.0
13939,2026-05-16,South,Product C,Accessory,CUST1019,At Risk,Online,2,300,10,540.0,360.0,180.0
13940,2026-05-16,South,Product D,Accessory,CUST1472,Champions,Retail Store,2,1200,5,2280.0,1440.0,840.0
13941,2026-05-16,North,Product B,Core,CUST1497,At Risk,Retail Store,1,750,5,712.5,450.0,262.5
13942,2026-05-16,West,Product A,Core,CUST1411,At Risk,Online,4,500,0,2000.0,1200.0,800.0
13943,2026-05-16,South,Product A,Core,CUST1405,Lost,Retail Store,4,500,10,1800.0,1200.0,600.0
13944,2026-05-16,East,Product C,Accessory,CUST1504,New,Retail Store,3,300,10,810.0,540.0,270.0
13945,2026-05-16,East,Product B,Core,CUST1368,Loyal,Online,2,750,5,1425.0,900.0,525.0
13946,2026-05-16,South,Product A,Core,CUST1400,Loyal,Retail Store,4,500,0,2000.0,1200.0,800.0
13947,2026-05-16,West,Product D,Accessory,CUST1388,Champions,Online,4,1200,0,4800.0,2880.0,1920.0
13948,2026-05-16,South,Product C,Accessory,CUST1300,At Risk,Retail Store,3,300,10,810.0,540.0,270.0
13949,2026-05-16,West,Product B,Core,CUST1108,Champions,Retail Store,4,750,10,2700.0,1800.0,900.0
13950,2026-05-16,North,Product A,Core,CUST1267,Loyal,Online,4,500,20,1600.0,1200.0,400.0
13951,2026-05-16,South,Product A,Core,CUST1126,Loyal,Online,1,500,0,500.0,300.0,200.0
13952,2026-05-16,North,Product C,Accessory,CUST1152,Champions,Retail Store,2,300,5,570.0,360.0,210.0
13953,2026-05-16,East,Product B,Core,CUST1301,Champions,Online,2,750,0,1500.0,900.0,600.0
13954,2026-05-16,South,Product A,Core,CUST1315,Loyal,Online,1,500,10,450.0,300.0,150.0
13955,2026-05-16,South,Product B,Core,CUST1531,At Risk,Online,3,750,0,2250.0,1350.0,900.0
13956,2026-05-16,South,Product B,Core,CUST1194,Loyal,Partner,1,750,0,750.0,450.0,300.0
13957,2026-05-16,West,Product A,Core,CUST1558,New,Online,1,500,15,425.0,300.0,125.0
13958,2026-05-16,North,Product C,Accessory,CUST1209,New,Online,3,300,0,900.0,540.0,360.0
13959,2026-05-16,East,Product B,Core,CUST1504,New,Online,3,750,10,2025.0,1350.0,675.0
13960,2026-05-16,South,Product B,Core,CUST1437,New,Online,2,750,10,1350.0,900.0,450.0
13961,2026-05-16,North,Product A,Core,CUST1289,Champions,Online,1,500,10,450.0,300.0,150.0
13962,2026-05-16,South,Product B,Core,CUST1192,Champions,Retail Store,3,750,10,2025.0,1350.0,675.0
13963,2026-05-16,West,Product C,Accessory,CUST1468,Champions,Retail Store,4,300,5,1140.0,720.0,420.0
13964,2026-05-16,East,Product A,Core,CUST1380,New,Partner,2,500,5,950.0,600.0,350.0
13965,2026-05-16,North,Product B,Core,CUST1272,Champions,Online,1,750,5,712.5,450.0,262.5
13966,2026-05-16,North,Product B,Core,CUST1175,Champions,Online,1,750,15,637.5,450.0,187.5
13967,2026-05-16,East,Product A,Core,CUST1524,Champions,Online,2,500,0,1000.0,600.0,400.0
13968,2026-05-16,West,Product C,Accessory,CUST1188,At Risk,Retail Store,4,300,15,1020.0,720.0,300.0
13969,2026-05-16,West,Product A,Core,CUST1025,Loyal,Online,1,500,0,500.0,300.0,200.0
13970,2026-05-16,South,Product A,Core,CUST1312,Loyal,Online,4,500,10,1800.0,1200.0,600.0
13971,2026-05-16,South,Product A,Core,CUST1426,Loyal,Online,4,500,10,1800.0,1200.0,600.0
13972,2026-05-16,West,Product A,Core,CUST1171,New,Online,2,500,0,1000.0,600.0,400.0
13973,2026-05-16,West,Product C,Accessory,CUST1149,Champions,Retail Store,2,300,15,510.0,360.0,150.0
13974,2026-05-16,North,Product A,Core,CUST1506,Loyal,Retail Store,4,500,5,1900.0,1200.0,700.0
13975,2026-05-16,North,Product B,Core,CUST1017,Champions,Online,3,750,10,2025.0,1350.0,675.0
13976,2026-05-16,East,Product B,Core,CUST1358,New,Online,2,750,5,1425.0,900.0,525.0
13977,2026-05-16,North,Product D,Accessory,CUST1063,At Risk,Online,4,1200,5,4560.0,2880.0,1680.0
13978,2026-05-16,North,Product D,Accessory,CUST1031,Lost,Online,3,1200,0,3600.0,2160.0,1440.0
13979,2026-05-16,South,Product A,Core,CUST1413,Lost,Retail Store,4,500,15,1700.0,1200.0,500.0
13980,2026-05-16,North,Product B,Core,CUST1276,Loyal,Online,4,750,10,2700.0,1800.0,900.0
13981,2026-05-16,West,Product B,Core,CUST1165,Loyal,Online,3,750,0,2250.0,1350.0,900.0
13982,2026-05-16,West,Product B,Core,CUST1055,At Risk,Retail Store,3,750,0,2250.0,1350.0,900.0
13983,2026-05-16,East,Product B,Core,CUST1052,At Risk,Online,2,750,10,1350.0,900.0,450.0
13984,2026-05-16,West,Product B,Core,CUST1508,New,Online,2,750,10,1350.0,900.0,450.0
13985,2026-05-16,West,Product B,Core,CUST1236,New,Retail Store,1,750,0,750.0,450.0,300.0
13986,2026-05-16,North,Product A,Core,CUST1506,Loyal,Partner,2,500,10,900.0,600.0,300.0
13987,2026-05-16,North,Product C,Accessory,CUST1353,New,Online,2,300,0,600.0,360.0,240.0
13988,2026-05-16,West,Product C,Accessory,CUST1398,New,Retail Store,2,300,0,600.0,360.0,240.0
13989,2026-05-16,North,Product B,Core,CUST1295,Lost,Retail Store,4,750,0,3000.0,1800.0,1200.0
13990,2026-05-16,North,Product A,Core,CUST1559,New,Online,1,500,10,450.0,300.0,150.0
13991,2026-05-16,South,Product A,Core,CUST1289,Champions,Retail Store,4,500,0,2000.0,1200.0,800.0
13992,2026-05-16,South,Product A,Core,CUST1026,New,Online,4,500,0,2000.0,1200.0,800.0
13993,2026-05-16,East,Product C,Accessory,CUST1325,At Risk,Online,1,300,5,285.0,180.0,105.0
13994,2026-05-16,North,Product A,Core,CUST1304,Lost,Retail Store,4,500,10,1800.0,1200.0,600.0
13995,2026-05-16,South,Product B,Core,CUST1074,Champions,Online,3,750,0,2250.0,1350.0,900.0
13996,2026-05-16,East,Product B,Core,CUST1206,Champions,Online,2,750,0,1500.0,900.0,600.0
13997,2026-05-16,South,Product C,Accessory,CUST1374,Loyal,Online,3,300,0,900.0,540.0,360.0
13998,2026-05-16,West,Product B,Core,CUST1029,At Risk,Retail Store,4,750,0,3000.0,1800.0,1200.0
13999,2026-05-16,South,Product A,Core,CUST1058,Champions,Online,2,500,0,1000.0,600.0,400.0
14000,2026-05-16,South,Product B,Core,CUST1127,Champions,Online,2,750,10,1350.0,900.0,450.0
14001,2026-05-16,North,Product C,Accessory,CUST1104,At Risk,Retail Store,2,300,5,570.0,360.0,210.0
14002,2026-05-16,East,Product D,Accessory,CUST1113,New,Online,1,1200,15,1020.0,720.0,300.0
14003,2026-05-16,West,Product B,Core,CUST1078,New,Online,1,750,10,675.0,450.0,225.0
14004,2026-05-16,North,Product A,Core,CUST1398,New,Retail Store,4,500,5,1900.0,1200.0,700.0
14005,2026-05-16,South,Product A,Core,CUST1500,At Risk,Online,2,500,0,1000.0,600.0,400.0
14006,2026-05-16,South,Product A,Core,CUST1399,New,Online,4,500,5,1900.0,1200.0,700.0
14007,2026-05-16,East,Product A,Core,CUST1354,New,Retail Store,3,500,5,1425.0,900.0,525.0
14008,2026-05-16,South,Product C,Accessory,CUST1099,Lost,Retail Store,4,300,5,1140.0,720.0,420.0
14009,2026-05-16,East,Product B,Core,CUST1013,At Risk,Online,2,750,0,1500.0,900.0,600.0
14010,2026-05-16,West,Product D,Accessory,CUST1399,New,Online,2,1200,20,1920.0,1440.0,480.0
14011,2026-05-16,North,Product C,Accessory,CUST1376,Lost,Online,1,300,0,300.0,180.0,120.0
14012,2026-05-16,West,Product A,Core,CUST1043,Loyal,Retail Store,1,500,20,400.0,300.0,100.0
14013,2026-05-16,South,Product C,Accessory,CUST1188,At Risk,Retail Store,1,300,10,270.0,180.0,90.0
14014,2026-05-17,West,Product B,Core,CUST1220,Loyal,Retail Store,3,750,15,1912.5,1350.0,562.5
14015,2026-05-17,East,Product D,Accessory,CUST1151,Lost,Retail Store,2,1200,0,2400.0,1440.0,960.0
14016,2026-05-17,West,Product A,Core,CUST1581,New,Online,3,500,10,1350.0,900.0,450.0
14017,2026-05-17,South,Product D,Accessory,CUST1285,New,Online,4,1200,10,4320.0,2880.0,1440.0
14018,2026-05-17,East,Product B,Core,CUST1346,Lost,Online,2,750,5,1425.0,900.0,525.0
14019,2026-05-17,South,Product B,Core,CUST1323,New,Online,4,750,10,2700.0,1800.0,900.0
14020,2026-05-17,East,Product B,Core,CUST1012,At Risk,Retail Store,1,750,10,675.0,450.0,225.0
14021,2026-05-17,North,Product B,Core,CUST1468,Champions,Retail Store,2,750,0,1500.0,900.0,600.0
14022,2026-05-17,North,Product A,Core,CUST1380,New,Online,1,500,10,450.0,300.0,150.0
14023,2026-05-17,East,Product A,Core,CUST1203,Champions,Retail Store,1,500,0,500.0,300.0,200.0
14024,2026-05-17,North,Product B,Core,CUST1178,Lost,Online,4,750,0,3000.0,1800.0,1200.0
14025,2026-05-17,North,Product C,Accessory,CUST1029,At Risk,Retail Store,3,300,5,855.0,540.0,315.0
14026,2026-05-17,North,Product C,Accessory,CUST1064,At Risk,Retail Store,1,300,5,285.0,180.0,105.0
14027,2026-05-17,South,Product B,Core,CUST1144,New,Online,1,750,0,750.0,450.0,300.0
14028,2026-05-17,North,Product B,Core,CUST1282,Loyal,Online,2,750,0,1500.0,900.0,600.0
14029,2026-05-17,West,Product A,Core,CUST1510,Champions,Retail Store,4,500,5,1900.0,1200.0,700.0
14030,2026-05-17,North,Product B,Core,CUST1455,Loyal,Online,4,750,10,2700.0,1800.0,900.0
14031,2026-05-17,North,Product C,Accessory,CUST1185,At Risk,Online,3,300,0,900.0,540.0,360.0
14032,2026-05-17,West,Product A,Core,CUST1460,New,Retail Store,1,500,0,500.0,300.0,200.0
14033,2026-05-17,North,Product A,Core,CUST1222,At Risk,Online,4,500,5,1900.0,1200.0,700.0
14034,2026-05-17,South,Product B,Core,CUST1265,Loyal,Partner,2,750,15,1275.0,900.0,375.0
14035,2026-05-17,East,Product C,Accessory,CUST1320,Lost,Online,4,300,15,1020.0,720.0,300.0
14036,2026-05-17,North,Product A,Core,CUST1148,New,Online,2,500,5,950.0,600.0,350.0
14037,2026-05-17,South,Product D,Accessory,CUST1433,At Risk,Online,2,1200,10,2160.0,1440.0,720.0
14038,2026-05-17,East,Product C,Accessory,CUST1357,At Risk,Online,2,300,15,510.0,360.0,150.0
14039,2026-05-17,North,Product C,Accessory,CUST1315,Loyal,Online,2,300,5,570.0,360.0,210.0
14040,2026-05-17,North,Product C,Accessory,CUST1465,At Risk,Online,1,300,5,285.0,180.0,105.0
14041,2026-05-17,East,Product B,Core,CUST1377,New,Online,2,750,0,1500.0,900.0,600.0
14042,2026-05-17,West,Product B,Core,CUST1338,Champions,Retail Store,2,750,5,1425.0,900.0,525.0
14043,2026-05-17,West,Product C,Accessory,CUST1467,Lost,Retail Store,3,300,0,900.0,540.0,360.0
14044,2026-05-17,East,Product A,Core,CUST1554,Champions,Online,1,500,0,500.0,300.0,200.0
14045,2026-05-17,East,Product A,Core,CUST1365,New,Retail Store,1,500,5,475.0,300.0,175.0
14046,2026-05-17,West,Product A,Core,CUST1418,Loyal,Online,1,500,5,475.0,300.0,175.0
14047,2026-05-17,North,Product C,Accessory,CUST1397,Loyal,Partner,1,300,10,270.0,180.0,90.0
14048,2026-05-17,North,Product A,Core,CUST1160,Champions,Online,2,500,0,1000.0,600.0,400.0
14049,2026-05-17,North,Product D,Accessory,CUST1014,New,Online,2,1200,0,2400.0,1440.0,960.0
14050,2026-05-17,South,Product B,Core,CUST1573,At Risk,Retail Store,3,750,0,2250.0,1350.0,900.0
14051,2026-05-17,East,Product A,Core,CUST1118,New,Online,2,500,10,900.0,600.0,300.0
14052,2026-05-17,North,Product D,Accessory,CUST1073,Loyal,Partner,2,1200,10,2160.0,1440.0,720.0
14053,2026-05-17,South,Product C,Accessory,CUST1548,At Risk,Retail Store,2,300,10,540.0,360.0,180.0
14054,2026-05-17,East,Product A,Core,CUST1391,Champions,Partner,2,500,15,850.0,600.0,250.0
14055,2026-05-17,North,Product A,Core,CUST1388,Champions,Online,1,500,10,450.0,300.0,150.0
14056,2026-05-17,North,Product D,Accessory,CUST1285,New,Online,4,1200,5,4560.0,2880.0,1680.0
14057,2026-05-17,North,Product C,Accessory,CUST1572,New,Online,3,300,0,900.0,540.0,360.0
14058,2026-05-17,North,Product D,Accessory,CUST1377,New,Online,1,1200,0,1200.0,720.0,480.0
14059,2026-05-17,South,Product C,Accessory,CUST1586,Loyal,Retail Store,2,300,0,600.0,360.0,240.0
14060,2026-05-17,South,Product D,Accessory,CUST1146,Loyal,Retail Store,4,1200,0,4800.0,2880.0,1920.0
14061,2026-05-17,South,Product C,Accessory,CUST1003,At Risk,Retail Store,4,300,5,1140.0,720.0,420.0
14062,2026-05-17,North,Product A,Core,CUST1394,Champions,Online,1,500,5,475.0,300.0,175.0
14063,2026-05-17,East,Product B,Core,CUST1133,Loyal,Online,3,750,20,1800.0,1350.0,450.0
14064,2026-05-17,South,Product D,Accessory,CUST1184,At Risk,Retail Store,2,1200,5,2280.0,1440.0,840.0
14065,2026-05-17,East,Product D,Accessory,CUST1374,Loyal,Retail Store,2,1200,15,2040.0,1440.0,600.0
14066,2026-05-17,East,Product A,Core,CUST1395,New,Retail Store,1,500,10,450.0,300.0,150.0
14067,2026-05-17,West,Product A,Core,CUST1418,Loyal,Retail Store,4,500,15,1700.0,1200.0,500.0
14068,2026-05-17,East,Product A,Core,CUST1423,Champions,Retail Store,3,500,0,1500.0,900.0,600.0
14069,2026-05-17,North,Product D,Accessory,CUST1381,Lost,Online,1,1200,20,960.0,720.0,240.0
14070,2026-05-17,East,Product A,Core,CUST1042,At Risk,Online,1,500,0,500.0,300.0,200.0
14071,2026-05-17,West,Product B,Core,CUST1049,Champions,Retail Store,1,750,0,750.0,450.0,300.0
14072,2026-05-17,South,Product A,Core,CUST1288,New,Partner,1,500,10,450.0,300.0,150.0
14073,2026-05-17,East,Product C,Accessory,CUST1469,New,Retail Store,1,300,5,285.0,180.0,105.0
14074,2026-05-18,South,Product A,Core,CUST1377,New,Online,2,500,5,950.0,600.0,350.0
14075,2026-05-18,North,Product B,Core,CUST1461,Champions,Retail Store,1,750,5,712.5,450.0,262.5
14076,2026-05-18,East,Product A,Core,CUST1553,Lost,Retail Store,3,500,0,1500.0,900.0,600.0
14077,2026-05-18,South,Product B,Core,CUST1112,Loyal,Online,4,750,10,2700.0,1800.0,900.0
14078,2026-05-18,East,Product A,Core,CUST1259,New,Online,3,500,5,1425.0,900.0,525.0
14079,2026-05-18,North,Product C,Accessory,CUST1566,At Risk,Partner,4,300,15,1020.0,720.0,300.0
14080,2026-05-18,West,Product D,Accessory,CUST1461,Champions,Online,3,1200,15,3060.0,2160.0,900.0
14081,2026-05-18,East,Product C,Accessory,CUST1152,Champions,Online,1,300,0,300.0,180.0,120.0
14082,2026-05-18,South,Product B,Core,CUST1271,Loyal,Online,4,750,0,3000.0,1800.0,1200.0
14083,2026-05-18,North,Product B,Core,CUST1251,Lost,Partner,3,750,10,2025.0,1350.0,675.0
14084,2026-05-18,North,Product C,Accessory,CUST1568,Loyal,Retail Store,3,300,20,720.0,540.0,180.0
14085,2026-05-18,West,Product A,Core,CUST1090,Loyal,Online,2,500,0,1000.0,600.0,400.0
14086,2026-05-18,West,Product A,Core,CUST1088,Loyal,Online,2,500,5,950.0,600.0,350.0
14087,2026-05-18,West,Product B,Core,CUST1288,New,Online,3,750,5,2137.5,1350.0,787.5
14088,2026-05-18,South,Product B,Core,CUST1226,Champions,Retail Store,4,750,5,2850.0,1800.0,1050.0
14089,2026-05-18,North,Product B,Core,CUST1004,Champions,Retail Store,3,750,0,2250.0,1350.0,900.0
14090,2026-05-18,North,Product C,Accessory,CUST1034,New,Online,4,300,10,1080.0,720.0,360.0
14091,2026-05-18,North,Product A,Core,CUST1127,Champions,Partner,1,500,5,475.0,300.0,175.0
14092,2026-05-18,South,Product C,Accessory,CUST1424,At Risk,Partner,1,300,0,300.0,180.0,120.0
14093,2026-05-18,West,Product B,Core,CUST1328,At Risk,Retail Store,2,750,0,1500.0,900.0,600.0
14094,2026-05-18,East,Product B,Core,CUST1346,Lost,Retail Store,3,750,0,2250.0,1350.0,900.0
14095,2026-05-18,South,Product A,Core,CUST1120,New,Online,3,500,0,1500.0,900.0,600.0
14096,2026-05-18,East,Product A,Core,CUST1500,At Risk,Retail Store,1,500,10,450.0,300.0,150.0
14097,2026-05-18,East,Product B,Core,CUST1319,Lost,Partner,3,750,0,2250.0,1350.0,900.0
14098,2026-05-18,North,Product D,Accessory,CUST1497,At Risk,Online,2,1200,20,1920.0,1440.0,480.0
14099,2026-05-18,South,Product B,Core,CUST1403,Champions,Online,4,750,0,3000.0,1800.0,1200.0
14100,2026-05-18,North,Product A,Core,CUST1535,Loyal,Online,2,500,5,950.0,600.0,350.0
14101,2026-05-18,South,Product C,Accessory,CUST1477,At Risk,Online,4,300,0,1200.0,720.0,480.0
14102,2026-05-18,North,Product D,Accessory,CUST1353,New,Online,4,1200,5,4560.0,2880.0,1680.0
14103,2026-05-18,East,Product A,Core,CUST1069,New,Online,1,500,10,450.0,300.0,150.0
14104,2026-05-18,West,Product A,Core,CUST1259,New,Online,4,500,10,1800.0,1200.0,600.0
14105,2026-05-18,West,Product B,Core,CUST1224,Loyal,Online,1,750,5,712.5,450.0,262.5
14106,2026-05-18,South,Product B,Core,CUST1340,Champions,Online,2,750,5,1425.0,900.0,525.0
14107,2026-05-18,North,Product B,Core,CUST1298,At Risk,Online,4,750,0,3000.0,1800.0,1200.0
14108,2026-05-18,North,Product A,Core,CUST1093,Loyal,Retail Store,1,500,0,500.0,300.0,200.0
14109,2026-05-18,East,Product A,Core,CUST1208,Champions,Partner,1,500,5,475.0,300.0,175.0
14110,2026-05-18,East,Product B,Core,CUST1165,Loyal,Online,4,750,10,2700.0,1800.0,900.0
14111,2026-05-18,North,Product B,Core,CUST1338,Champions,Online,1,750,5,712.5,450.0,262.5
14112,2026-05-18,North,Product A,Core,CUST1158,At Risk,Online,3,500,5,1425.0,900.0,525.0
14113,2026-05-19,East,Product B,Core,CUST1172,Loyal,Partner,1,750,10,675.0,450.0,225.0
14114,2026-05-19,North,Product B,Core,CUST1237,At Risk,Online,3,750,5,2137.5,1350.0,787.5
14115,2026-05-19,East,Product B,Core,CUST1355,New,Online,2,750,15,1275.0,900.0,375.0
14116,2026-05-19,East,Product B,Core,CUST1110,New,Online,2,750,0,1500.0,900.0,600.0
14117,2026-05-19,South,Product A,Core,CUST1214,At Risk,Online,1,500,5,475.0,300.0,175.0
14118,2026-05-19,South,Product C,Accessory,CUST1034,New,Online,3,300,10,810.0,540.0,270.0
14119,2026-05-19,South,Product B,Core,CUST1453,Loyal,Online,4,750,0,3000.0,1800.0,1200.0
14120,2026-05-19,North,Product B,Core,CUST1416,Champions,Online,2,750,5,1425.0,900.0,525.0
14121,2026-05-19,North,Product B,Core,CUST1433,At Risk,Online,2,750,0,1500.0,900.0,600.0
14122,2026-05-19,South,Product D,Accessory,CUST1379,At Risk,Partner,3,1200,10,3240.0,2160.0,1080.0
14123,2026-05-19,East,Product A,Core,CUST1241,At Risk,Retail Store,2,500,5,950.0,600.0,350.0
14124,2026-05-19,East,Product D,Accessory,CUST1457,New,Online,1,1200,15,1020.0,720.0,300.0
14125,2026-05-19,West,Product C,Accessory,CUST1447,At Risk,Partner,3,300,0,900.0,540.0,360.0
14126,2026-05-19,North,Product A,Core,CUST1532,Loyal,Retail Store,2,500,5,950.0,600.0,350.0
14127,2026-05-19,South,Product C,Accessory,CUST1372,Loyal,Online,1,300,0,300.0,180.0,120.0
14128,2026-05-19,South,Product B,Core,CUST1501,Lost,Online,3,750,15,1912.5,1350.0,562.5
14129,2026-05-19,North,Product A,Core,CUST1369,Lost,Online,1,500,15,425.0,300.0,125.0
14130,2026-05-19,West,Product A,Core,CUST1455,Loyal,Retail Store,4,500,0,2000.0,1200.0,800.0
14131,2026-05-19,West,Product D,Accessory,CUST1181,Lost,Retail Store,4,1200,0,4800.0,2880.0,1920.0
14132,2026-05-19,North,Product D,Accessory,CUST1351,Loyal,Online,2,1200,5,2280.0,1440.0,840.0
14133,2026-05-19,North,Product C,Accessory,CUST1216,Champions,Online,3,300,5,855.0,540.0,315.0
14134,2026-05-19,East,Product D,Accessory,CUST1421,Champions,Online,4,1200,10,4320.0,2880.0,1440.0
14135,2026-05-19,South,Product B,Core,CUST1578,Lost,Online,3,750,10,2025.0,1350.0,675.0
14136,2026-05-19,South,Product C,Accessory,CUST1376,Lost,Retail Store,2,300,10,540.0,360.0,180.0
14137,2026-05-19,North,Product A,Core,CUST1006,At Risk,Online,3,500,10,1350.0,900.0,450.0
14138,2026-05-19,North,Product B,Core,CUST1481,Loyal,Online,1,750,5,712.5,450.0,262.5
14139,2026-05-19,South,Product B,Core,CUST1231,New,Retail Store,3,750,0,2250.0,1350.0,900.0
14140,2026-05-19,South,Product B,Core,CUST1083,Loyal,Retail Store,4,750,5,2850.0,1800.0,1050.0
14141,2026-05-19,East,Product B,Core,CUST1250,At Risk,Partner,1,750,5,712.5,450.0,262.5
14142,2026-05-19,East,Product D,Accessory,CUST1365,New,Retail Store,1,1200,0,1200.0,720.0,480.0
14143,2026-05-19,North,Product D,Accessory,CUST1423,Champions,Retail Store,2,1200,15,2040.0,1440.0,600.0
14144,2026-05-19,East,Product A,Core,CUST1467,Lost,Online,4,500,5,1900.0,1200.0,700.0
14145,2026-05-19,East,Product C,Accessory,CUST1017,Champions,Retail Store,3,300,5,855.0,540.0,315.0
14146,2026-05-19,West,Product A,Core,CUST1303,New,Retail Store,2,500,0,1000.0,600.0,400.0
14147,2026-05-19,South,Product C,Accessory,CUST1199,Loyal,Online,3,300,0,900.0,540.0,360.0
14148,2026-05-19,South,Product A,Core,CUST1368,Loyal,Retail Store,1,500,0,500.0,300.0,200.0
14149,2026-05-19,West,Product D,Accessory,CUST1112,Loyal,Partner,2,1200,0,2400.0,1440.0,960.0
14150,2026-05-19,East,Product D,Accessory,CUST1564,At Risk,Online,4,1200,0,4800.0,2880.0,1920.0
14151,2026-05-19,North,Product D,Accessory,CUST1367,At Risk,Online,1,1200,0,1200.0,720.0,480.0
14152,2026-05-19,South,Product A,Core,CUST1276,Loyal,Online,3,500,5,1425.0,900.0,525.0
14153,2026-05-19,South,Product B,Core,CUST1397,Loyal,Online,4,750,0,3000.0,1800.0,1200.0
14154,2026-05-19,North,Product C,Accessory,CUST1041,At Risk,Online,4,300,0,1200.0,720.0,480.0
14155,2026-05-19,East,Product A,Core,CUST1227,New,Online,4,500,20,1600.0,1200.0,400.0
14156,2026-05-19,North,Product A,Core,CUST1560,Champions,Online,2,500,5,950.0,600.0,350.0
14157,2026-05-19,North,Product D,Accessory,CUST1161,Lost,Online,1,1200,5,1140.0,720.0,420.0
14158,2026-05-19,West,Product A,Core,CUST1059,Champions,Online,3,500,0,1500.0,900.0,600.0
14159,2026-05-19,East,Product C,Accessory,CUST1024,At Risk,Online,3,300,0,900.0,540.0,360.0
14160,2026-05-20,South,Product A,Core,CUST1486,New,Online,4,500,5,1900.0,1200.0,700.0
14161,2026-05-20,East,Product A,Core,CUST1496,New,Online,2,500,5,950.0,600.0,350.0
14162,2026-05-20,West,Product B,Core,CUST1032,Loyal,Online,1,750,0,750.0,450.0,300.0
14163,2026-05-20,East,Product A,Core,CUST1357,At Risk,Online,1,500,15,425.0,300.0,125.0
14164,2026-05-20,East,Product B,Core,CUST1115,Lost,Partner,2,750,0,1500.0,900.0,600.0
14165,2026-05-20,East,Product D,Accessory,CUST1295,Lost,Online,2,1200,5,2280.0,1440.0,840.0
14166,2026-05-20,South,Product C,Accessory,CUST1176,New,Online,3,300,0,900.0,540.0,360.0
14167,2026-05-20,East,Product A,Core,CUST1006,At Risk,Online,2,500,10,900.0,600.0,300.0
14168,2026-05-20,North,Product A,Core,CUST1506,Loyal,Online,4,500,0,2000.0,1200.0,800.0
14169,2026-05-20,West,Product A,Core,CUST1092,New,Online,1,500,15,425.0,300.0,125.0
14170,2026-05-20,West,Product A,Core,CUST1395,New,Online,1,500,0,500.0,300.0,200.0
14171,2026-05-20,North,Product D,Accessory,CUST1482,New,Retail Store,1,1200,10,1080.0,720.0,360.0
14172,2026-05-20,South,Product A,Core,CUST1135,Champions,Online,4,500,15,1700.0,1200.0,500.0
14173,2026-05-20,East,Product D,Accessory,CUST1413,Lost,Online,4,1200,5,4560.0,2880.0,1680.0
14174,2026-05-20,East,Product A,Core,CUST1144,New,Online,3,500,10,1350.0,900.0,450.0
14175,2026-05-20,South,Product A,Core,CUST1416,Champions,Retail Store,4,500,0,2000.0,1200.0,800.0
14176,2026-05-20,North,Product C,Accessory,CUST1510,Champions,Retail Store,1,300,0,300.0,180.0,120.0
14177,2026-05-20,North,Product A,Core,CUST1173,Lost,Retail Store,2,500,20,800.0,600.0,200.0
14178,2026-05-20,East,Product A,Core,CUST1547,Champions,Online,3,500,0,1500.0,900.0,600.0
14179,2026-05-20,East,Product A,Core,CUST1248,Loyal,Online,1,500,0,500.0,300.0,200.0
14180,2026-05-20,East,Product D,Accessory,CUST1242,Loyal,Partner,3,1200,5,3420.0,2160.0,1260.0
14181,2026-05-20,North,Product D,Accessory,CUST1230,Champions,Online,1,1200,10,1080.0,720.0,360.0
14182,2026-05-20,West,Product A,Core,CUST1194,Loyal,Online,4,500,0,2000.0,1200.0,800.0
14183,2026-05-20,West,Product B,Core,CUST1394,Champions,Retail Store,3,750,0,2250.0,1350.0,900.0
14184,2026-05-20,North,Product D,Accessory,CUST1117,At Risk,Online,3,1200,0,3600.0,2160.0,1440.0
14185,2026-05-20,West,Product B,Core,CUST1060,At Risk,Online,4,750,5,2850.0,1800.0,1050.0
14186,2026-05-20,West,Product A,Core,CUST1093,Loyal,Retail Store,2,500,0,1000.0,600.0,400.0
14187,2026-05-20,South,Product B,Core,CUST1501,Lost,Retail Store,1,750,10,675.0,450.0,225.0
14188,2026-05-20,West,Product C,Accessory,CUST1196,New,Retail Store,3,300,0,900.0,540.0,360.0
14189,2026-05-20,South,Product A,Core,CUST1583,Loyal,Online,3,500,5,1425.0,900.0,525.0
14190,2026-05-20,South,Product C,Accessory,CUST1368,Loyal,Online,2,300,5,570.0,360.0,210.0
14191,2026-05-20,West,Product C,Accessory,CUST1010,Loyal,Retail Store,2,300,0,600.0,360.0,240.0
14192,2026-05-20,North,Product A,Core,CUST1417,At Risk,Retail Store,2,500,10,900.0,600.0,300.0
14193,2026-05-20,East,Product A,Core,CUST1346,Lost,Retail Store,3,500,5,1425.0,900.0,525.0
14194,2026-05-20,South,Product B,Core,CUST1353,New,Online,3,750,0,2250.0,1350.0,900.0
14195,2026-05-20,North,Product C,Accessory,CUST1246,At Risk,Retail Store,4,300,20,960.0,720.0,240.0
14196,2026-05-20,South,Product B,Core,CUST1441,Loyal,Online,3,750,20,1800.0,1350.0,450.0
14197,2026-05-20,North,Product A,Core,CUST1366,At Risk,Online,2,500,20,800.0,600.0,200.0
14198,2026-05-20,East,Product D,Accessory,CUST1390,At Risk,Online,1,1200,0,1200.0,720.0,480.0
14199,2026-05-20,East,Product A,Core,CUST1075,Loyal,Online,1,500,0,500.0,300.0,200.0
14200,2026-05-20,East,Product D,Accessory,CUST1183,Loyal,Online,1,1200,0,1200.0,720.0,480.0
14201,2026-05-20,North,Product A,Core,CUST1599,At Risk,Retail Store,3,500,10,1350.0,900.0,450.0
14202,2026-05-20,North,Product C,Accessory,CUST1139,Champions,Online,3,300,0,900.0,540.0,360.0
14203,2026-05-20,North,Product A,Core,CUST1224,Loyal,Partner,1,500,5,475.0,300.0,175.0
14204,2026-05-20,East,Product D,Accessory,CUST1059,Champions,Online,2,1200,10,2160.0,1440.0,720.0
14205,2026-05-20,West,Product C,Accessory,CUST1376,Lost,Retail Store,1,300,0,300.0,180.0,120.0
14206,2026-05-20,North,Product B,Core,CUST1127,Champions,Online,3,750,0,2250.0,1350.0,900.0
14207,2026-05-20,West,Product B,Core,CUST1252,New,Online,3,750,15,1912.5,1350.0,562.5
14208,2026-05-20,North,Product C,Accessory,CUST1209,New,Online,4,300,15,1020.0,720.0,300.0
14209,2026-05-20,South,Product D,Accessory,CUST1576,Lost,Partner,1,1200,20,960.0,720.0,240.0
14210,2026-05-20,North,Product B,Core,CUST1200,At Risk,Retail Store,3,750,10,2025.0,1350.0,675.0
14211,2026-05-20,South,Product B,Core,CUST1476,New,Partner,3,750,15,1912.5,1350.0,562.5
14212,2026-05-20,East,Product D,Accessory,CUST1352,New,Retail Store,1,1200,10,1080.0,720.0,360.0
14213,2026-05-20,East,Product A,Core,CUST1272,Champions,Online,2,500,0,1000.0,600.0,400.0
14214,2026-05-20,East,Product D,Accessory,CUST1215,At Risk,Online,3,1200,0,3600.0,2160.0,1440.0
14215,2026-05-21,West,Product A,Core,CUST1528,At Risk,Retail Store,1,500,0,500.0,300.0,200.0
14216,2026-05-21,South,Product B,Core,CUST1360,Lost,Retail Store,1,750,10,675.0,450.0,225.0
14217,2026-05-21,North,Product B,Core,CUST1536,New,Online,3,750,0,2250.0,1350.0,900.0
14218,2026-05-21,North,Product D,Accessory,CUST1178,Lost,Online,2,1200,0,2400.0,1440.0,960.0
14219,2026-05-21,East,Product C,Accessory,CUST1442,At Risk,Online,4,300,0,1200.0,720.0,480.0
14220,2026-05-21,East,Product A,Core,CUST1120,New,Online,1,500,0,500.0,300.0,200.0
14221,2026-05-21,West,Product D,Accessory,CUST1051,Champions,Online,3,1200,10,3240.0,2160.0,1080.0
14222,2026-05-21,East,Product C,Accessory,CUST1355,New,Partner,3,300,0,900.0,540.0,360.0
14223,2026-05-21,East,Product C,Accessory,CUST1531,At Risk,Partner,4,300,0,1200.0,720.0,480.0
14224,2026-05-21,East,Product A,Core,CUST1541,New,Online,3,500,5,1425.0,900.0,525.0
14225,2026-05-21,West,Product C,Accessory,CUST1380,New,Online,2,300,0,600.0,360.0,240.0
14226,2026-05-21,North,Product A,Core,CUST1209,New,Online,4,500,10,1800.0,1200.0,600.0
14227,2026-05-21,North,Product B,Core,CUST1574,Lost,Online,1,750,5,712.5,450.0,262.5
14228,2026-05-21,West,Product D,Accessory,CUST1552,Loyal,Partner,4,1200,15,4080.0,2880.0,1200.0
14229,2026-05-21,West,Product A,Core,CUST1405,Lost,Retail Store,1,500,10,450.0,300.0,150.0
14230,2026-05-21,West,Product B,Core,CUST1360,Lost,Retail Store,4,750,0,3000.0,1800.0,1200.0
14231,2026-05-21,South,Product A,Core,CUST1044,At Risk,Online,1,500,0,500.0,300.0,200.0
14232,2026-05-21,West,Product B,Core,CUST1488,New,Online,3,750,5,2137.5,1350.0,787.5
14233,2026-05-21,East,Product B,Core,CUST1164,New,Retail Store,3,750,10,2025.0,1350.0,675.0
14234,2026-05-21,South,Product D,Accessory,CUST1527,Lost,Online,2,1200,0,2400.0,1440.0,960.0
14235,2026-05-21,South,Product A,Core,CUST1428,Champions,Retail Store,4,500,20,1600.0,1200.0,400.0
14236,2026-05-21,North,Product B,Core,CUST1399,New,Online,1,750,10,675.0,450.0,225.0
14237,2026-05-21,North,Product A,Core,CUST1021,Loyal,Online,2,500,5,950.0,600.0,350.0
14238,2026-05-21,West,Product D,Accessory,CUST1285,New,Partner,2,1200,10,2160.0,1440.0,720.0
14239,2026-05-21,North,Product C,Accessory,CUST1075,Loyal,Retail Store,2,300,15,510.0,360.0,150.0
14240,2026-05-21,East,Product C,Accessory,CUST1294,At Risk,Partner,2,300,10,540.0,360.0,180.0
14241,2026-05-21,East,Product D,Accessory,CUST1098,Champions,Online,1,1200,10,1080.0,720.0,360.0
14242,2026-05-21,West,Product C,Accessory,CUST1347,Loyal,Online,2,300,5,570.0,360.0,210.0
14243,2026-05-21,South,Product D,Accessory,CUST1256,At Risk,Online,3,1200,5,3420.0,2160.0,1260.0
14244,2026-05-21,West,Product B,Core,CUST1572,New,Online,1,750,0,750.0,450.0,300.0
14245,2026-05-21,East,Product A,Core,CUST1024,At Risk,Online,2,500,5,950.0,600.0,350.0
14246,2026-05-21,East,Product C,Accessory,CUST1401,Lost,Online,1,300,10,270.0,180.0,90.0
14247,2026-05-21,West,Product A,Core,CUST1426,Loyal,Partner,1,500,0,500.0,300.0,200.0
14248,2026-05-21,West,Product C,Accessory,CUST1045,At Risk,Online,1,300,20,240.0,180.0,60.0
14249,2026-05-21,North,Product B,Core,CUST1157,At Risk,Retail Store,1,750,0,750.0,450.0,300.0
14250,2026-05-21,East,Product C,Accessory,CUST1200,At Risk,Retail Store,1,300,5,285.0,180.0,105.0
14251,2026-05-21,North,Product D,Accessory,CUST1215,At Risk,Online,2,1200,0,2400.0,1440.0,960.0
14252,2026-05-21,South,Product A,Core,CUST1084,Champions,Retail Store,4,500,0,2000.0,1200.0,800.0
14253,2026-05-21,East,Product C,Accessory,CUST1197,Lost,Partner,3,300,0,900.0,540.0,360.0
14254,2026-05-21,North,Product A,Core,CUST1316,Loyal,Online,2,500,5,950.0,600.0,350.0
14255,2026-05-21,West,Product C,Accessory,CUST1388,Champions,Retail Store,3,300,10,810.0,540.0,270.0
14256,2026-05-21,South,Product B,Core,CUST1008,Champions,Online,2,750,5,1425.0,900.0,525.0
14257,2026-05-21,North,Product A,Core,CUST1324,At Risk,Online,4,500,0,2000.0,1200.0,800.0
14258,2026-05-21,North,Product C,Accessory,CUST1243,New,Online,1,300,5,285.0,180.0,105.0
14259,2026-05-21,East,Product B,Core,CUST1059,Champions,Online,1,750,0,750.0,450.0,300.0
14260,2026-05-21,North,Product B,Core,CUST1485,New,Online,1,750,5,712.5,450.0,262.5
14261,2026-05-21,North,Product C,Accessory,CUST1539,At Risk,Online,4,300,0,1200.0,720.0,480.0
14262,2026-05-21,North,Product B,Core,CUST1485,New,Retail Store,2,750,15,1275.0,900.0,375.0
14263,2026-05-22,South,Product D,Accessory,CUST1098,Champions,Retail Store,1,1200,5,1140.0,720.0,420.0
14264,2026-05-22,West,Product D,Accessory,CUST1130,Loyal,Online,4,1200,5,4560.0,2880.0,1680.0
14265,2026-05-22,West,Product B,Core,CUST1119,At Risk,Retail Store,4,750,0,3000.0,1800.0,1200.0
14266,2026-05-22,South,Product C,Accessory,CUST1469,New,Online,2,300,10,540.0,360.0,180.0
14267,2026-05-22,North,Product B,Core,CUST1182,New,Online,2,750,10,1350.0,900.0,450.0
14268,2026-05-22,East,Product D,Accessory,CUST1500,At Risk,Online,2,1200,0,2400.0,1440.0,960.0
14269,2026-05-22,East,Product A,Core,CUST1587,Loyal,Retail Store,4,500,10,1800.0,1200.0,600.0
14270,2026-05-22,South,Product C,Accessory,CUST1090,Loyal,Online,2,300,10,540.0,360.0,180.0
14271,2026-05-22,North,Product D,Accessory,CUST1352,New,Retail Store,3,1200,0,3600.0,2160.0,1440.0
14272,2026-05-22,North,Product B,Core,CUST1522,Loyal,Partner,1,750,10,675.0,450.0,225.0
14273,2026-05-22,North,Product A,Core,CUST1585,At Risk,Retail Store,1,500,0,500.0,300.0,200.0
14274,2026-05-22,North,Product B,Core,CUST1591,New,Online,3,750,5,2137.5,1350.0,787.5
14275,2026-05-22,West,Product C,Accessory,CUST1124,Champions,Retail Store,3,300,5,855.0,540.0,315.0
14276,2026-05-22,South,Product A,Core,CUST1427,At Risk,Online,3,500,0,1500.0,900.0,600.0
14277,2026-05-22,South,Product B,Core,CUST1560,Champions,Online,1,750,5,712.5,450.0,262.5
14278,2026-05-22,South,Product C,Accessory,CUST1226,Champions,Online,4,300,5,1140.0,720.0,420.0
14279,2026-05-22,South,Product B,Core,CUST1119,At Risk,Online,3,750,0,2250.0,1350.0,900.0
14280,2026-05-22,South,Product A,Core,CUST1376,Lost,Online,4,500,0,2000.0,1200.0,800.0
14281,2026-05-22,East,Product A,Core,CUST1421,Champions,Online,3,500,0,1500.0,900.0,600.0
14282,2026-05-22,North,Product A,Core,CUST1074,Champions,Retail Store,3,500,0,1500.0,900.0,600.0
14283,2026-05-22,West,Product A,Core,CUST1568,Loyal,Retail Store,2,500,0,1000.0,600.0,400.0
14284,2026-05-22,West,Product A,Core,CUST1317,At Risk,Online,4,500,0,2000.0,1200.0,800.0
14285,2026-05-22,South,Product D,Accessory,CUST1048,At Risk,Online,3,1200,15,3060.0,2160.0,900.0
14286,2026-05-22,North,Product A,Core,CUST1530,At Risk,Retail Store,1,500,0,500.0,300.0,200.0
14287,2026-05-22,West,Product B,Core,CUST1094,Loyal,Retail Store,2,750,5,1425.0,900.0,525.0
14288,2026-05-22,South,Product B,Core,CUST1265,Loyal,Online,4,750,0,3000.0,1800.0,1200.0
14289,2026-05-22,East,Product C,Accessory,CUST1531,At Risk,Partner,4,300,10,1080.0,720.0,360.0
14290,2026-05-22,West,Product B,Core,CUST1212,Loyal,Retail Store,1,750,0,750.0,450.0,300.0
14291,2026-05-22,South,Product B,Core,CUST1229,Champions,Online,3,750,15,1912.5,1350.0,562.5
14292,2026-05-22,East,Product A,Core,CUST1497,At Risk,Online,2,500,15,850.0,600.0,250.0
14293,2026-05-22,North,Product D,Accessory,CUST1367,At Risk,Retail Store,2,1200,5,2280.0,1440.0,840.0
14294,2026-05-22,South,Product A,Core,CUST1552,Loyal,Retail Store,4,500,0,2000.0,1200.0,800.0
14295,2026-05-22,East,Product A,Core,CUST1581,New,Online,4,500,0,2000.0,1200.0,800.0
14296,2026-05-22,North,Product A,Core,CUST1021,Loyal,Online,4,500,10,1800.0,1200.0,600.0
14297,2026-05-22,North,Product A,Core,CUST1208,Champions,Online,3,500,5,1425.0,900.0,525.0
14298,2026-05-22,North,Product B,Core,CUST1415,Loyal,Online,2,750,5,1425.0,900.0,525.0
14299,2026-05-22,East,Product A,Core,CUST1312,Loyal,Online,4,500,10,1800.0,1200.0,600.0
14300,2026-05-22,South,Product A,Core,CUST1369,Lost,Partner,2,500,10,900.0,600.0,300.0
14301,2026-05-22,East,Product B,Core,CUST1116,At Risk,Online,3,750,0,2250.0,1350.0,900.0
14302,2026-05-22,West,Product C,Accessory,CUST1319,Lost,Retail Store,2,300,0,600.0,360.0,240.0
14303,2026-05-22,North,Product A,Core,CUST1488,New,Online,2,500,10,900.0,600.0,300.0
14304,2026-05-22,South,Product D,Accessory,CUST1440,Lost,Online,4,1200,5,4560.0,2880.0,1680.0
14305,2026-05-22,West,Product A,Core,CUST1358,New,Partner,2,500,10,900.0,600.0,300.0
14306,2026-05-22,West,Product D,Accessory,CUST1530,At Risk,Retail Store,1,1200,10,1080.0,720.0,360.0
14307,2026-05-22,North,Product A,Core,CUST1230,Champions,Retail Store,1,500,15,425.0,300.0,125.0
14308,2026-05-22,South,Product B,Core,CUST1353,New,Partner,1,750,10,675.0,450.0,225.0
14309,2026-05-22,North,Product A,Core,CUST1473,Champions,Retail Store,1,500,10,450.0,300.0,150.0
14310,2026-05-22,North,Product B,Core,CUST1310,New,Online,2,750,5,1425.0,900.0,525.0
14311,2026-05-22,East,Product A,Core,CUST1522,Loyal,Retail Store,3,500,0,1500.0,900.0,600.0
14312,2026-05-22,South,Product A,Core,CUST1113,New,Online,1,500,5,475.0,300.0,175.0
14313,2026-05-22,North,Product D,Accessory,CUST1235,At Risk,Online,4,1200,0,4800.0,2880.0,1920.0
14314,2026-05-22,North,Product D,Accessory,CUST1009,New,Online,2,1200,15,2040.0,1440.0,600.0
14315,2026-05-22,South,Product C,Accessory,CUST1458,At Risk,Retail Store,4,300,5,1140.0,720.0,420.0
14316,2026-05-22,West,Product B,Core,CUST1462,Lost,Online,2,750,0,1500.0,900.0,600.0
14317,2026-05-22,North,Product B,Core,CUST1255,At Risk,Online,4,750,5,2850.0,1800.0,1050.0
14318,2026-05-22,East,Product B,Core,CUST1426,Loyal,Online,3,750,5,2137.5,1350.0,787.5
14319,2026-05-22,North,Product A,Core,CUST1339,Lost,Retail Store,2,500,10,900.0,600.0,300.0
14320,2026-05-22,East,Product A,Core,CUST1220,Loyal,Retail Store,4,500,0,2000.0,1200.0,800.0
14321,2026-05-22,South,Product A,Core,CUST1408,Champions,Online,4,500,0,2000.0,1200.0,800.0
14322,2026-05-23,North,Product B,Core,CUST1107,Loyal,Online,4,750,5,2850.0,1800.0,1050.0
14323,2026-05-23,West,Product B,Core,CUST1469,New,Retail Store,3,750,0,2250.0,1350.0,900.0
14324,2026-05-23,West,Product C,Accessory,CUST1589,Champions,Online,2,300,0,600.0,360.0,240.0
14325,2026-05-23,North,Product B,Core,CUST1142,Lost,Online,3,750,20,1800.0,1350.0,450.0
14326,2026-05-23,West,Product B,Core,CUST1208,Champions,Online,3,750,15,1912.5,1350.0,562.5
14327,2026-05-23,East,Product B,Core,CUST1176,New,Online,1,750,0,750.0,450.0,300.0
14328,2026-05-23,North,Product B,Core,CUST1181,Lost,Online,3,750,15,1912.5,1350.0,562.5
14329,2026-05-23,South,Product C,Accessory,CUST1377,New,Retail Store,2,300,5,570.0,360.0,210.0
14330,2026-05-23,West,Product C,Accessory,CUST1533,At Risk,Online,2,300,10,540.0,360.0,180.0
14331,2026-05-23,North,Product C,Accessory,CUST1161,Lost,Online,2,300,5,570.0,360.0,210.0
14332,2026-05-23,West,Product A,Core,CUST1495,New,Online,1,500,0,500.0,300.0,200.0
14333,2026-05-23,East,Product B,Core,CUST1299,At Risk,Partner,1,750,0,750.0,450.0,300.0
14334,2026-05-23,West,Product C,Accessory,CUST1414,Champions,Partner,2,300,5,570.0,360.0,210.0
14335,2026-05-23,North,Product A,Core,CUST1483,Loyal,Online,4,500,0,2000.0,1200.0,800.0
14336,2026-05-23,North,Product D,Accessory,CUST1040,New,Online,4,1200,10,4320.0,2880.0,1440.0
14337,2026-05-23,South,Product B,Core,CUST1382,At Risk,Partner,1,750,0,750.0,450.0,300.0
14338,2026-05-23,South,Product A,Core,CUST1335,At Risk,Online,3,500,5,1425.0,900.0,525.0
14339,2026-05-23,South,Product A,Core,CUST1211,New,Online,4,500,0,2000.0,1200.0,800.0
14340,2026-05-23,North,Product B,Core,CUST1143,New,Retail Store,4,750,20,2400.0,1800.0,600.0
14341,2026-05-23,North,Product A,Core,CUST1467,Lost,Online,3,500,0,1500.0,900.0,600.0
14342,2026-05-23,East,Product C,Accessory,CUST1443,Loyal,Online,3,300,0,900.0,540.0,360.0
14343,2026-05-23,West,Product B,Core,CUST1112,Loyal,Online,2,750,0,1500.0,900.0,600.0
14344,2026-05-23,East,Product C,Accessory,CUST1289,Champions,Online,4,300,5,1140.0,720.0,420.0
14345,2026-05-23,East,Product A,Core,CUST1528,At Risk,Retail Store,3,500,0,1500.0,900.0,600.0
14346,2026-05-23,North,Product B,Core,CUST1507,At Risk,Online,3,750,10,2025.0,1350.0,675.0
14347,2026-05-23,West,Product D,Accessory,CUST1340,Champions,Online,4,1200,0,4800.0,2880.0,1920.0
14348,2026-05-23,South,Product B,Core,CUST1219,Loyal,Online,3,750,0,2250.0,1350.0,900.0
14349,2026-05-23,East,Product D,Accessory,CUST1063,At Risk,Retail Store,3,1200,10,3240.0,2160.0,1080.0
14350,2026-05-23,East,Product C,Accessory,CUST1375,Champions,Online,2,300,10,540.0,360.0,180.0
14351,2026-05-23,East,Product B,Core,CUST1491,At Risk,Online,2,750,20,1200.0,900.0,300.0
14352,2026-05-23,North,Product A,Core,CUST1251,Lost,Online,1,500,10,450.0,300.0,150.0
14353,2026-05-23,North,Product A,Core,CUST1442,At Risk,Online,1,500,15,425.0,300.0,125.0
14354,2026-05-23,East,Product D,Accessory,CUST1378,Loyal,Retail Store,1,1200,5,1140.0,720.0,420.0
14355,2026-05-23,East,Product B,Core,CUST1547,Champions,Online,2,750,5,1425.0,900.0,525.0
14356,2026-05-23,South,Product D,Accessory,CUST1170,Loyal,Retail Store,1,1200,5,1140.0,720.0,420.0
14357,2026-05-23,North,Product A,Core,CUST1230,Champions,Online,2,500,0,1000.0,600.0,400.0
14358,2026-05-23,North,Product C,Accessory,CUST1274,At Risk,Online,4,300,15,1020.0,720.0,300.0
14359,2026-05-23,North,Product A,Core,CUST1269,Champions,Online,1,500,10,450.0,300.0,150.0
14360,2026-05-23,South,Product A,Core,CUST1400,Loyal,Online,4,500,0,2000.0,1200.0,800.0
14361,2026-05-23,North,Product D,Accessory,CUST1490,At Risk,Retail Store,3,1200,0,3600.0,2160.0,1440.0
14362,2026-05-23,South,Product C,Accessory,CUST1193,At Risk,Online,4,300,0,1200.0,720.0,480.0
14363,2026-05-23,West,Product B,Core,CUST1512,Champions,Online,2,750,5,1425.0,900.0,525.0
14364,2026-05-23,East,Product A,Core,CUST1022,Lost,Online,1,500,5,475.0,300.0,175.0
14365,2026-05-23,South,Product A,Core,CUST1287,Loyal,Partner,4,500,0,2000.0,1200.0,800.0
14366,2026-05-23,East,Product D,Accessory,CUST1397,Loyal,Partner,1,1200,5,1140.0,720.0,420.0
14367,2026-05-23,East,Product B,Core,CUST1000,At Risk,Retail Store,1,750,0,750.0,450.0,300.0
14368,2026-05-23,East,Product D,Accessory,CUST1109,Lost,Retail Store,4,1200,0,4800.0,2880.0,1920.0
14369,2026-05-23,South,Product A,Core,CUST1576,Lost,Retail Store,4,500,15,1700.0,1200.0,500.0
14370,2026-05-23,North,Product D,Accessory,CUST1348,New,Retail Store,4,1200,5,4560.0,2880.0,1680.0
14371,2026-05-23,South,Product A,Core,CUST1305,New,Online,1,500,10,450.0,300.0,150.0
14372,2026-05-23,South,Product A,Core,CUST1124,Champions,Retail Store,1,500,15,425.0,300.0,125.0
14373,2026-05-23,South,Product C,Accessory,CUST1252,New,Retail Store,4,300,10,1080.0,720.0,360.0
14374,2026-05-23,East,Product D,Accessory,CUST1420,At Risk,Retail Store,2,1200,5,2280.0,1440.0,840.0
14375,2026-05-23,North,Product C,Accessory,CUST1554,Champions,Retail Store,4,300,10,1080.0,720.0,360.0
14376,2026-05-23,South,Product D,Accessory,CUST1261,At Risk,Online,1,1200,5,1140.0,720.0,420.0
14377,2026-05-23,East,Product C,Accessory,CUST1034,New,Online,4,300,10,1080.0,720.0,360.0
14378,2026-05-23,East,Product D,Accessory,CUST1012,At Risk,Retail Store,2,1200,10,2160.0,1440.0,720.0
14379,2026-05-23,South,Product A,Core,CUST1104,At Risk,Online,1,500,5,475.0,300.0,175.0
14380,2026-05-23,East,Product B,Core,CUST1002,Lost,Online,3,750,10,2025.0,1350.0,675.0
14381,2026-05-23,East,Product C,Accessory,CUST1167,At Risk,Partner,3,300,15,765.0,540.0,225.0
14382,2026-05-23,East,Product A,Core,CUST1517,At Risk,Retail Store,1,500,5,475.0,300.0,175.0
14383,2026-05-23,North,Product A,Core,CUST1347,Loyal,Online,4,500,15,1700.0,1200.0,500.0
14384,2026-05-23,East,Product A,Core,CUST1435,Loyal,Retail Store,4,500,0,2000.0,1200.0,800.0
14385,2026-05-23,East,Product A,Core,CUST1042,At Risk,Partner,3,500,5,1425.0,900.0,525.0
14386,2026-05-23,West,Product B,Core,CUST1377,New,Retail Store,4,750,15,2550.0,1800.0,750.0
14387,2026-05-23,West,Product B,Core,CUST1102,Loyal,Online,4,750,0,3000.0,1800.0,1200.0
14388,2026-05-23,South,Product A,Core,CUST1372,Loyal,Partner,1,500,5,475.0,300.0,175.0
14389,2026-05-23,West,Product A,Core,CUST1486,New,Retail Store,1,500,0,500.0,300.0,200.0
14390,2026-05-23,South,Product D,Accessory,CUST1467,Lost,Online,2,1200,5,2280.0,1440.0,840.0
14391,2026-05-23,North,Product C,Accessory,CUST1401,Lost,Online,2,300,5,570.0,360.0,210.0
14392,2026-05-23,East,Product D,Accessory,CUST1274,At Risk,Online,4,1200,20,3840.0,2880.0,960.0
14393,2026-05-23,East,Product A,Core,CUST1566,At Risk,Online,1,500,0,500.0,300.0,200.0
14394,2026-05-23,South,Product A,Core,CUST1103,Lost,Online,4,500,0,2000.0,1200.0,800.0
14395,2026-05-23,West,Product B,Core,CUST1326,At Risk,Online,1,750,5,712.5,450.0,262.5
14396,2026-05-23,East,Product C,Accessory,CUST1103,Lost,Retail Store,3,300,10,810.0,540.0,270.0
14397,2026-05-23,East,Product A,Core,CUST1542,At Risk,Online,2,500,5,950.0,600.0,350.0
14398,2026-05-23,South,Product B,Core,CUST1496,New,Retail Store,2,750,15,1275.0,900.0,375.0
14399,2026-05-23,South,Product C,Accessory,CUST1087,New,Online,3,300,10,810.0,540.0,270.0
14400,2026-05-24,West,Product B,Core,CUST1208,Champions,Retail Store,4,750,10,2700.0,1800.0,900.0
14401,2026-05-24,East,Product B,Core,CUST1503,New,Online,3,750,0,2250.0,1350.0,900.0
14402,2026-05-24,East,Product B,Core,CUST1348,New,Online,2,750,5,1425.0,900.0,525.0
14403,2026-05-24,South,Product A,Core,CUST1516,Loyal,Online,2,500,0,1000.0,600.0,400.0
14404,2026-05-24,North,Product C,Accessory,CUST1310,New,Partner,3,300,0,900.0,540.0,360.0
14405,2026-05-24,North,Product B,Core,CUST1466,At Risk,Online,1,750,5,712.5,450.0,262.5
14406,2026-05-24,East,Product C,Accessory,CUST1579,Loyal,Online,2,300,5,570.0,360.0,210.0
14407,2026-05-24,North,Product A,Core,CUST1240,At Risk,Online,2,500,10,900.0,600.0,300.0
14408,2026-05-24,West,Product A,Core,CUST1501,Lost,Partner,3,500,0,1500.0,900.0,600.0
14409,2026-05-24,East,Product A,Core,CUST1438,At Risk,Online,4,500,0,2000.0,1200.0,800.0
14410,2026-05-24,West,Product C,Accessory,CUST1130,Loyal,Retail Store,1,300,15,255.0,180.0,75.0
14411,2026-05-24,South,Product A,Core,CUST1278,Lost,Partner,2,500,0,1000.0,600.0,400.0
14412,2026-05-24,South,Product A,Core,CUST1445,At Risk,Online,1,500,0,500.0,300.0,200.0
14413,2026-05-24,North,Product A,Core,CUST1449,At Risk,Online,1,500,10,450.0,300.0,150.0
14414,2026-05-24,North,Product A,Core,CUST1167,At Risk,Retail Store,3,500,20,1200.0,900.0,300.0
14415,2026-05-24,North,Product A,Core,CUST1585,At Risk,Online,1,500,5,475.0,300.0,175.0
14416,2026-05-24,East,Product D,Accessory,CUST1397,Loyal,Online,4,1200,15,4080.0,2880.0,1200.0
14417,2026-05-24,South,Product A,Core,CUST1211,New,Partner,3,500,10,1350.0,900.0,450.0
14418,2026-05-24,South,Product D,Accessory,CUST1309,Champions,Retail Store,2,1200,0,2400.0,1440.0,960.0
14419,2026-05-24,North,Product A,Core,CUST1485,New,Partner,4,500,0,2000.0,1200.0,800.0
14420,2026-05-24,North,Product C,Accessory,CUST1293,Champions,Retail Store,3,300,0,900.0,540.0,360.0
14421,2026-05-24,West,Product B,Core,CUST1578,Lost,Online,1,750,0,750.0,450.0,300.0
14422,2026-05-24,North,Product C,Accessory,CUST1091,At Risk,Online,2,300,0,600.0,360.0,240.0
14423,2026-05-24,South,Product D,Accessory,CUST1491,At Risk,Retail Store,1,1200,0,1200.0,720.0,480.0
14424,2026-05-24,North,Product A,Core,CUST1362,Champions,Online,3,500,0,1500.0,900.0,600.0
14425,2026-05-24,East,Product A,Core,CUST1012,At Risk,Retail Store,1,500,0,500.0,300.0,200.0
14426,2026-05-24,South,Product B,Core,CUST1137,New,Retail Store,3,750,0,2250.0,1350.0,900.0
14427,2026-05-24,South,Product A,Core,CUST1244,At Risk,Online,2,500,0,1000.0,600.0,400.0
14428,2026-05-24,South,Product A,Core,CUST1263,Champions,Online,2,500,0,1000.0,600.0,400.0
14429,2026-05-24,East,Product A,Core,CUST1111,Loyal,Retail Store,1,500,0,500.0,300.0,200.0
14430,2026-05-24,North,Product C,Accessory,CUST1334,Champions,Partner,3,300,10,810.0,540.0,270.0
14431,2026-05-24,North,Product B,Core,CUST1352,New,Online,1,750,15,637.5,450.0,187.5
14432,2026-05-24,South,Product A,Core,CUST1165,Loyal,Online,4,500,5,1900.0,1200.0,700.0
14433,2026-05-24,South,Product A,Core,CUST1532,Loyal,Retail Store,1,500,15,425.0,300.0,125.0
14434,2026-05-24,East,Product C,Accessory,CUST1139,Champions,Online,4,300,10,1080.0,720.0,360.0
14435,2026-05-24,East,Product A,Core,CUST1165,Loyal,Retail Store,2,500,20,800.0,600.0,200.0
14436,2026-05-24,West,Product B,Core,CUST1469,New,Online,4,750,5,2850.0,1800.0,1050.0
14437,2026-05-24,West,Product D,Accessory,CUST1429,At Risk,Partner,2,1200,10,2160.0,1440.0,720.0
14438,2026-05-24,North,Product A,Core,CUST1242,Loyal,Online,3,500,5,1425.0,900.0,525.0
14439,2026-05-24,North,Product B,Core,CUST1106,New,Online,4,750,15,2550.0,1800.0,750.0
14440,2026-05-24,South,Product C,Accessory,CUST1085,Champions,Retail Store,3,300,5,855.0,540.0,315.0
14441,2026-05-24,South,Product A,Core,CUST1514,Loyal,Online,3,500,5,1425.0,900.0,525.0
14442,2026-05-24,North,Product B,Core,CUST1111,Loyal,Retail Store,2,750,5,1425.0,900.0,525.0
14443,2026-05-24,South,Product C,Accessory,CUST1346,Lost,Online,4,300,0,1200.0,720.0,480.0
14444,2026-05-24,East,Product C,Accessory,CUST1589,Champions,Online,1,300,0,300.0,180.0,120.0
14445,2026-05-24,East,Product A,Core,CUST1368,Loyal,Retail Store,4,500,10,1800.0,1200.0,600.0
14446,2026-05-24,West,Product B,Core,CUST1174,Loyal,Retail Store,3,750,5,2137.5,1350.0,787.5
14447,2026-05-24,North,Product D,Accessory,CUST1081,New,Partner,1,1200,5,1140.0,720.0,420.0
14448,2026-05-24,West,Product C,Accessory,CUST1274,At Risk,Online,3,300,0,900.0,540.0,360.0
14449,2026-05-24,North,Product B,Core,CUST1383,New,Online,2,750,10,1350.0,900.0,450.0
14450,2026-05-24,South,Product D,Accessory,CUST1473,Champions,Online,2,1200,0,2400.0,1440.0,960.0
14451,2026-05-24,West,Product A,Core,CUST1151,Lost,Partner,1,500,10,450.0,300.0,150.0
14452,2026-05-24,East,Product C,Accessory,CUST1456,Lost,Online,3,300,10,810.0,540.0,270.0
14453,2026-05-24,North,Product A,Core,CUST1431,At Risk,Online,4,500,0,2000.0,1200.0,800.0
14454,2026-05-24,West,Product D,Accessory,CUST1269,Champions,Online,1,1200,10,1080.0,720.0,360.0
14455,2026-05-24,East,Product A,Core,CUST1167,At Risk,Retail Store,2,500,0,1000.0,600.0,400.0
14456,2026-05-24,East,Product A,Core,CUST1259,New,Retail Store,4,500,5,1900.0,1200.0,700.0
14457,2026-05-24,East,Product A,Core,CUST1207,At Risk,Online,2,500,10,900.0,600.0,300.0
14458,2026-05-24,West,Product B,Core,CUST1034,New,Online,4,750,0,3000.0,1800.0,1200.0
14459,2026-05-24,West,Product B,Core,CUST1490,At Risk,Retail Store,2,750,0,1500.0,900.0,600.0
14460,2026-05-24,North,Product A,Core,CUST1444,Loyal,Online,2,500,10,900.0,600.0,300.0
14461,2026-05-24,West,Product A,Core,CUST1119,At Risk,Online,3,500,0,1500.0,900.0,600.0
14462,2026-05-24,East,Product B,Core,CUST1502,Lost,Retail Store,3,750,15,1912.5,1350.0,562.5
14463,2026-05-25,South,Product A,Core,CUST1303,New,Online,4,500,10,1800.0,1200.0,600.0
14464,2026-05-25,South,Product D,Accessory,CUST1283,Loyal,Retail Store,2,1200,10,2160.0,1440.0,720.0
14465,2026-05-25,North,Product A,Core,CUST1205,Loyal,Retail Store,3,500,0,1500.0,900.0,600.0
14466,2026-05-25,West,Product D,Accessory,CUST1324,At Risk,Online,4,1200,0,4800.0,2880.0,1920.0
14467,2026-05-25,West,Product C,Accessory,CUST1520,Lost,Partner,3,300,0,900.0,540.0,360.0
14468,2026-05-25,East,Product C,Accessory,CUST1505,At Risk,Retail Store,4,300,5,1140.0,720.0,420.0
14469,2026-05-25,North,Product D,Accessory,CUST1358,New,Online,4,1200,0,4800.0,2880.0,1920.0
14470,2026-05-25,South,Product D,Accessory,CUST1039,At Risk,Retail Store,3,1200,15,3060.0,2160.0,900.0
14471,2026-05-25,South,Product A,Core,CUST1258,Champions,Online,4,500,5,1900.0,1200.0,700.0
14472,2026-05-25,South,Product A,Core,CUST1301,Champions,Retail Store,1,500,10,450.0,300.0,150.0
14473,2026-05-25,South,Product A,Core,CUST1016,New,Retail Store,2,500,0,1000.0,600.0,400.0
14474,2026-05-25,East,Product C,Accessory,CUST1193,At Risk,Retail Store,2,300,15,510.0,360.0,150.0
14475,2026-05-25,North,Product A,Core,CUST1354,New,Retail Store,1,500,10,450.0,300.0,150.0
14476,2026-05-25,West,Product C,Accessory,CUST1195,Loyal,Online,2,300,10,540.0,360.0,180.0
14477,2026-05-25,East,Product B,Core,CUST1591,New,Online,3,750,5,2137.5,1350.0,787.5
14478,2026-05-25,East,Product C,Accessory,CUST1428,Champions,Retail Store,2,300,0,600.0,360.0,240.0
14479,2026-05-25,South,Product C,Accessory,CUST1594,Champions,Partner,4,300,0,1200.0,720.0,480.0
14480,2026-05-25,North,Product C,Accessory,CUST1451,Lost,Online,4,300,5,1140.0,720.0,420.0
14481,2026-05-25,North,Product A,Core,CUST1218,Lost,Online,3,500,5,1425.0,900.0,525.0
14482,2026-05-25,South,Product B,Core,CUST1290,At Risk,Retail Store,4,750,5,2850.0,1800.0,1050.0
14483,2026-05-25,East,Product D,Accessory,CUST1152,Champions,Online,1,1200,15,1020.0,720.0,300.0
14484,2026-05-25,South,Product A,Core,CUST1117,At Risk,Online,4,500,5,1900.0,1200.0,700.0
14485,2026-05-25,East,Product C,Accessory,CUST1383,New,Online,2,300,10,540.0,360.0,180.0
14486,2026-05-25,West,Product A,Core,CUST1090,Loyal,Online,2,500,0,1000.0,600.0,400.0
14487,2026-05-25,West,Product D,Accessory,CUST1078,New,Partner,2,1200,10,2160.0,1440.0,720.0
14488,2026-05-25,East,Product D,Accessory,CUST1041,At Risk,Partner,2,1200,0,2400.0,1440.0,960.0
14489,2026-05-25,South,Product B,Core,CUST1538,Loyal,Retail Store,1,750,5,712.5,450.0,262.5
14490,2026-05-25,East,Product A,Core,CUST1524,Champions,Online,1,500,20,400.0,300.0,100.0
14491,2026-05-25,East,Product B,Core,CUST1255,At Risk,Retail Store,3,750,0,2250.0,1350.0,900.0
14492,2026-05-25,East,Product A,Core,CUST1378,Loyal,Online,4,500,5,1900.0,1200.0,700.0
14493,2026-05-25,South,Product C,Accessory,CUST1539,At Risk,Online,4,300,0,1200.0,720.0,480.0
14494,2026-05-25,East,Product A,Core,CUST1019,At Risk,Retail Store,1,500,0,500.0,300.0,200.0
14495,2026-05-25,North,Product B,Core,CUST1301,Champions,Partner,2,750,10,1350.0,900.0,450.0
14496,2026-05-25,West,Product A,Core,CUST1133,Loyal,Retail Store,3,500,0,1500.0,900.0,600.0
14497,2026-05-25,North,Product C,Accessory,CUST1415,Loyal,Online,2,300,0,600.0,360.0,240.0
14498,2026-05-25,North,Product B,Core,CUST1448,Champions,Retail Store,4,750,20,2400.0,1800.0,600.0
14499,2026-05-25,East,Product C,Accessory,CUST1451,Lost,Online,1,300,0,300.0,180.0,120.0
14500,2026-05-25,West,Product D,Accessory,CUST1252,New,Retail Store,1,1200,15,1020.0,720.0,300.0
14501,2026-05-25,West,Product B,Core,CUST1003,At Risk,Partner,2,750,0,1500.0,900.0,600.0
14502,2026-05-25,North,Product B,Core,CUST1453,Loyal,Retail Store,1,750,20,600.0,450.0,150.0
14503,2026-05-25,West,Product C,Accessory,CUST1252,New,Retail Store,3,300,5,855.0,540.0,315.0
14504,2026-05-25,North,Product D,Accessory,CUST1009,New,Partner,3,1200,0,3600.0,2160.0,1440.0
14505,2026-05-25,East,Product B,Core,CUST1578,Lost,Retail Store,2,750,0,1500.0,900.0,600.0
14506,2026-05-25,East,Product A,Core,CUST1409,Lost,Online,2,500,0,1000.0,600.0,400.0
14507,2026-05-25,West,Product A,Core,CUST1407,At Risk,Retail Store,4,500,0,2000.0,1200.0,800.0
14508,2026-05-25,West,Product A,Core,CUST1257,Champions,Retail Store,3,500,10,1350.0,900.0,450.0
14509,2026-05-25,South,Product C,Accessory,CUST1332,At Risk,Online,4,300,10,1080.0,720.0,360.0
14510,2026-05-25,South,Product B,Core,CUST1064,At Risk,Online,2,750,0,1500.0,900.0,600.0
14511,2026-05-25,North,Product B,Core,CUST1594,Champions,Retail Store,1,750,0,750.0,450.0,300.0
14512,2026-05-25,North,Product B,Core,CUST1069,New,Retail Store,2,750,0,1500.0,900.0,600.0
14513,2026-05-25,South,Product A,Core,CUST1427,At Risk,Partner,2,500,0,1000.0,600.0,400.0
14514,2026-05-25,North,Product C,Accessory,CUST1589,Champions,Online,4,300,0,1200.0,720.0,480.0
14515,2026-05-25,West,Product B,Core,CUST1274,At Risk,Online,2,750,10,1350.0,900.0,450.0
14516,2026-05-26,North,Product C,Accessory,CUST1480,New,Partner,1,300,5,285.0,180.0,105.0
14517,2026-05-26,South,Product B,Core,CUST1446,Lost,Online,2,750,0,1500.0,900.0,600.0
14518,2026-05-26,West,Product A,Core,CUST1182,New,Retail Store,4,500,10,1800.0,1200.0,600.0
14519,2026-05-26,North,Product B,Core,CUST1103,Lost,Online,4,750,5,2850.0,1800.0,1050.0
14520,2026-05-26,North,Product A,Core,CUST1038,Loyal,Online,3,500,15,1275.0,900.0,375.0
14521,2026-05-26,North,Product A,Core,CUST1226,Champions,Online,1,500,0,500.0,300.0,200.0
14522,2026-05-26,West,Product D,Accessory,CUST1335,At Risk,Retail Store,2,1200,5,2280.0,1440.0,840.0
14523,2026-05-26,West,Product A,Core,CUST1372,Loyal,Online,3,500,0,1500.0,900.0,600.0
14524,2026-05-26,West,Product A,Core,CUST1447,At Risk,Online,2,500,15,850.0,600.0,250.0
14525,2026-05-26,South,Product A,Core,CUST1238,Champions,Online,3,500,0,1500.0,900.0,600.0
14526,2026-05-26,East,Product D,Accessory,CUST1095,At Risk,Online,4,1200,0,4800.0,2880.0,1920.0
14527,2026-05-26,East,Product A,Core,CUST1193,At Risk,Online,3,500,15,1275.0,900.0,375.0
14528,2026-05-26,South,Product D,Accessory,CUST1358,New,Retail Store,2,1200,0,2400.0,1440.0,960.0
14529,2026-05-26,South,Product A,Core,CUST1408,Champions,Online,1,500,0,500.0,300.0,200.0
14530,2026-05-26,West,Product C,Accessory,CUST1411,At Risk,Online,3,300,0,900.0,540.0,360.0
14531,2026-05-26,South,Product A,Core,CUST1287,Loyal,Retail Store,3,500,0,1500.0,900.0,600.0
14532,2026-05-26,North,Product A,Core,CUST1010,Loyal,Online,2,500,0,1000.0,600.0,400.0
14533,2026-05-26,North,Product C,Accessory,CUST1377,New,Online,4,300,0,1200.0,720.0,480.0
14534,2026-05-26,East,Product B,Core,CUST1292,Lost,Online,3,750,0,2250.0,1350.0,900.0
14535,2026-05-26,North,Product B,Core,CUST1161,Lost,Online,2,750,15,1275.0,900.0,375.0
14536,2026-05-26,West,Product B,Core,CUST1075,Loyal,Retail Store,4,750,10,2700.0,1800.0,900.0
14537,2026-05-26,West,Product C,Accessory,CUST1023,Lost,Online,3,300,10,810.0,540.0,270.0
14538,2026-05-26,South,Product B,Core,CUST1549,New,Online,3,750,10,2025.0,1350.0,675.0
14539,2026-05-26,North,Product A,Core,CUST1184,At Risk,Retail Store,1,500,0,500.0,300.0,200.0
14540,2026-05-26,West,Product B,Core,CUST1412,Champions,Online,4,750,10,2700.0,1800.0,900.0
14541,2026-05-26,South,Product D,Accessory,CUST1372,Loyal,Retail Store,2,1200,5,2280.0,1440.0,840.0
14542,2026-05-26,West,Product A,Core,CUST1308,Loyal,Online,3,500,10,1350.0,900.0,450.0
14543,2026-05-26,North,Product B,Core,CUST1109,Lost,Online,3,750,0,2250.0,1350.0,900.0
14544,2026-05-26,East,Product B,Core,CUST1094,Loyal,Online,3,750,10,2025.0,1350.0,675.0
14545,2026-05-26,West,Product D,Accessory,CUST1396,At Risk,Online,3,1200,5,3420.0,2160.0,1260.0
14546,2026-05-26,North,Product C,Accessory,CUST1400,Loyal,Partner,1,300,0,300.0,180.0,120.0
14547,2026-05-26,West,Product A,Core,CUST1278,Lost,Online,1,500,20,400.0,300.0,100.0
14548,2026-05-26,North,Product B,Core,CUST1420,At Risk,Retail Store,1,750,5,712.5,450.0,262.5
14549,2026-05-26,West,Product C,Accessory,CUST1165,Loyal,Online,3,300,0,900.0,540.0,360.0
14550,2026-05-26,South,Product B,Core,CUST1588,Loyal,Online,1,750,0,750.0,450.0,300.0
14551,2026-05-26,North,Product B,Core,CUST1098,Champions,Online,4,750,20,2400.0,1800.0,600.0
14552,2026-05-26,South,Product B,Core,CUST1391,Champions,Online,3,750,0,2250.0,1350.0,900.0
14553,2026-05-26,West,Product D,Accessory,CUST1469,New,Retail Store,3,1200,0,3600.0,2160.0,1440.0
14554,2026-05-27,South,Product D,Accessory,CUST1102,Loyal,Partner,4,1200,5,4560.0,2880.0,1680.0
14555,2026-05-27,South,Product C,Accessory,CUST1525,Loyal,Retail Store,1,300,0,300.0,180.0,120.0
14556,2026-05-27,West,Product C,Accessory,CUST1535,Loyal,Online,1,300,5,285.0,180.0,105.0
14557,2026-05-27,North,Product D,Accessory,CUST1367,At Risk,Online,1,1200,0,1200.0,720.0,480.0
14558,2026-05-27,North,Product D,Accessory,CUST1472,Champions,Partner,3,1200,0,3600.0,2160.0,1440.0
14559,2026-05-27,North,Product B,Core,CUST1280,Champions,Online,1,750,5,712.5,450.0,262.5
14560,2026-05-27,East,Product C,Accessory,CUST1330,At Risk,Retail Store,2,300,0,600.0,360.0,240.0
14561,2026-05-27,North,Product A,Core,CUST1006,At Risk,Online,1,500,10,450.0,300.0,150.0
14562,2026-05-27,North,Product A,Core,CUST1458,At Risk,Partner,1,500,5,475.0,300.0,175.0
14563,2026-05-27,North,Product C,Accessory,CUST1031,Lost,Online,2,300,10,540.0,360.0,180.0
14564,2026-05-27,South,Product D,Accessory,CUST1005,Lost,Online,4,1200,15,4080.0,2880.0,1200.0
14565,2026-05-27,West,Product B,Core,CUST1255,At Risk,Online,4,750,5,2850.0,1800.0,1050.0
14566,2026-05-27,West,Product D,Accessory,CUST1043,Loyal,Retail Store,2,1200,5,2280.0,1440.0,840.0
14567,2026-05-27,West,Product B,Core,CUST1374,Loyal,Online,1,750,0,750.0,450.0,300.0
14568,2026-05-27,South,Product A,Core,CUST1405,Lost,Online,4,500,0,2000.0,1200.0,800.0
14569,2026-05-27,East,Product A,Core,CUST1360,Lost,Retail Store,3,500,0,1500.0,900.0,600.0
14570,2026-05-27,South,Product A,Core,CUST1197,Lost,Retail Store,2,500,0,1000.0,600.0,400.0
14571,2026-05-27,South,Product B,Core,CUST1299,At Risk,Online,1,750,0,750.0,450.0,300.0
14572,2026-05-27,East,Product D,Accessory,CUST1117,At Risk,Online,4,1200,5,4560.0,2880.0,1680.0
14573,2026-05-27,East,Product C,Accessory,CUST1309,Champions,Online,4,300,0,1200.0,720.0,480.0
14574,2026-05-27,South,Product D,Accessory,CUST1512,Champions,Retail Store,3,1200,10,3240.0,2160.0,1080.0
14575,2026-05-27,West,Product B,Core,CUST1214,At Risk,Retail Store,4,750,15,2550.0,1800.0,750.0
14576,2026-05-27,South,Product C,Accessory,CUST1127,Champions,Retail Store,3,300,10,810.0,540.0,270.0
14577,2026-05-27,East,Product B,Core,CUST1259,New,Retail Store,4,750,5,2850.0,1800.0,1050.0
14578,2026-05-27,West,Product C,Accessory,CUST1502,Lost,Retail Store,2,300,10,540.0,360.0,180.0
14579,2026-05-27,East,Product A,Core,CUST1183,Loyal,Retail Store,2,500,15,850.0,600.0,250.0
14580,2026-05-27,South,Product D,Accessory,CUST1521,Loyal,Online,2,1200,10,2160.0,1440.0,720.0
14581,2026-05-27,North,Product A,Core,CUST1348,New,Online,4,500,5,1900.0,1200.0,700.0
14582,2026-05-27,East,Product B,Core,CUST1031,Lost,Online,2,750,5,1425.0,900.0,525.0
14583,2026-05-27,West,Product B,Core,CUST1433,At Risk,Partner,4,750,0,3000.0,1800.0,1200.0
14584,2026-05-27,East,Product D,Accessory,CUST1326,At Risk,Online,1,1200,10,1080.0,720.0,360.0
14585,2026-05-27,West,Product A,Core,CUST1218,Lost,Online,2,500,20,800.0,600.0,200.0
14586,2026-05-27,East,Product B,Core,CUST1409,Lost,Online,4,750,0,3000.0,1800.0,1200.0
14587,2026-05-27,North,Product B,Core,CUST1019,At Risk,Retail Store,1,750,10,675.0,450.0,225.0
14588,2026-05-27,South,Product B,Core,CUST1537,Loyal,Partner,1,750,15,637.5,450.0,187.5
14589,2026-05-27,East,Product B,Core,CUST1277,New,Retail Store,1,750,20,600.0,450.0,150.0
14590,2026-05-27,North,Product B,Core,CUST1013,At Risk,Online,3,750,10,2025.0,1350.0,675.0
14591,2026-05-27,West,Product B,Core,CUST1238,Champions,Retail Store,3,750,0,2250.0,1350.0,900.0
14592,2026-05-27,North,Product C,Accessory,CUST1107,Loyal,Online,3,300,0,900.0,540.0,360.0
14593,2026-05-27,South,Product A,Core,CUST1282,Loyal,Partner,4,500,10,1800.0,1200.0,600.0
14594,2026-05-27,West,Product D,Accessory,CUST1420,At Risk,Retail Store,3,1200,10,3240.0,2160.0,1080.0
14595,2026-05-27,East,Product B,Core,CUST1285,New,Retail Store,1,750,10,675.0,450.0,225.0
14596,2026-05-27,South,Product B,Core,CUST1533,At Risk,Retail Store,4,750,0,3000.0,1800.0,1200.0
14597,2026-05-27,South,Product D,Accessory,CUST1273,New,Retail Store,1,1200,0,1200.0,720.0,480.0
14598,2026-05-27,West,Product B,Core,CUST1263,Champions,Retail Store,3,750,10,2025.0,1350.0,675.0
14599,2026-05-27,North,Product A,Core,CUST1517,At Risk,Retail Store,1,500,0,500.0,300.0,200.0
14600,2026-05-27,East,Product A,Core,CUST1397,Loyal,Online,2,500,10,900.0,600.0,300.0
14601,2026-05-27,North,Product D,Accessory,CUST1575,New,Retail Store,3,1200,10,3240.0,2160.0,1080.0
14602,2026-05-27,West,Product B,Core,CUST1316,Loyal,Online,2,750,0,1500.0,900.0,600.0
14603,2026-05-27,East,Product A,Core,CUST1018,At Risk,Online,4,500,5,1900.0,1200.0,700.0
14604,2026-05-27,West,Product B,Core,CUST1445,At Risk,Online,1,750,10,675.0,450.0,225.0
14605,2026-05-28,West,Product A,Core,CUST1564,At Risk,Online,1,500,10,450.0,300.0,150.0
14606,2026-05-28,North,Product A,Core,CUST1060,At Risk,Online,4,500,0,2000.0,1200.0,800.0
14607,2026-05-28,North,Product A,Core,CUST1284,New,Online,2,500,5,950.0,600.0,350.0
14608,2026-05-28,East,Product C,Accessory,CUST1477,At Risk,Partner,4,300,5,1140.0,720.0,420.0
14609,2026-05-28,North,Product A,Core,CUST1471,New,Retail Store,1,500,0,500.0,300.0,200.0
14610,2026-05-28,North,Product D,Accessory,CUST1558,New,Online,3,1200,10,3240.0,2160.0,1080.0
14611,2026-05-28,South,Product B,Core,CUST1059,Champions,Online,3,750,10,2025.0,1350.0,675.0
14612,2026-05-28,East,Product C,Accessory,CUST1119,At Risk,Online,4,300,0,1200.0,720.0,480.0
14613,2026-05-28,East,Product A,Core,CUST1144,New,Online,3,500,0,1500.0,900.0,600.0
14614,2026-05-28,North,Product C,Accessory,CUST1004,Champions,Online,1,300,0,300.0,180.0,120.0
14615,2026-05-28,East,Product D,Accessory,CUST1472,Champions,Retail Store,3,1200,0,3600.0,2160.0,1440.0
14616,2026-05-28,West,Product D,Accessory,CUST1340,Champions,Online,4,1200,0,4800.0,2880.0,1920.0
14617,2026-05-28,North,Product A,Core,CUST1324,At Risk,Retail Store,1,500,0,500.0,300.0,200.0
14618,2026-05-28,West,Product D,Accessory,CUST1413,Lost,Online,1,1200,10,1080.0,720.0,360.0
14619,2026-05-28,West,Product B,Core,CUST1026,New,Retail Store,2,750,0,1500.0,900.0,600.0
14620,2026-05-28,South,Product D,Accessory,CUST1072,Lost,Online,3,1200,10,3240.0,2160.0,1080.0
14621,2026-05-28,East,Product A,Core,CUST1143,New,Online,2,500,20,800.0,600.0,200.0
14622,2026-05-28,North,Product C,Accessory,CUST1359,New,Retail Store,3,300,20,720.0,540.0,180.0
14623,2026-05-28,West,Product B,Core,CUST1527,Lost,Online,2,750,0,1500.0,900.0,600.0
14624,2026-05-28,South,Product A,Core,CUST1045,At Risk,Online,4,500,0,2000.0,1200.0,800.0
14625,2026-05-28,East,Product B,Core,CUST1399,New,Retail Store,4,750,0,3000.0,1800.0,1200.0
14626,2026-05-28,North,Product C,Accessory,CUST1567,Champions,Retail Store,1,300,0,300.0,180.0,120.0
14627,2026-05-28,East,Product B,Core,CUST1327,New,Online,2,750,20,1200.0,900.0,300.0
14628,2026-05-28,South,Product C,Accessory,CUST1290,At Risk,Online,2,300,5,570.0,360.0,210.0
14629,2026-05-28,East,Product C,Accessory,CUST1141,New,Online,4,300,5,1140.0,720.0,420.0
14630,2026-05-28,North,Product C,Accessory,CUST1138,At Risk,Online,1,300,0,300.0,180.0,120.0
14631,2026-05-28,East,Product D,Accessory,CUST1462,Lost,Online,2,1200,20,1920.0,1440.0,480.0
14632,2026-05-28,East,Product A,Core,CUST1073,Loyal,Online,4,500,10,1800.0,1200.0,600.0
14633,2026-05-28,East,Product A,Core,CUST1097,Champions,Online,4,500,15,1700.0,1200.0,500.0
14634,2026-05-28,West,Product D,Accessory,CUST1070,Loyal,Online,1,1200,0,1200.0,720.0,480.0
14635,2026-05-28,South,Product B,Core,CUST1146,Loyal,Online,3,750,0,2250.0,1350.0,900.0
14636,2026-05-28,South,Product C,Accessory,CUST1055,At Risk,Retail Store,2,300,10,540.0,360.0,180.0
14637,2026-05-28,East,Product C,Accessory,CUST1447,At Risk,Partner,4,300,0,1200.0,720.0,480.0
14638,2026-05-28,South,Product C,Accessory,CUST1403,Champions,Online,1,300,10,270.0,180.0,90.0
14639,2026-05-28,North,Product B,Core,CUST1065,New,Online,4,750,10,2700.0,1800.0,900.0
14640,2026-05-28,East,Product B,Core,CUST1523,At Risk,Retail Store,1,750,15,637.5,450.0,187.5
14641,2026-05-28,East,Product A,Core,CUST1400,Loyal,Partner,3,500,15,1275.0,900.0,375.0
14642,2026-05-28,East,Product A,Core,CUST1323,New,Retail Store,3,500,5,1425.0,900.0,525.0
14643,2026-05-28,North,Product D,Accessory,CUST1277,New,Online,3,1200,0,3600.0,2160.0,1440.0
14644,2026-05-28,South,Product A,Core,CUST1453,Loyal,Online,3,500,0,1500.0,900.0,600.0
14645,2026-05-28,North,Product B,Core,CUST1422,Champions,Online,2,750,10,1350.0,900.0,450.0
14646,2026-05-28,North,Product B,Core,CUST1322,Loyal,Online,1,750,5,712.5,450.0,262.5
14647,2026-05-28,South,Product A,Core,CUST1391,Champions,Online,4,500,0,2000.0,1200.0,800.0
14648,2026-05-28,North,Product D,Accessory,CUST1051,Champions,Online,4,1200,10,4320.0,2880.0,1440.0
14649,2026-05-28,South,Product A,Core,CUST1026,New,Online,2,500,0,1000.0,600.0,400.0
14650,2026-05-28,East,Product C,Accessory,CUST1076,Loyal,Online,3,300,0,900.0,540.0,360.0
14651,2026-05-28,West,Product A,Core,CUST1267,Loyal,Online,2,500,0,1000.0,600.0,400.0
14652,2026-05-28,South,Product A,Core,CUST1206,Champions,Online,3,500,10,1350.0,900.0,450.0
14653,2026-05-28,East,Product A,Core,CUST1518,Champions,Partner,4,500,0,2000.0,1200.0,800.0
14654,2026-05-28,East,Product B,Core,CUST1024,At Risk,Online,3,750,0,2250.0,1350.0,900.0
14655,2026-05-28,North,Product B,Core,CUST1248,Loyal,Online,4,750,5,2850.0,1800.0,1050.0
14656,2026-05-28,East,Product C,Accessory,CUST1482,New,Online,2,300,0,600.0,360.0,240.0
14657,2026-05-28,West,Product A,Core,CUST1401,Lost,Online,2,500,0,1000.0,600.0,400.0
14658,2026-05-28,South,Product D,Accessory,CUST1289,Champions,Online,1,1200,0,1200.0,720.0,480.0
14659,2026-05-28,North,Product D,Accessory,CUST1382,At Risk,Partner,3,1200,5,3420.0,2160.0,1260.0
14660,2026-05-28,East,Product B,Core,CUST1129,New,Retail Store,3,750,5,2137.5,1350.0,787.5
14661,2026-05-28,East,Product A,Core,CUST1480,New,Online,3,500,5,1425.0,900.0,525.0
14662,2026-05-28,South,Product C,Accessory,CUST1368,Loyal,Online,4,300,0,1200.0,720.0,480.0
14663,2026-05-28,North,Product A,Core,CUST1254,Loyal,Retail Store,2,500,0,1000.0,600.0,400.0
14664,2026-05-29,East,Product B,Core,CUST1145,Loyal,Online,3,750,0,2250.0,1350.0,900.0
14665,2026-05-29,East,Product D,Accessory,CUST1075,Loyal,Retail Store,3,1200,0,3600.0,2160.0,1440.0
14666,2026-05-29,East,Product C,Accessory,CUST1246,At Risk,Online,2,300,0,600.0,360.0,240.0
14667,2026-05-29,North,Product A,Core,CUST1163,Champions,Retail Store,3,500,15,1275.0,900.0,375.0
14668,2026-05-29,West,Product B,Core,CUST1285,New,Retail Store,4,750,20,2400.0,1800.0,600.0
14669,2026-05-29,South,Product A,Core,CUST1138,At Risk,Retail Store,1,500,20,400.0,300.0,100.0
14670,2026-05-29,South,Product B,Core,CUST1114,Loyal,Retail Store,2,750,5,1425.0,900.0,525.0
14671,2026-05-29,East,Product A,Core,CUST1216,Champions,Partner,4,500,5,1900.0,1200.0,700.0
14672,2026-05-29,East,Product C,Accessory,CUST1077,At Risk,Online,1,300,10,270.0,180.0,90.0
14673,2026-05-29,East,Product C,Accessory,CUST1054,At Risk,Retail Store,3,300,0,900.0,540.0,360.0
14674,2026-05-29,North,Product A,Core,CUST1017,Champions,Retail Store,2,500,5,950.0,600.0,350.0
14675,2026-05-29,East,Product A,Core,CUST1019,At Risk,Partner,2,500,0,1000.0,600.0,400.0
14676,2026-05-29,East,Product A,Core,CUST1452,At Risk,Retail Store,2,500,10,900.0,600.0,300.0
14677,2026-05-29,East,Product D,Accessory,CUST1113,New,Retail Store,4,1200,0,4800.0,2880.0,1920.0
14678,2026-05-29,South,Product B,Core,CUST1373,Loyal,Online,3,750,0,2250.0,1350.0,900.0
14679,2026-05-29,North,Product B,Core,CUST1422,Champions,Retail Store,4,750,0,3000.0,1800.0,1200.0
14680,2026-05-29,East,Product C,Accessory,CUST1167,At Risk,Online,3,300,5,855.0,540.0,315.0
14681,2026-05-29,North,Product A,Core,CUST1345,At Risk,Online,1,500,0,500.0,300.0,200.0
14682,2026-05-29,North,Product C,Accessory,CUST1212,Loyal,Online,4,300,5,1140.0,720.0,420.0
14683,2026-05-29,East,Product C,Accessory,CUST1018,At Risk,Partner,1,300,10,270.0,180.0,90.0
14684,2026-05-29,East,Product A,Core,CUST1115,Lost,Online,4,500,0,2000.0,1200.0,800.0
14685,2026-05-29,South,Product A,Core,CUST1596,At Risk,Online,1,500,0,500.0,300.0,200.0
14686,2026-05-29,South,Product C,Accessory,CUST1334,Champions,Retail Store,3,300,0,900.0,540.0,360.0
14687,2026-05-29,South,Product C,Accessory,CUST1112,Loyal,Online,3,300,15,765.0,540.0,225.0
14688,2026-05-29,East,Product D,Accessory,CUST1233,New,Online,3,1200,15,3060.0,2160.0,900.0
14689,2026-05-29,West,Product C,Accessory,CUST1064,At Risk,Partner,4,300,10,1080.0,720.0,360.0
14690,2026-05-29,North,Product B,Core,CUST1292,Lost,Retail Store,3,750,20,1800.0,1350.0,450.0
14691,2026-05-29,South,Product A,Core,CUST1035,Loyal,Online,3,500,0,1500.0,900.0,600.0
14692,2026-05-29,East,Product D,Accessory,CUST1373,Loyal,Online,2,1200,5,2280.0,1440.0,840.0
14693,2026-05-29,East,Product B,Core,CUST1553,Lost,Retail Store,2,750,0,1500.0,900.0,600.0
14694,2026-05-29,East,Product C,Accessory,CUST1170,Loyal,Retail Store,1,300,0,300.0,180.0,120.0
14695,2026-05-29,North,Product A,Core,CUST1434,Champions,Retail Store,1,500,10,450.0,300.0,150.0
14696,2026-05-29,East,Product B,Core,CUST1139,Champions,Retail Store,4,750,10,2700.0,1800.0,900.0
14697,2026-05-29,West,Product B,Core,CUST1295,Lost,Online,1,750,10,675.0,450.0,225.0
14698,2026-05-29,East,Product D,Accessory,CUST1551,Loyal,Partner,1,1200,5,1140.0,720.0,420.0
14699,2026-05-29,East,Product A,Core,CUST1132,New,Online,2,500,0,1000.0,600.0,400.0
14700,2026-05-29,North,Product A,Core,CUST1358,New,Partner,3,500,0,1500.0,900.0,600.0
14701,2026-05-29,East,Product C,Accessory,CUST1477,At Risk,Partner,3,300,0,900.0,540.0,360.0
14702,2026-05-29,South,Product D,Accessory,CUST1477,At Risk,Retail Store,3,1200,15,3060.0,2160.0,900.0
14703,2026-05-29,South,Product A,Core,CUST1191,Loyal,Retail Store,1,500,15,425.0,300.0,125.0
14704,2026-05-29,North,Product B,Core,CUST1056,New,Online,3,750,15,1912.5,1350.0,562.5
14705,2026-05-29,East,Product A,Core,CUST1171,New,Retail Store,3,500,0,1500.0,900.0,600.0
14706,2026-05-29,North,Product C,Accessory,CUST1406,Loyal,Retail Store,3,300,10,810.0,540.0,270.0
14707,2026-05-29,East,Product A,Core,CUST1262,Loyal,Online,2,500,10,900.0,600.0,300.0
14708,2026-05-29,North,Product D,Accessory,CUST1176,New,Retail Store,2,1200,10,2160.0,1440.0,720.0
14709,2026-05-29,East,Product C,Accessory,CUST1309,Champions,Online,4,300,0,1200.0,720.0,480.0
14710,2026-05-29,North,Product B,Core,CUST1539,At Risk,Online,4,750,15,2550.0,1800.0,750.0
14711,2026-05-29,South,Product D,Accessory,CUST1216,Champions,Partner,3,1200,5,3420.0,2160.0,1260.0
14712,2026-05-29,South,Product C,Accessory,CUST1451,Lost,Online,2,300,5,570.0,360.0,210.0
14713,2026-05-29,West,Product C,Accessory,CUST1460,New,Retail Store,1,300,5,285.0,180.0,105.0
14714,2026-05-29,North,Product A,Core,CUST1339,Lost,Retail Store,1,500,0,500.0,300.0,200.0
14715,2026-05-29,South,Product D,Accessory,CUST1047,Loyal,Online,3,1200,10,3240.0,2160.0,1080.0
14716,2026-05-29,North,Product D,Accessory,CUST1014,New,Online,1,1200,0,1200.0,720.0,480.0
14717,2026-05-29,North,Product C,Accessory,CUST1069,New,Online,2,300,10,540.0,360.0,180.0
14718,2026-05-29,West,Product A,Core,CUST1381,Lost,Retail Store,4,500,5,1900.0,1200.0,700.0
14719,2026-05-29,North,Product B,Core,CUST1179,At Risk,Retail Store,1,750,0,750.0,450.0,300.0
14720,2026-05-29,West,Product B,Core,CUST1545,New,Partner,3,750,5,2137.5,1350.0,787.5
14721,2026-05-29,East,Product A,Core,CUST1072,Lost,Retail Store,2,500,0,1000.0,600.0,400.0
14722,2026-05-29,North,Product B,Core,CUST1564,At Risk,Online,4,750,5,2850.0,1800.0,1050.0
14723,2026-05-29,East,Product D,Accessory,CUST1522,Loyal,Retail Store,2,1200,10,2160.0,1440.0,720.0
14724,2026-05-29,East,Product B,Core,CUST1321,New,Retail Store,1,750,5,712.5,450.0,262.5
14725,2026-05-29,North,Product A,Core,CUST1080,At Risk,Online,1,500,0,500.0,300.0,200.0
14726,2026-05-29,North,Product A,Core,CUST1390,At Risk,Online,4,500,10,1800.0,1200.0,600.0
14727,2026-05-29,South,Product A,Core,CUST1334,Champions,Online,3,500,5,1425.0,900.0,525.0
14728,2026-05-29,North,Product B,Core,CUST1028,Loyal,Online,1,750,5,712.5,450.0,262.5
14729,2026-05-29,North,Product C,Accessory,CUST1510,Champions,Retail Store,3,300,20,720.0,540.0,180.0
14730,2026-05-29,North,Product C,Accessory,CUST1313,Loyal,Online,2,300,20,480.0,360.0,120.0
14731,2026-05-29,East,Product A,Core,CUST1549,New,Online,3,500,5,1425.0,900.0,525.0
14732,2026-05-29,South,Product A,Core,CUST1436,Champions,Partner,1,500,0,500.0,300.0,200.0
14733,2026-05-29,South,Product A,Core,CUST1589,Champions,Online,2,500,10,900.0,600.0,300.0
14734,2026-05-29,North,Product A,Core,CUST1244,At Risk,Online,1,500,0,500.0,300.0,200.0
14735,2026-05-29,East,Product B,Core,CUST1514,Loyal,Online,1,750,0,750.0,450.0,300.0
14736,2026-05-29,South,Product C,Accessory,CUST1470,New,Online,1,300,5,285.0,180.0,105.0
14737,2026-05-29,North,Product B,Core,CUST1158,At Risk,Retail Store,3,750,5,2137.5,1350.0,787.5
14738,2026-05-29,East,Product B,Core,CUST1366,At Risk,Retail Store,3,750,0,2250.0,1350.0,900.0
14739,2026-05-29,East,Product B,Core,CUST1558,New,Online,1,750,5,712.5,450.0,262.5
14740,2026-05-30,West,Product C,Accessory,CUST1366,At Risk,Retail Store,2,300,5,570.0,360.0,210.0
14741,2026-05-30,East,Product D,Accessory,CUST1335,At Risk,Online,4,1200,0,4800.0,2880.0,1920.0
14742,2026-05-30,East,Product B,Core,CUST1511,At Risk,Online,3,750,5,2137.5,1350.0,787.5
14743,2026-05-30,West,Product C,Accessory,CUST1227,New,Retail Store,2,300,5,570.0,360.0,210.0
14744,2026-05-30,South,Product A,Core,CUST1216,Champions,Retail Store,3,500,5,1425.0,900.0,525.0
14745,2026-05-30,West,Product D,Accessory,CUST1057,New,Partner,4,1200,5,4560.0,2880.0,1680.0
14746,2026-05-30,West,Product D,Accessory,CUST1581,New,Online,3,1200,0,3600.0,2160.0,1440.0
14747,2026-05-30,South,Product C,Accessory,CUST1152,Champions,Retail Store,3,300,10,810.0,540.0,270.0
14748,2026-05-30,North,Product A,Core,CUST1515,Loyal,Online,3,500,15,1275.0,900.0,375.0
14749,2026-05-30,South,Product B,Core,CUST1010,Loyal,Retail Store,4,750,20,2400.0,1800.0,600.0
14750,2026-05-30,South,Product A,Core,CUST1523,At Risk,Retail Store,3,500,20,1200.0,900.0,300.0
14751,2026-05-30,North,Product B,Core,CUST1124,Champions,Retail Store,3,750,15,1912.5,1350.0,562.5
14752,2026-05-30,East,Product D,Accessory,CUST1396,At Risk,Online,4,1200,20,3840.0,2880.0,960.0
14753,2026-05-30,South,Product D,Accessory,CUST1211,New,Retail Store,1,1200,0,1200.0,720.0,480.0
14754,2026-05-30,North,Product D,Accessory,CUST1274,At Risk,Online,2,1200,5,2280.0,1440.0,840.0
14755,2026-05-30,East,Product D,Accessory,CUST1302,New,Online,2,1200,10,2160.0,1440.0,720.0
14756,2026-05-30,East,Product A,Core,CUST1087,New,Online,3,500,0,1500.0,900.0,600.0
14757,2026-05-30,South,Product D,Accessory,CUST1554,Champions,Online,2,1200,15,2040.0,1440.0,600.0
14758,2026-05-30,South,Product D,Accessory,CUST1569,New,Online,4,1200,0,4800.0,2880.0,1920.0
14759,2026-05-30,North,Product A,Core,CUST1369,Lost,Online,1,500,10,450.0,300.0,150.0
14760,2026-05-30,North,Product B,Core,CUST1042,At Risk,Online,1,750,5,712.5,450.0,262.5
14761,2026-05-30,East,Product B,Core,CUST1293,Champions,Online,4,750,0,3000.0,1800.0,1200.0
14762,2026-05-30,South,Product B,Core,CUST1583,Loyal,Retail Store,1,750,0,750.0,450.0,300.0
14763,2026-05-30,West,Product A,Core,CUST1098,Champions,Online,4,500,0,2000.0,1200.0,800.0
14764,2026-05-30,North,Product C,Accessory,CUST1576,Lost,Retail Store,4,300,0,1200.0,720.0,480.0
14765,2026-05-30,East,Product D,Accessory,CUST1073,Loyal,Retail Store,2,1200,5,2280.0,1440.0,840.0
14766,2026-05-30,South,Product B,Core,CUST1351,Loyal,Online,1,750,20,600.0,450.0,150.0
14767,2026-05-30,South,Product A,Core,CUST1308,Loyal,Online,1,500,10,450.0,300.0,150.0
14768,2026-05-30,North,Product A,Core,CUST1180,Lost,Online,3,500,10,1350.0,900.0,450.0
14769,2026-05-30,North,Product B,Core,CUST1022,Lost,Online,1,750,0,750.0,450.0,300.0
14770,2026-05-30,North,Product A,Core,CUST1109,Lost,Retail Store,4,500,0,2000.0,1200.0,800.0
14771,2026-05-30,West,Product C,Accessory,CUST1254,Loyal,Online,1,300,5,285.0,180.0,105.0
14772,2026-05-30,East,Product B,Core,CUST1506,Loyal,Retail Store,1,750,5,712.5,450.0,262.5
14773,2026-05-30,South,Product A,Core,CUST1370,At Risk,Retail Store,2,500,5,950.0,600.0,350.0
14774,2026-05-30,West,Product C,Accessory,CUST1350,At Risk,Online,4,300,0,1200.0,720.0,480.0
14775,2026-05-30,West,Product C,Accessory,CUST1122,Champions,Retail Store,4,300,5,1140.0,720.0,420.0
14776,2026-05-30,North,Product B,Core,CUST1528,At Risk,Partner,3,750,5,2137.5,1350.0,787.5
14777,2026-05-30,North,Product B,Core,CUST1395,New,Retail Store,4,750,0,3000.0,1800.0,1200.0
14778,2026-05-30,West,Product C,Accessory,CUST1056,New,Retail Store,1,300,0,300.0,180.0,120.0
14779,2026-05-30,East,Product A,Core,CUST1448,Champions,Retail Store,1,500,5,475.0,300.0,175.0
14780,2026-05-30,North,Product C,Accessory,CUST1584,Lost,Retail Store,2,300,0,600.0,360.0,240.0
14781,2026-05-30,West,Product B,Core,CUST1375,Champions,Online,1,750,0,750.0,450.0,300.0
14782,2026-05-30,South,Product B,Core,CUST1017,Champions,Online,3,750,0,2250.0,1350.0,900.0
14783,2026-05-30,North,Product C,Accessory,CUST1545,New,Online,2,300,5,570.0,360.0,210.0
14784,2026-05-30,East,Product B,Core,CUST1419,Lost,Retail Store,3,750,0,2250.0,1350.0,900.0
14785,2026-05-30,North,Product C,Accessory,CUST1091,At Risk,Online,2,300,5,570.0,360.0,210.0
14786,2026-05-30,West,Product B,Core,CUST1441,Loyal,Retail Store,2,750,20,1200.0,900.0,300.0
14787,2026-05-30,East,Product B,Core,CUST1018,At Risk,Partner,1,750,0,750.0,450.0,300.0
14788,2026-05-30,South,Product B,Core,CUST1543,Lost,Retail Store,1,750,0,750.0,450.0,300.0
14789,2026-05-30,West,Product D,Accessory,CUST1161,Lost,Online,2,1200,15,2040.0,1440.0,600.0
14790,2026-05-30,South,Product D,Accessory,CUST1362,Champions,Retail Store,1,1200,5,1140.0,720.0,420.0
14791,2026-05-30,South,Product C,Accessory,CUST1357,At Risk,Online,1,300,0,300.0,180.0,120.0
14792,2026-05-30,North,Product A,Core,CUST1409,Lost,Online,2,500,0,1000.0,600.0,400.0
14793,2026-05-30,West,Product A,Core,CUST1591,New,Online,3,500,0,1500.0,900.0,600.0
14794,2026-05-30,South,Product B,Core,CUST1268,Champions,Retail Store,3,750,0,2250.0,1350.0,900.0
14795,2026-05-30,West,Product A,Core,CUST1351,Loyal,Retail Store,4,500,0,2000.0,1200.0,800.0
14796,2026-05-30,South,Product B,Core,CUST1130,Loyal,Partner,3,750,15,1912.5,1350.0,562.5
14797,2026-05-30,North,Product A,Core,CUST1216,Champions,Partner,3,500,10,1350.0,900.0,450.0
14798,2026-05-30,South,Product D,Accessory,CUST1079,At Risk,Retail Store,4,1200,5,4560.0,2880.0,1680.0
14799,2026-05-31,East,Product A,Core,CUST1391,Champions,Retail Store,4,500,5,1900.0,1200.0,700.0
14800,2026-05-31,East,Product A,Core,CUST1215,At Risk,Online,2,500,15,850.0,600.0,250.0
14801,2026-05-31,East,Product C,Accessory,CUST1511,At Risk,Partner,2,300,0,600.0,360.0,240.0
14802,2026-05-31,South,Product D,Accessory,CUST1460,New,Partner,3,1200,5,3420.0,2160.0,1260.0
14803,2026-05-31,North,Product B,Core,CUST1209,New,Online,4,750,0,3000.0,1800.0,1200.0
14804,2026-05-31,West,Product D,Accessory,CUST1045,At Risk,Online,2,1200,0,2400.0,1440.0,960.0
14805,2026-05-31,North,Product C,Accessory,CUST1446,Lost,Online,2,300,10,540.0,360.0,180.0
14806,2026-05-31,South,Product D,Accessory,CUST1137,New,Online,2,1200,15,2040.0,1440.0,600.0
14807,2026-05-31,North,Product D,Accessory,CUST1515,Loyal,Partner,3,1200,0,3600.0,2160.0,1440.0
14808,2026-05-31,West,Product C,Accessory,CUST1327,New,Online,4,300,5,1140.0,720.0,420.0
14809,2026-05-31,South,Product A,Core,CUST1479,New,Retail Store,3,500,5,1425.0,900.0,525.0
14810,2026-05-31,North,Product C,Accessory,CUST1408,Champions,Online,4,300,15,1020.0,720.0,300.0
14811,2026-05-31,North,Product C,Accessory,CUST1212,Loyal,Retail Store,4,300,5,1140.0,720.0,420.0
14812,2026-05-31,East,Product B,Core,CUST1341,Lost,Online,1,750,5,712.5,450.0,262.5
14813,2026-05-31,West,Product B,Core,CUST1080,At Risk,Online,4,750,15,2550.0,1800.0,750.0
14814,2026-05-31,South,Product A,Core,CUST1466,At Risk,Retail Store,4,500,5,1900.0,1200.0,700.0
14815,2026-05-31,South,Product D,Accessory,CUST1143,New,Online,3,1200,5,3420.0,2160.0,1260.0
14816,2026-05-31,North,Product C,Accessory,CUST1371,Loyal,Online,4,300,0,1200.0,720.0,480.0
14817,2026-05-31,North,Product D,Accessory,CUST1254,Loyal,Online,4,1200,0,4800.0,2880.0,1920.0
14818,2026-05-31,East,Product A,Core,CUST1343,New,Partner,2,500,5,950.0,600.0,350.0
14819,2026-05-31,West,Product A,Core,CUST1058,Champions,Retail Store,2,500,10,900.0,600.0,300.0
14820,2026-05-31,East,Product B,Core,CUST1465,At Risk,Retail Store,2,750,0,1500.0,900.0,600.0
14821,2026-05-31,South,Product A,Core,CUST1383,New,Online,1,500,0,500.0,300.0,200.0
14822,2026-05-31,West,Product D,Accessory,CUST1474,Loyal,Online,1,1200,10,1080.0,720.0,360.0
14823,2026-05-31,North,Product C,Accessory,CUST1331,Loyal,Retail Store,1,300,10,270.0,180.0,90.0
14824,2026-05-31,South,Product A,Core,CUST1075,Loyal,Online,2,500,20,800.0,600.0,200.0
14825,2026-05-31,South,Product A,Core,CUST1241,At Risk,Online,3,500,15,1275.0,900.0,375.0
14826,2026-05-31,West,Product A,Core,CUST1548,At Risk,Retail Store,3,500,0,1500.0,900.0,600.0
14827,2026-05-31,East,Product B,Core,CUST1371,Loyal,Retail Store,2,750,10,1350.0,900.0,450.0
14828,2026-05-31,South,Product C,Accessory,CUST1186,Loyal,Retail Store,2,300,0,600.0,360.0,240.0
14829,2026-05-31,South,Product B,Core,CUST1456,Lost,Online,2,750,0,1500.0,900.0,600.0
14830,2026-05-31,South,Product B,Core,CUST1387,Lost,Partner,3,750,20,1800.0,1350.0,450.0
14831,2026-05-31,West,Product A,Core,CUST1591,New,Online,2,500,0,1000.0,600.0,400.0
14832,2026-05-31,West,Product D,Accessory,CUST1132,New,Retail Store,3,1200,10,3240.0,2160.0,1080.0
14833,2026-05-31,South,Product A,Core,CUST1527,Lost,Retail Store,4,500,0,2000.0,1200.0,800.0
14834,2026-05-31,North,Product C,Accessory,CUST1056,New,Online,4,300,0,1200.0,720.0,480.0
14835,2026-05-31,West,Product B,Core,CUST1389,Lost,Partner,3,750,0,2250.0,1350.0,900.0
14836,2026-05-31,West,Product B,Core,CUST1305,New,Retail Store,1,750,5,712.5,450.0,262.5
14837,2026-05-31,South,Product A,Core,CUST1522,Loyal,Retail Store,1,500,0,500.0,300.0,200.0
14838,2026-05-31,East,Product B,Core,CUST1422,Champions,Online,1,750,15,637.5,450.0,187.5
14839,2026-05-31,West,Product B,Core,CUST1095,At Risk,Retail Store,1,750,5,712.5,450.0,262.5
14840,2026-05-31,South,Product C,Accessory,CUST1497,At Risk,Retail Store,2,300,5,570.0,360.0,210.0
14841,2026-05-31,South,Product D,Accessory,CUST1007,At Risk,Online,2,1200,0,2400.0,1440.0,960.0
14842,2026-05-31,East,Product B,Core,CUST1445,At Risk,Online,3,750,0,2250.0,1350.0,900.0
14843,2026-05-31,South,Product B,Core,CUST1266,Loyal,Retail Store,3,750,5,2137.5,1350.0,787.5
14844,2026-05-31,East,Product A,Core,CUST1219,Loyal,Online,3,500,10,1350.0,900.0,450.0
14845,2026-05-31,South,Product B,Core,CUST1256,At Risk,Online,4,750,15,2550.0,1800.0,750.0
14846,2026-05-31,South,Product B,Core,CUST1422,Champions,Online,2,750,10,1350.0,900.0,450.0
14847,2026-05-31,East,Product B,Core,CUST1347,Loyal,Retail Store,4,750,5,2850.0,1800.0,1050.0
14848,2026-05-31,North,Product A,Core,CUST1021,Loyal,Retail Store,4,500,5,1900.0,1200.0,700.0
14849,2026-05-31,North,Product A,Core,CUST1144,New,Online,1,500,5,475.0,300.0,175.0
14850,2026-06-01,North,Product C,Accessory,CUST1497,At Risk,Online,2,300,0,600.0,360.0,240.0
14851,2026-06-01,South,Product C,Accessory,CUST1280,Champions,Online,2,300,0,600.0,360.0,240.0
14852,2026-06-01,North,Product D,Accessory,CUST1111,Loyal,Online,3,1200,0,3600.0,2160.0,1440.0
14853,2026-06-01,South,Product A,Core,CUST1598,Lost,Retail Store,4,500,0,2000.0,1200.0,800.0
14854,2026-06-01,East,Product A,Core,CUST1357,At Risk,Online,1,500,0,500.0,300.0,200.0
14855,2026-06-01,North,Product D,Accessory,CUST1589,Champions,Online,2,1200,0,2400.0,1440.0,960.0
14856,2026-06-01,North,Product A,Core,CUST1346,Lost,Online,2,500,5,950.0,600.0,350.0
14857,2026-06-01,West,Product A,Core,CUST1422,Champions,Retail Store,3,500,5,1425.0,900.0,525.0
14858,2026-06-01,East,Product B,Core,CUST1076,Loyal,Online,4,750,10,2700.0,1800.0,900.0
14859,2026-06-01,West,Product B,Core,CUST1368,Loyal,Retail Store,4,750,10,2700.0,1800.0,900.0
14860,2026-06-01,East,Product B,Core,CUST1032,Loyal,Online,4,750,10,2700.0,1800.0,900.0
14861,2026-06-01,East,Product A,Core,CUST1170,Loyal,Online,2,500,0,1000.0,600.0,400.0
14862,2026-06-01,East,Product D,Accessory,CUST1345,At Risk,Online,3,1200,20,2880.0,2160.0,720.0
14863,2026-06-01,West,Product C,Accessory,CUST1164,New,Retail Store,2,300,5,570.0,360.0,210.0
14864,2026-06-01,North,Product B,Core,CUST1197,Lost,Online,3,750,5,2137.5,1350.0,787.5
14865,2026-06-01,North,Product A,Core,CUST1457,New,Retail Store,3,500,0,1500.0,900.0,600.0
14866,2026-06-01,North,Product A,Core,CUST1116,At Risk,Online,3,500,5,1425.0,900.0,525.0
14867,2026-06-01,West,Product B,Core,CUST1555,Loyal,Retail Store,1,750,0,750.0,450.0,300.0
14868,2026-06-01,North,Product B,Core,CUST1454,Champions,Retail Store,2,750,15,1275.0,900.0,375.0
14869,2026-06-01,East,Product B,Core,CUST1097,Champions,Retail Store,2,750,0,1500.0,900.0,600.0
14870,2026-06-01,South,Product D,Accessory,CUST1136,Lost,Online,2,1200,0,2400.0,1440.0,960.0
14871,2026-06-01,East,Product C,Accessory,CUST1188,At Risk,Online,1,300,5,285.0,180.0,105.0
14872,2026-06-01,East,Product A,Core,CUST1407,At Risk,Retail Store,2,500,0,1000.0,600.0,400.0
14873,2026-06-01,North,Product D,Accessory,CUST1469,New,Online,4,1200,5,4560.0,2880.0,1680.0
14874,2026-06-01,West,Product D,Accessory,CUST1176,New,Online,3,1200,0,3600.0,2160.0,1440.0
14875,2026-06-01,South,Product B,Core,CUST1056,New,Online,3,750,20,1800.0,1350.0,450.0
14876,2026-06-01,North,Product B,Core,CUST1325,At Risk,Retail Store,4,750,0,3000.0,1800.0,1200.0
14877,2026-06-01,South,Product B,Core,CUST1423,Champions,Retail Store,2,750,0,1500.0,900.0,600.0
14878,2026-06-01,South,Product B,Core,CUST1178,Lost,Online,2,750,10,1350.0,900.0,450.0
14879,2026-06-01,West,Product B,Core,CUST1245,Lost,Partner,3,750,0,2250.0,1350.0,900.0
14880,2026-06-01,North,Product B,Core,CUST1158,At Risk,Retail Store,2,750,0,1500.0,900.0,600.0
14881,2026-06-01,North,Product B,Core,CUST1166,At Risk,Online,2,750,0,1500.0,900.0,600.0
14882,2026-06-01,East,Product C,Accessory,CUST1204,Champions,Online,2,300,5,570.0,360.0,210.0
14883,2026-06-01,North,Product C,Accessory,CUST1241,At Risk,Online,4,300,10,1080.0,720.0,360.0
14884,2026-06-01,East,Product A,Core,CUST1315,Loyal,Online,4,500,15,1700.0,1200.0,500.0
14885,2026-06-01,West,Product A,Core,CUST1374,Loyal,Online,2,500,10,900.0,600.0,300.0
14886,2026-06-01,North,Product A,Core,CUST1393,At Risk,Online,3,500,10,1350.0,900.0,450.0
14887,2026-06-01,South,Product B,Core,CUST1428,Champions,Online,1,750,5,712.5,450.0,262.5
14888,2026-06-01,West,Product A,Core,CUST1165,Loyal,Retail Store,2,500,0,1000.0,600.0,400.0
14889,2026-06-01,West,Product B,Core,CUST1409,Lost,Online,1,750,15,637.5,450.0,187.5
14890,2026-06-01,West,Product B,Core,CUST1266,Loyal,Online,1,750,0,750.0,450.0,300.0
14891,2026-06-01,North,Product B,Core,CUST1164,New,Retail Store,2,750,0,1500.0,900.0,600.0
14892,2026-06-01,East,Product C,Accessory,CUST1596,At Risk,Retail Store,1,300,10,270.0,180.0,90.0
14893,2026-06-02,West,Product B,Core,CUST1333,Lost,Online,1,750,10,675.0,450.0,225.0
14894,2026-06-02,East,Product C,Accessory,CUST1513,Loyal,Retail Store,3,300,0,900.0,540.0,360.0
14895,2026-06-02,West,Product A,Core,CUST1210,At Risk,Partner,2,500,20,800.0,600.0,200.0
14896,2026-06-02,South,Product B,Core,CUST1024,At Risk,Retail Store,1,750,0,750.0,450.0,300.0
14897,2026-06-02,South,Product D,Accessory,CUST1514,Loyal,Partner,4,1200,10,4320.0,2880.0,1440.0
14898,2026-06-02,North,Product A,Core,CUST1492,At Risk,Online,2,500,0,1000.0,600.0,400.0
14899,2026-06-02,West,Product B,Core,CUST1060,At Risk,Retail Store,2,750,0,1500.0,900.0,600.0
14900,2026-06-02,East,Product B,Core,CUST1527,Lost,Online,1,750,0,750.0,450.0,300.0
14901,2026-06-02,South,Product A,Core,CUST1474,Loyal,Partner,3,500,0,1500.0,900.0,600.0
14902,2026-06-02,West,Product C,Accessory,CUST1142,Lost,Retail Store,2,300,20,480.0,360.0,120.0
14903,2026-06-02,West,Product B,Core,CUST1319,Lost,Online,1,750,5,712.5,450.0,262.5
14904,2026-06-02,South,Product C,Accessory,CUST1365,New,Online,4,300,15,1020.0,720.0,300.0
14905,2026-06-02,North,Product A,Core,CUST1308,Loyal,Online,4,500,20,1600.0,1200.0,400.0
14906,2026-06-02,West,Product C,Accessory,CUST1564,At Risk,Online,1,300,0,300.0,180.0,120.0
14907,2026-06-02,North,Product D,Accessory,CUST1264,Lost,Retail Store,1,1200,5,1140.0,720.0,420.0
14908,2026-06-02,North,Product A,Core,CUST1297,At Risk,Partner,1,500,10,450.0,300.0,150.0
14909,2026-06-02,North,Product C,Accessory,CUST1562,At Risk,Online,3,300,15,765.0,540.0,225.0
14910,2026-06-02,West,Product D,Accessory,CUST1482,New,Online,2,1200,0,2400.0,1440.0,960.0
14911,2026-06-02,North,Product A,Core,CUST1510,Champions,Retail Store,2,500,5,950.0,600.0,350.0
14912,2026-06-02,West,Product A,Core,CUST1103,Lost,Retail Store,1,500,5,475.0,300.0,175.0
14913,2026-06-02,South,Product D,Accessory,CUST1548,At Risk,Retail Store,1,1200,15,1020.0,720.0,300.0
14914,2026-06-02,South,Product B,Core,CUST1085,Champions,Online,1,750,5,712.5,450.0,262.5
14915,2026-06-02,East,Product D,Accessory,CUST1361,Champions,Online,3,1200,10,3240.0,2160.0,1080.0
14916,2026-06-02,South,Product C,Accessory,CUST1506,Loyal,Retail Store,2,300,15,510.0,360.0,150.0
14917,2026-06-02,North,Product B,Core,CUST1275,Loyal,Online,3,750,0,2250.0,1350.0,900.0
14918,2026-06-02,North,Product C,Accessory,CUST1191,Loyal,Online,3,300,15,765.0,540.0,225.0
14919,2026-06-02,West,Product B,Core,CUST1205,Loyal,Online,1,750,15,637.5,450.0,187.5
14920,2026-06-02,East,Product B,Core,CUST1334,Champions,Retail Store,2,750,5,1425.0,900.0,525.0
14921,2026-06-02,East,Product C,Accessory,CUST1147,New,Retail Store,2,300,0,600.0,360.0,240.0
14922,2026-06-02,North,Product A,Core,CUST1362,Champions,Online,2,500,5,950.0,600.0,350.0
14923,2026-06-02,South,Product B,Core,CUST1074,Champions,Online,4,750,0,3000.0,1800.0,1200.0
14924,2026-06-02,North,Product B,Core,CUST1222,At Risk,Online,4,750,0,3000.0,1800.0,1200.0
14925,2026-06-02,West,Product B,Core,CUST1585,At Risk,Retail Store,3,750,0,2250.0,1350.0,900.0
14926,2026-06-02,East,Product C,Accessory,CUST1173,Lost,Retail Store,2,300,5,570.0,360.0,210.0
14927,2026-06-02,South,Product C,Accessory,CUST1285,New,Online,1,300,5,285.0,180.0,105.0
14928,2026-06-02,East,Product D,Accessory,CUST1128,Champions,Retail Store,3,1200,0,3600.0,2160.0,1440.0
14929,2026-06-02,East,Product A,Core,CUST1341,Lost,Retail Store,2,500,0,1000.0,600.0,400.0
14930,2026-06-02,West,Product B,Core,CUST1583,Loyal,Online,3,750,5,2137.5,1350.0,787.5
14931,2026-06-02,North,Product D,Accessory,CUST1101,At Risk,Online,3,1200,0,3600.0,2160.0,1440.0
14932,2026-06-02,East,Product B,Core,CUST1199,Loyal,Online,4,750,15,2550.0,1800.0,750.0
14933,2026-06-02,West,Product C,Accessory,CUST1114,Loyal,Online,3,300,0,900.0,540.0,360.0
14934,2026-06-02,East,Product B,Core,CUST1258,Champions,Retail Store,1,750,5,712.5,450.0,262.5
14935,2026-06-03,North,Product A,Core,CUST1168,Loyal,Online,3,500,5,1425.0,900.0,525.0
14936,2026-06-03,West,Product C,Accessory,CUST1421,Champions,Online,1,300,5,285.0,180.0,105.0
14937,2026-06-03,East,Product D,Accessory,CUST1397,Loyal,Online,1,1200,20,960.0,720.0,240.0
14938,2026-06-03,North,Product D,Accessory,CUST1142,Lost,Retail Store,2,1200,10,2160.0,1440.0,720.0
14939,2026-06-03,West,Product A,Core,CUST1071,New,Online,3,500,0,1500.0,900.0,600.0
14940,2026-06-03,East,Product B,Core,CUST1516,Loyal,Online,2,750,0,1500.0,900.0,600.0
14941,2026-06-03,North,Product A,Core,CUST1088,Loyal,Online,4,500,0,2000.0,1200.0,800.0
14942,2026-06-03,South,Product A,Core,CUST1559,New,Retail Store,1,500,0,500.0,300.0,200.0
14943,2026-06-03,South,Product B,Core,CUST1264,Lost,Online,4,750,0,3000.0,1800.0,1200.0
14944,2026-06-03,East,Product D,Accessory,CUST1547,Champions,Online,1,1200,5,1140.0,720.0,420.0
14945,2026-06-03,West,Product A,Core,CUST1013,At Risk,Retail Store,4,500,0,2000.0,1200.0,800.0
14946,2026-06-03,East,Product B,Core,CUST1441,Loyal,Online,1,750,0,750.0,450.0,300.0
14947,2026-06-03,East,Product C,Accessory,CUST1449,At Risk,Online,4,300,0,1200.0,720.0,480.0
14948,2026-06-03,North,Product C,Accessory,CUST1236,New,Online,1,300,10,270.0,180.0,90.0
14949,2026-06-03,North,Product B,Core,CUST1440,Lost,Retail Store,1,750,0,750.0,450.0,300.0
14950,2026-06-03,East,Product A,Core,CUST1533,At Risk,Partner,2,500,0,1000.0,600.0,400.0
14951,2026-06-03,East,Product A,Core,CUST1178,Lost,Online,3,500,5,1425.0,900.0,525.0
14952,2026-06-03,East,Product D,Accessory,CUST1367,At Risk,Partner,4,1200,0,4800.0,2880.0,1920.0
14953,2026-06-03,West,Product A,Core,CUST1268,Champions,Online,1,500,0,500.0,300.0,200.0
14954,2026-06-03,East,Product A,Core,CUST1587,Loyal,Online,3,500,0,1500.0,900.0,600.0
14955,2026-06-03,West,Product B,Core,CUST1592,Loyal,Retail Store,2,750,5,1425.0,900.0,525.0
14956,2026-06-03,North,Product D,Accessory,CUST1368,Loyal,Online,2,1200,0,2400.0,1440.0,960.0
14957,2026-06-03,West,Product D,Accessory,CUST1549,New,Retail Store,3,1200,10,3240.0,2160.0,1080.0
14958,2026-06-03,East,Product C,Accessory,CUST1387,Lost,Online,4,300,0,1200.0,720.0,480.0
14959,2026-06-03,East,Product C,Accessory,CUST1255,At Risk,Online,1,300,10,270.0,180.0,90.0
14960,2026-06-03,South,Product D,Accessory,CUST1272,Champions,Online,4,1200,10,4320.0,2880.0,1440.0
14961,2026-06-03,East,Product A,Core,CUST1198,Loyal,Online,2,500,15,850.0,600.0,250.0
14962,2026-06-03,West,Product A,Core,CUST1232,Lost,Retail Store,4,500,0,2000.0,1200.0,800.0
14963,2026-06-03,South,Product D,Accessory,CUST1062,New,Retail Store,2,1200,5,2280.0,1440.0,840.0
14964,2026-06-03,East,Product B,Core,CUST1531,At Risk,Partner,2,750,0,1500.0,900.0,600.0
14965,2026-06-03,South,Product C,Accessory,CUST1091,At Risk,Retail Store,2,300,0,600.0,360.0,240.0
14966,2026-06-03,East,Product D,Accessory,CUST1264,Lost,Retail Store,3,1200,10,3240.0,2160.0,1080.0
14967,2026-06-03,East,Product B,Core,CUST1341,Lost,Online,3,750,5,2137.5,1350.0,787.5
14968,2026-06-03,South,Product A,Core,CUST1398,New,Retail Store,3,500,0,1500.0,900.0,600.0
14969,2026-06-03,North,Product B,Core,CUST1066,New,Retail Store,3,750,0,2250.0,1350.0,900.0
14970,2026-06-03,East,Product B,Core,CUST1194,Loyal,Partner,2,750,0,1500.0,900.0,600.0
14971,2026-06-03,North,Product D,Accessory,CUST1017,Champions,Partner,1,1200,5,1140.0,720.0,420.0
14972,2026-06-03,North,Product B,Core,CUST1588,Loyal,Online,1,750,5,712.5,450.0,262.5
14973,2026-06-03,North,Product B,Core,CUST1515,Loyal,Retail Store,2,750,15,1275.0,900.0,375.0
14974,2026-06-03,North,Product A,Core,CUST1169,Lost,Retail Store,1,500,10,450.0,300.0,150.0
14975,2026-06-03,West,Product A,Core,CUST1239,Champions,Online,2,500,5,950.0,600.0,350.0
14976,2026-06-03,South,Product A,Core,CUST1476,New,Retail Store,4,500,0,2000.0,1200.0,800.0
14977,2026-06-03,North,Product C,Accessory,CUST1401,Lost,Retail Store,1,300,15,255.0,180.0,75.0
14978,2026-06-03,East,Product D,Accessory,CUST1172,Loyal,Retail Store,3,1200,0,3600.0,2160.0,1440.0
14979,2026-06-03,East,Product B,Core,CUST1398,New,Retail Store,2,750,5,1425.0,900.0,525.0
14980,2026-06-03,North,Product B,Core,CUST1125,New,Retail Store,2,750,20,1200.0,900.0,300.0
14981,2026-06-03,North,Product B,Core,CUST1574,Lost,Retail Store,2,750,0,1500.0,900.0,600.0
14982,2026-06-03,East,Product A,Core,CUST1041,At Risk,Retail Store,2,500,0,1000.0,600.0,400.0
14983,2026-06-03,East,Product C,Accessory,CUST1208,Champions,Online,2,300,0,600.0,360.0,240.0
14984,2026-06-03,West,Product C,Accessory,CUST1394,Champions,Retail Store,2,300,0,600.0,360.0,240.0
14985,2026-06-04,East,Product B,Core,CUST1228,At Risk,Online,3,750,10,2025.0,1350.0,675.0
14986,2026-06-04,South,Product A,Core,CUST1376,Lost,Online,3,500,0,1500.0,900.0,600.0
14987,2026-06-04,East,Product B,Core,CUST1066,New,Online,4,750,5,2850.0,1800.0,1050.0
14988,2026-06-04,East,Product B,Core,CUST1170,Loyal,Online,2,750,20,1200.0,900.0,300.0
14989,2026-06-04,North,Product B,Core,CUST1212,Loyal,Online,1,750,0,750.0,450.0,300.0
14990,2026-06-04,South,Product A,Core,CUST1184,At Risk,Retail Store,2,500,0,1000.0,600.0,400.0
14991,2026-06-04,South,Product B,Core,CUST1449,At Risk,Online,4,750,0,3000.0,1800.0,1200.0
14992,2026-06-04,North,Product A,Core,CUST1237,At Risk,Online,3,500,5,1425.0,900.0,525.0
14993,2026-06-04,West,Product A,Core,CUST1262,Loyal,Retail Store,2,500,0,1000.0,600.0,400.0
14994,2026-06-04,South,Product C,Accessory,CUST1391,Champions,Retail Store,3,300,0,900.0,540.0,360.0
14995,2026-06-04,East,Product B,Core,CUST1064,At Risk,Retail Store,3,750,10,2025.0,1350.0,675.0
14996,2026-06-04,North,Product A,Core,CUST1322,Loyal,Online,1,500,5,475.0,300.0,175.0
14997,2026-06-04,South,Product D,Accessory,CUST1073,Loyal,Online,4,1200,5,4560.0,2880.0,1680.0
14998,2026-06-04,North,Product B,Core,CUST1040,New,Online,2,750,0,1500.0,900.0,600.0
14999,2026-06-04,East,Product B,Core,CUST1402,At Risk,Online,2,750,5,1425.0,900.0,525.0
15000,2026-06-04,South,Product A,Core,CUST1323,New,Retail Store,4,500,5,1900.0,1200.0,700.0
15001,2026-06-04,West,Product B,Core,CUST1041,At Risk,Online,1,750,5,712.5,450.0,262.5
15002,2026-06-04,West,Product B,Core,CUST1312,Loyal,Online,1,750,0,750.0,450.0,300.0
15003,2026-06-04,West,Product A,Core,CUST1233,New,Online,4,500,0,2000.0,1200.0,800.0
15004,2026-06-04,North,Product A,Core,CUST1563,At Risk,Online,1,500,5,475.0,300.0,175.0
15005,2026-06-04,North,Product C,Accessory,CUST1403,Champions,Partner,4,300,0,1200.0,720.0,480.0
15006,2026-06-04,West,Product D,Accessory,CUST1138,At Risk,Retail Store,4,1200,5,4560.0,2880.0,1680.0
15007,2026-06-04,West,Product B,Core,CUST1230,Champions,Partner,1,750,0,750.0,450.0,300.0
15008,2026-06-04,North,Product D,Accessory,CUST1209,New,Retail Store,2,1200,0,2400.0,1440.0,960.0
15009,2026-06-04,East,Product D,Accessory,CUST1502,Lost,Online,3,1200,0,3600.0,2160.0,1440.0
15010,2026-06-04,North,Product D,Accessory,CUST1261,At Risk,Partner,2,1200,5,2280.0,1440.0,840.0
15011,2026-06-04,North,Product D,Accessory,CUST1117,At Risk,Retail Store,1,1200,0,1200.0,720.0,480.0
15012,2026-06-04,South,Product B,Core,CUST1480,New,Retail Store,3,750,5,2137.5,1350.0,787.5
15013,2026-06-04,South,Product D,Accessory,CUST1385,Lost,Retail Store,4,1200,20,3840.0,2880.0,960.0
15014,2026-06-04,South,Product A,Core,CUST1398,New,Retail Store,1,500,0,500.0,300.0,200.0
15015,2026-06-04,West,Product B,Core,CUST1193,At Risk,Online,1,750,5,712.5,450.0,262.5
15016,2026-06-04,West,Product B,Core,CUST1374,Loyal,Retail Store,2,750,10,1350.0,900.0,450.0
15017,2026-06-04,North,Product C,Accessory,CUST1135,Champions,Online,2,300,0,600.0,360.0,240.0
15018,2026-06-04,East,Product B,Core,CUST1055,At Risk,Online,1,750,5,712.5,450.0,262.5
15019,2026-06-04,South,Product A,Core,CUST1399,New,Retail Store,2,500,15,850.0,600.0,250.0
15020,2026-06-04,East,Product B,Core,CUST1334,Champions,Retail Store,2,750,0,1500.0,900.0,600.0
15021,2026-06-04,East,Product A,Core,CUST1277,New,Online,1,500,0,500.0,300.0,200.0
15022,2026-06-04,North,Product A,Core,CUST1546,Loyal,Online,1,500,0,500.0,300.0,200.0
15023,2026-06-04,West,Product B,Core,CUST1179,At Risk,Online,1,750,0,750.0,450.0,300.0
15024,2026-06-04,South,Product A,Core,CUST1462,Lost,Retail Store,2,500,5,950.0,600.0,350.0
15025,2026-06-04,North,Product A,Core,CUST1363,Champions,Retail Store,4,500,15,1700.0,1200.0,500.0
15026,2026-06-05,East,Product A,Core,CUST1084,Champions,Online,3,500,0,1500.0,900.0,600.0
15027,2026-06-05,North,Product B,Core,CUST1130,Loyal,Online,3,750,10,2025.0,1350.0,675.0
15028,2026-06-05,East,Product C,Accessory,CUST1424,At Risk,Online,2,300,0,600.0,360.0,240.0
15029,2026-06-05,North,Product A,Core,CUST1245,Lost,Online,4,500,5,1900.0,1200.0,700.0
15030,2026-06-05,North,Product B,Core,CUST1237,At Risk,Retail Store,3,750,0,2250.0,1350.0,900.0
15031,2026-06-05,East,Product D,Accessory,CUST1093,Loyal,Retail Store,2,1200,15,2040.0,1440.0,600.0
15032,2026-06-05,East,Product A,Core,CUST1419,Lost,Retail Store,2,500,15,850.0,600.0,250.0
15033,2026-06-05,North,Product A,Core,CUST1383,New,Online,1,500,5,475.0,300.0,175.0
15034,2026-06-05,South,Product B,Core,CUST1141,New,Retail Store,3,750,0,2250.0,1350.0,900.0
15035,2026-06-05,West,Product B,Core,CUST1041,At Risk,Online,2,750,0,1500.0,900.0,600.0
15036,2026-06-05,South,Product A,Core,CUST1186,Loyal,Retail Store,4,500,10,1800.0,1200.0,600.0
15037,2026-06-05,East,Product C,Accessory,CUST1019,At Risk,Online,2,300,15,510.0,360.0,150.0
15038,2026-06-05,West,Product D,Accessory,CUST1003,At Risk,Retail Store,4,1200,5,4560.0,2880.0,1680.0
15039,2026-06-05,East,Product A,Core,CUST1351,Loyal,Retail Store,4,500,5,1900.0,1200.0,700.0
15040,2026-06-05,South,Product C,Accessory,CUST1365,New,Online,4,300,0,1200.0,720.0,480.0
15041,2026-06-05,East,Product C,Accessory,CUST1186,Loyal,Retail Store,3,300,0,900.0,540.0,360.0
15042,2026-06-05,South,Product D,Accessory,CUST1044,At Risk,Online,2,1200,0,2400.0,1440.0,960.0
15043,2026-06-05,South,Product B,Core,CUST1171,New,Online,4,750,5,2850.0,1800.0,1050.0
15044,2026-06-05,West,Product A,Core,CUST1019,At Risk,Online,1,500,20,400.0,300.0,100.0
15045,2026-06-05,East,Product B,Core,CUST1529,Loyal,Online,2,750,5,1425.0,900.0,525.0
15046,2026-06-05,East,Product C,Accessory,CUST1078,New,Online,3,300,0,900.0,540.0,360.0
15047,2026-06-05,North,Product D,Accessory,CUST1580,New,Online,4,1200,0,4800.0,2880.0,1920.0
15048,2026-06-05,North,Product A,Core,CUST1449,At Risk,Online,4,500,0,2000.0,1200.0,800.0
15049,2026-06-05,South,Product B,Core,CUST1209,New,Retail Store,1,750,0,750.0,450.0,300.0
15050,2026-06-05,West,Product C,Accessory,CUST1132,New,Online,4,300,10,1080.0,720.0,360.0
15051,2026-06-05,East,Product A,Core,CUST1531,At Risk,Online,4,500,10,1800.0,1200.0,600.0
15052,2026-06-05,East,Product B,Core,CUST1031,Lost,Retail Store,1,750,10,675.0,450.0,225.0
15053,2026-06-05,East,Product A,Core,CUST1037,New,Partner,3,500,15,1275.0,900.0,375.0
15054,2026-06-05,North,Product A,Core,CUST1452,At Risk,Retail Store,1,500,0,500.0,300.0,200.0
15055,2026-06-05,South,Product D,Accessory,CUST1266,Loyal,Retail Store,2,1200,0,2400.0,1440.0,960.0
15056,2026-06-05,East,Product B,Core,CUST1194,Loyal,Retail Store,4,750,5,2850.0,1800.0,1050.0
15057,2026-06-05,North,Product A,Core,CUST1334,Champions,Online,4,500,0,2000.0,1200.0,800.0
15058,2026-06-05,West,Product D,Accessory,CUST1585,At Risk,Online,3,1200,15,3060.0,2160.0,900.0
15059,2026-06-05,West,Product A,Core,CUST1514,Loyal,Retail Store,4,500,0,2000.0,1200.0,800.0
15060,2026-06-05,South,Product A,Core,CUST1105,At Risk,Retail Store,2,500,15,850.0,600.0,250.0
15061,2026-06-05,North,Product B,Core,CUST1557,New,Online,3,750,0,2250.0,1350.0,900.0
15062,2026-06-05,South,Product D,Accessory,CUST1192,Champions,Online,2,1200,20,1920.0,1440.0,480.0
15063,2026-06-05,West,Product C,Accessory,CUST1514,Loyal,Retail Store,2,300,5,570.0,360.0,210.0
15064,2026-06-05,South,Product A,Core,CUST1194,Loyal,Online,2,500,20,800.0,600.0,200.0
15065,2026-06-05,East,Product A,Core,CUST1294,At Risk,Online,2,500,5,950.0,600.0,350.0
15066,2026-06-05,North,Product D,Accessory,CUST1538,Loyal,Partner,4,1200,10,4320.0,2880.0,1440.0
15067,2026-06-05,East,Product B,Core,CUST1144,New,Online,1,750,15,637.5,450.0,187.5
15068,2026-06-05,East,Product D,Accessory,CUST1039,At Risk,Online,3,1200,5,3420.0,2160.0,1260.0
15069,2026-06-05,North,Product D,Accessory,CUST1056,New,Online,2,1200,10,2160.0,1440.0,720.0
15070,2026-06-05,South,Product A,Core,CUST1436,Champions,Online,3,500,5,1425.0,900.0,525.0
15071,2026-06-05,East,Product A,Core,CUST1077,At Risk,Online,2,500,0,1000.0,600.0,400.0
15072,2026-06-05,East,Product A,Core,CUST1348,New,Retail Store,1,500,10,450.0,300.0,150.0
15073,2026-06-05,West,Product D,Accessory,CUST1177,Lost,Online,2,1200,5,2280.0,1440.0,840.0
15074,2026-06-05,East,Product B,Core,CUST1182,New,Retail Store,4,750,10,2700.0,1800.0,900.0
15075,2026-06-05,North,Product D,Accessory,CUST1345,At Risk,Retail Store,2,1200,0,2400.0,1440.0,960.0
15076,2026-06-05,East,Product A,Core,CUST1355,New,Online,2,500,10,900.0,600.0,300.0
15077,2026-06-05,West,Product A,Core,CUST1502,Lost,Retail Store,4,500,0,2000.0,1200.0,800.0
15078,2026-06-05,West,Product A,Core,CUST1446,Lost,Retail Store,4,500,20,1600.0,1200.0,400.0
15079,2026-06-05,South,Product B,Core,CUST1379,At Risk,Retail Store,4,750,5,2850.0,1800.0,1050.0
15080,2026-06-05,East,Product A,Core,CUST1284,New,Online,1,500,0,500.0,300.0,200.0
15081,2026-06-05,West,Product B,Core,CUST1565,At Risk,Online,2,750,0,1500.0,900.0,600.0
15082,2026-06-05,North,Product C,Accessory,CUST1535,Loyal,Retail Store,1,300,10,270.0,180.0,90.0
15083,2026-06-05,North,Product A,Core,CUST1166,At Risk,Retail Store,2,500,0,1000.0,600.0,400.0
15084,2026-06-05,East,Product A,Core,CUST1029,At Risk,Partner,4,500,0,2000.0,1200.0,800.0
15085,2026-06-05,North,Product C,Accessory,CUST1227,New,Retail Store,4,300,10,1080.0,720.0,360.0
15086,2026-06-05,North,Product D,Accessory,CUST1116,At Risk,Retail Store,4,1200,15,4080.0,2880.0,1200.0
15087,2026-06-05,North,Product D,Accessory,CUST1181,Lost,Online,1,1200,0,1200.0,720.0,480.0
15088,2026-06-05,South,Product B,Core,CUST1472,Champions,Online,1,750,10,675.0,450.0,225.0
15089,2026-06-05,East,Product C,Accessory,CUST1054,At Risk,Retail Store,4,300,0,1200.0,720.0,480.0
15090,2026-06-05,South,Product B,Core,CUST1034,New,Retail Store,1,750,20,600.0,450.0,150.0
15091,2026-06-05,North,Product C,Accessory,CUST1378,Loyal,Partner,2,300,0,600.0,360.0,240.0
15092,2026-06-05,North,Product B,Core,CUST1205,Loyal,Online,1,750,0,750.0,450.0,300.0
15093,2026-06-06,West,Product A,Core,CUST1279,Lost,Online,2,500,20,800.0,600.0,200.0
15094,2026-06-06,North,Product C,Accessory,CUST1161,Lost,Retail Store,2,300,15,510.0,360.0,150.0
15095,2026-06-06,West,Product A,Core,CUST1144,New,Partner,1,500,5,475.0,300.0,175.0
15096,2026-06-06,West,Product C,Accessory,CUST1011,Lost,Online,2,300,0,600.0,360.0,240.0
15097,2026-06-06,East,Product B,Core,CUST1109,Lost,Online,3,750,0,2250.0,1350.0,900.0
15098,2026-06-06,South,Product A,Core,CUST1078,New,Online,1,500,15,425.0,300.0,125.0
15099,2026-06-06,South,Product A,Core,CUST1198,Loyal,Retail Store,3,500,5,1425.0,900.0,525.0
15100,2026-06-06,North,Product A,Core,CUST1454,Champions,Online,1,500,5,475.0,300.0,175.0
15101,2026-06-06,West,Product A,Core,CUST1197,Lost,Retail Store,1,500,5,475.0,300.0,175.0
15102,2026-06-06,East,Product D,Accessory,CUST1335,At Risk,Retail Store,3,1200,0,3600.0,2160.0,1440.0
15103,2026-06-06,West,Product C,Accessory,CUST1576,Lost,Retail Store,1,300,0,300.0,180.0,120.0
15104,2026-06-06,South,Product A,Core,CUST1560,Champions,Online,3,500,5,1425.0,900.0,525.0
15105,2026-06-06,East,Product A,Core,CUST1450,Champions,Online,2,500,5,950.0,600.0,350.0
15106,2026-06-06,West,Product B,Core,CUST1385,Lost,Partner,3,750,0,2250.0,1350.0,900.0
15107,2026-06-06,South,Product D,Accessory,CUST1195,Loyal,Online,2,1200,5,2280.0,1440.0,840.0
15108,2026-06-06,North,Product B,Core,CUST1480,New,Partner,4,750,10,2700.0,1800.0,900.0
15109,2026-06-06,West,Product D,Accessory,CUST1225,Lost,Online,4,1200,0,4800.0,2880.0,1920.0
15110,2026-06-06,North,Product C,Accessory,CUST1446,Lost,Partner,4,300,10,1080.0,720.0,360.0
15111,2026-06-06,South,Product B,Core,CUST1363,Champions,Online,3,750,10,2025.0,1350.0,675.0
15112,2026-06-06,North,Product B,Core,CUST1118,New,Retail Store,3,750,10,2025.0,1350.0,675.0
15113,2026-06-06,North,Product B,Core,CUST1348,New,Retail Store,2,750,10,1350.0,900.0,450.0
15114,2026-06-06,West,Product D,Accessory,CUST1547,Champions,Online,2,1200,5,2280.0,1440.0,840.0
15115,2026-06-06,West,Product A,Core,CUST1019,At Risk,Partner,3,500,5,1425.0,900.0,525.0
15116,2026-06-06,East,Product D,Accessory,CUST1250,At Risk,Online,2,1200,0,2400.0,1440.0,960.0
15117,2026-06-06,East,Product A,Core,CUST1026,New,Online,1,500,5,475.0,300.0,175.0
15118,2026-06-06,West,Product B,Core,CUST1248,Loyal,Partner,4,750,5,2850.0,1800.0,1050.0
15119,2026-06-06,North,Product B,Core,CUST1211,New,Online,2,750,0,1500.0,900.0,600.0
15120,2026-06-06,West,Product D,Accessory,CUST1257,Champions,Online,4,1200,5,4560.0,2880.0,1680.0
15121,2026-06-06,South,Product B,Core,CUST1090,Loyal,Retail Store,3,750,20,1800.0,1350.0,450.0
15122,2026-06-06,North,Product A,Core,CUST1500,At Risk,Online,4,500,0,2000.0,1200.0,800.0
15123,2026-06-06,North,Product A,Core,CUST1504,New,Online,4,500,10,1800.0,1200.0,600.0
15124,2026-06-06,West,Product D,Accessory,CUST1459,At Risk,Online,3,1200,15,3060.0,2160.0,900.0
15125,2026-06-06,South,Product A,Core,CUST1147,New,Online,3,500,10,1350.0,900.0,450.0
15126,2026-06-06,West,Product C,Accessory,CUST1331,Loyal,Online,1,300,0,300.0,180.0,120.0
15127,2026-06-06,North,Product B,Core,CUST1003,At Risk,Retail Store,4,750,0,3000.0,1800.0,1200.0
15128,2026-06-06,East,Product B,Core,CUST1073,Loyal,Retail Store,2,750,0,1500.0,900.0,600.0
15129,2026-06-06,South,Product A,Core,CUST1052,At Risk,Online,3,500,15,1275.0,900.0,375.0
15130,2026-06-06,South,Product A,Core,CUST1359,New,Partner,1,500,5,475.0,300.0,175.0
15131,2026-06-06,East,Product D,Accessory,CUST1207,At Risk,Online,2,1200,10,2160.0,1440.0,720.0
15132,2026-06-06,West,Product B,Core,CUST1511,At Risk,Retail Store,4,750,0,3000.0,1800.0,1200.0
15133,2026-06-06,South,Product A,Core,CUST1429,At Risk,Online,4,500,10,1800.0,1200.0,600.0
15134,2026-06-06,North,Product A,Core,CUST1203,Champions,Retail Store,2,500,10,900.0,600.0,300.0
15135,2026-06-06,East,Product D,Accessory,CUST1436,Champions,Retail Store,3,1200,5,3420.0,2160.0,1260.0
15136,2026-06-06,North,Product B,Core,CUST1028,Loyal,Online,4,750,10,2700.0,1800.0,900.0
15137,2026-06-06,South,Product D,Accessory,CUST1149,Champions,Online,2,1200,20,1920.0,1440.0,480.0
15138,2026-06-06,South,Product B,Core,CUST1468,Champions,Online,4,750,20,2400.0,1800.0,600.0
15139,2026-06-06,East,Product D,Accessory,CUST1574,Lost,Retail Store,4,1200,5,4560.0,2880.0,1680.0
15140,2026-06-06,South,Product A,Core,CUST1049,Champions,Retail Store,2,500,20,800.0,600.0,200.0
15141,2026-06-06,West,Product D,Accessory,CUST1147,New,Online,1,1200,0,1200.0,720.0,480.0
15142,2026-06-06,East,Product D,Accessory,CUST1434,Champions,Retail Store,4,1200,0,4800.0,2880.0,1920.0
15143,2026-06-06,South,Product A,Core,CUST1551,Loyal,Online,3,500,10,1350.0,900.0,450.0
15144,2026-06-06,South,Product C,Accessory,CUST1596,At Risk,Online,4,300,5,1140.0,720.0,420.0
15145,2026-06-06,West,Product D,Accessory,CUST1592,Loyal,Retail Store,1,1200,5,1140.0,720.0,420.0
15146,2026-06-06,North,Product A,Core,CUST1112,Loyal,Online,3,500,0,1500.0,900.0,600.0
15147,2026-06-06,North,Product C,Accessory,CUST1525,Loyal,Online,1,300,0,300.0,180.0,120.0
15148,2026-06-06,South,Product C,Accessory,CUST1594,Champions,Online,3,300,0,900.0,540.0,360.0
15149,2026-06-06,West,Product A,Core,CUST1016,New,Online,1,500,10,450.0,300.0,150.0
15150,2026-06-06,East,Product A,Core,CUST1303,New,Retail Store,1,500,0,500.0,300.0,200.0
15151,2026-06-06,South,Product C,Accessory,CUST1038,Loyal,Online,1,300,10,270.0,180.0,90.0
15152,2026-06-06,East,Product B,Core,CUST1428,Champions,Online,2,750,0,1500.0,900.0,600.0
15153,2026-06-06,North,Product A,Core,CUST1252,New,Online,2,500,5,950.0,600.0,350.0
15154,2026-06-06,West,Product B,Core,CUST1265,Loyal,Online,3,750,5,2137.5,1350.0,787.5
15155,2026-06-06,West,Product D,Accessory,CUST1359,New,Partner,1,1200,10,1080.0,720.0,360.0
15156,2026-06-06,East,Product B,Core,CUST1420,At Risk,Retail Store,2,750,5,1425.0,900.0,525.0
15157,2026-06-06,North,Product A,Core,CUST1553,Lost,Retail Store,3,500,10,1350.0,900.0,450.0
15158,2026-06-06,East,Product D,Accessory,CUST1171,New,Retail Store,3,1200,15,3060.0,2160.0,900.0
15159,2026-06-07,South,Product B,Core,CUST1510,Champions,Retail Store,3,750,0,2250.0,1350.0,900.0
15160,2026-06-07,North,Product B,Core,CUST1427,At Risk,Online,1,750,10,675.0,450.0,225.0
15161,2026-06-07,South,Product C,Accessory,CUST1545,New,Online,1,300,0,300.0,180.0,120.0
15162,2026-06-07,North,Product A,Core,CUST1159,At Risk,Online,3,500,5,1425.0,900.0,525.0
15163,2026-06-07,North,Product C,Accessory,CUST1596,At Risk,Online,3,300,10,810.0,540.0,270.0
15164,2026-06-07,East,Product D,Accessory,CUST1456,Lost,Online,2,1200,15,2040.0,1440.0,600.0
15165,2026-06-07,East,Product D,Accessory,CUST1146,Loyal,Online,4,1200,5,4560.0,2880.0,1680.0
15166,2026-06-07,South,Product A,Core,CUST1106,New,Online,2,500,10,900.0,600.0,300.0
15167,2026-06-07,East,Product D,Accessory,CUST1178,Lost,Online,1,1200,0,1200.0,720.0,480.0
15168,2026-06-07,South,Product A,Core,CUST1568,Loyal,Retail Store,2,500,0,1000.0,600.0,400.0
15169,2026-06-07,East,Product A,Core,CUST1351,Loyal,Partner,2,500,0,1000.0,600.0,400.0
15170,2026-06-07,North,Product D,Accessory,CUST1279,Lost,Online,1,1200,10,1080.0,720.0,360.0
15171,2026-06-07,East,Product B,Core,CUST1570,Loyal,Online,4,750,20,2400.0,1800.0,600.0
15172,2026-06-07,North,Product D,Accessory,CUST1336,Champions,Partner,4,1200,5,4560.0,2880.0,1680.0
15173,2026-06-07,West,Product A,Core,CUST1559,New,Online,3,500,0,1500.0,900.0,600.0
15174,2026-06-07,West,Product D,Accessory,CUST1546,Loyal,Online,1,1200,5,1140.0,720.0,420.0
15175,2026-06-07,North,Product B,Core,CUST1219,Loyal,Online,3,750,0,2250.0,1350.0,900.0
15176,2026-06-07,West,Product A,Core,CUST1143,New,Retail Store,2,500,0,1000.0,600.0,400.0
15177,2026-06-07,South,Product C,Accessory,CUST1283,Loyal,Online,2,300,0,600.0,360.0,240.0
15178,2026-06-07,East,Product B,Core,CUST1214,At Risk,Online,4,750,10,2700.0,1800.0,900.0
15179,2026-06-07,East,Product C,Accessory,CUST1258,Champions,Online,1,300,0,300.0,180.0,120.0
15180,2026-06-07,North,Product B,Core,CUST1222,At Risk,Online,3,750,5,2137.5,1350.0,787.5
15181,2026-06-07,South,Product B,Core,CUST1282,Loyal,Online,2,750,10,1350.0,900.0,450.0
15182,2026-06-07,South,Product A,Core,CUST1476,New,Online,1,500,0,500.0,300.0,200.0
15183,2026-06-07,East,Product B,Core,CUST1476,New,Partner,2,750,0,1500.0,900.0,600.0
15184,2026-06-07,West,Product C,Accessory,CUST1460,New,Online,3,300,10,810.0,540.0,270.0
15185,2026-06-07,North,Product B,Core,CUST1519,At Risk,Retail Store,4,750,0,3000.0,1800.0,1200.0
15186,2026-06-07,West,Product C,Accessory,CUST1449,At Risk,Online,4,300,15,1020.0,720.0,300.0
15187,2026-06-07,North,Product A,Core,CUST1173,Lost,Online,4,500,5,1900.0,1200.0,700.0
15188,2026-06-07,West,Product A,Core,CUST1365,New,Retail Store,1,500,10,450.0,300.0,150.0
15189,2026-06-07,West,Product B,Core,CUST1206,Champions,Online,3,750,0,2250.0,1350.0,900.0
15190,2026-06-07,North,Product A,Core,CUST1321,New,Online,2,500,0,1000.0,600.0,400.0
15191,2026-06-07,West,Product D,Accessory,CUST1120,New,Retail Store,2,1200,0,2400.0,1440.0,960.0
15192,2026-06-07,North,Product C,Accessory,CUST1143,New,Online,3,300,10,810.0,540.0,270.0
15193,2026-06-07,South,Product A,Core,CUST1289,Champions,Partner,4,500,5,1900.0,1200.0,700.0
15194,2026-06-07,East,Product B,Core,CUST1542,At Risk,Partner,1,750,5,712.5,450.0,262.5
15195,2026-06-07,East,Product B,Core,CUST1557,New,Retail Store,1,750,0,750.0,450.0,300.0
15196,2026-06-07,North,Product A,Core,CUST1321,New,Online,4,500,10,1800.0,1200.0,600.0
15197,2026-06-07,West,Product C,Accessory,CUST1581,New,Retail Store,4,300,10,1080.0,720.0,360.0
15198,2026-06-07,South,Product A,Core,CUST1045,At Risk,Retail Store,2,500,10,900.0,600.0,300.0
15199,2026-06-07,East,Product B,Core,CUST1109,Lost,Online,3,750,5,2137.5,1350.0,787.5
15200,2026-06-07,North,Product D,Accessory,CUST1414,Champions,Online,1,1200,0,1200.0,720.0,480.0
15201,2026-06-07,East,Product A,Core,CUST1596,At Risk,Retail Store,1,500,0,500.0,300.0,200.0
15202,2026-06-07,East,Product A,Core,CUST1430,Lost,Online,3,500,0,1500.0,900.0,600.0
15203,2026-06-07,East,Product B,Core,CUST1128,Champions,Retail Store,4,750,0,3000.0,1800.0,1200.0
15204,2026-06-07,East,Product B,Core,CUST1572,New,Retail Store,4,750,10,2700.0,1800.0,900.0
15205,2026-06-07,East,Product A,Core,CUST1057,New,Online,3,500,5,1425.0,900.0,525.0
15206,2026-06-07,West,Product A,Core,CUST1102,Loyal,Online,1,500,15,425.0,300.0,125.0
15207,2026-06-07,North,Product C,Accessory,CUST1256,At Risk,Retail Store,4,300,0,1200.0,720.0,480.0
15208,2026-06-07,West,Product B,Core,CUST1202,New,Online,1,750,15,637.5,450.0,187.5
15209,2026-06-07,South,Product B,Core,CUST1134,New,Online,3,750,0,2250.0,1350.0,900.0
15210,2026-06-07,North,Product A,Core,CUST1178,Lost,Online,1,500,5,475.0,300.0,175.0
15211,2026-06-07,East,Product A,Core,CUST1117,At Risk,Online,2,500,5,950.0,600.0,350.0
15212,2026-06-07,North,Product C,Accessory,CUST1194,Loyal,Online,1,300,10,270.0,180.0,90.0
15213,2026-06-07,North,Product A,Core,CUST1554,Champions,Online,2,500,10,900.0,600.0,300.0
15214,2026-06-07,East,Product A,Core,CUST1443,Loyal,Online,1,500,20,400.0,300.0,100.0
15215,2026-06-07,East,Product A,Core,CUST1107,Loyal,Online,4,500,0,2000.0,1200.0,800.0
15216,2026-06-08,South,Product B,Core,CUST1251,Lost,Online,4,750,5,2850.0,1800.0,1050.0
15217,2026-06-08,West,Product A,Core,CUST1228,At Risk,Online,1,500,0,500.0,300.0,200.0
15218,2026-06-08,East,Product B,Core,CUST1553,Lost,Retail Store,4,750,10,2700.0,1800.0,900.0
15219,2026-06-08,North,Product B,Core,CUST1107,Loyal,Online,3,750,5,2137.5,1350.0,787.5
15220,2026-06-08,East,Product A,Core,CUST1412,Champions,Partner,1,500,0,500.0,300.0,200.0
15221,2026-06-08,West,Product C,Accessory,CUST1112,Loyal,Online,3,300,15,765.0,540.0,225.0
15222,2026-06-08,West,Product C,Accessory,CUST1223,Lost,Online,3,300,0,900.0,540.0,360.0
15223,2026-06-08,West,Product A,Core,CUST1530,At Risk,Online,2,500,10,900.0,600.0,300.0
15224,2026-06-08,East,Product B,Core,CUST1188,At Risk,Online,1,750,20,600.0,450.0,150.0
15225,2026-06-08,North,Product D,Accessory,CUST1302,New,Retail Store,1,1200,10,1080.0,720.0,360.0
15226,2026-06-08,East,Product C,Accessory,CUST1318,Loyal,Online,3,300,15,765.0,540.0,225.0
15227,2026-06-08,East,Product A,Core,CUST1171,New,Online,2,500,15,850.0,600.0,250.0
15228,2026-06-08,East,Product A,Core,CUST1576,Lost,Online,3,500,0,1500.0,900.0,600.0
15229,2026-06-08,West,Product A,Core,CUST1404,Lost,Online,2,500,0,1000.0,600.0,400.0
15230,2026-06-08,North,Product A,Core,CUST1132,New,Partner,2,500,15,850.0,600.0,250.0
15231,2026-06-08,East,Product A,Core,CUST1037,New,Online,2,500,10,900.0,600.0,300.0
15232,2026-06-08,East,Product A,Core,CUST1395,New,Online,1,500,5,475.0,300.0,175.0
15233,2026-06-08,North,Product B,Core,CUST1038,Loyal,Retail Store,3,750,5,2137.5,1350.0,787.5
15234,2026-06-08,West,Product B,Core,CUST1067,Loyal,Online,2,750,5,1425.0,900.0,525.0
15235,2026-06-08,East,Product C,Accessory,CUST1456,Lost,Retail Store,4,300,0,1200.0,720.0,480.0
15236,2026-06-08,North,Product D,Accessory,CUST1132,New,Partner,3,1200,20,2880.0,2160.0,720.0
15237,2026-06-08,North,Product B,Core,CUST1447,At Risk,Online,2,750,0,1500.0,900.0,600.0
15238,2026-06-08,West,Product D,Accessory,CUST1380,New,Partner,4,1200,10,4320.0,2880.0,1440.0
15239,2026-06-08,West,Product A,Core,CUST1443,Loyal,Retail Store,2,500,5,950.0,600.0,350.0
15240,2026-06-08,East,Product B,Core,CUST1078,New,Online,2,750,5,1425.0,900.0,525.0
15241,2026-06-08,South,Product B,Core,CUST1106,New,Online,2,750,5,1425.0,900.0,525.0
15242,2026-06-08,West,Product B,Core,CUST1414,Champions,Retail Store,4,750,10,2700.0,1800.0,900.0
15243,2026-06-08,East,Product B,Core,CUST1051,Champions,Online,3,750,0,2250.0,1350.0,900.0
15244,2026-06-08,East,Product A,Core,CUST1266,Loyal,Online,3,500,0,1500.0,900.0,600.0
15245,2026-06-08,South,Product D,Accessory,CUST1403,Champions,Partner,2,1200,0,2400.0,1440.0,960.0
15246,2026-06-08,South,Product A,Core,CUST1326,At Risk,Online,2,500,0,1000.0,600.0,400.0
15247,2026-06-08,East,Product C,Accessory,CUST1587,Loyal,Partner,1,300,10,270.0,180.0,90.0
15248,2026-06-08,South,Product B,Core,CUST1045,At Risk,Retail Store,2,750,0,1500.0,900.0,600.0
15249,2026-06-08,North,Product A,Core,CUST1182,New,Retail Store,2,500,0,1000.0,600.0,400.0
15250,2026-06-08,South,Product A,Core,CUST1596,At Risk,Retail Store,2,500,20,800.0,600.0,200.0
15251,2026-06-08,East,Product A,Core,CUST1550,New,Retail Store,4,500,0,2000.0,1200.0,800.0
15252,2026-06-08,West,Product C,Accessory,CUST1061,New,Online,4,300,0,1200.0,720.0,480.0
15253,2026-06-08,East,Product B,Core,CUST1360,Lost,Online,4,750,10,2700.0,1800.0,900.0
15254,2026-06-08,East,Product B,Core,CUST1412,Champions,Retail Store,3,750,0,2250.0,1350.0,900.0
15255,2026-06-08,East,Product B,Core,CUST1371,Loyal,Retail Store,4,750,0,3000.0,1800.0,1200.0
15256,2026-06-08,North,Product A,Core,CUST1279,Lost,Retail Store,3,500,5,1425.0,900.0,525.0
15257,2026-06-08,East,Product B,Core,CUST1168,Loyal,Retail Store,2,750,5,1425.0,900.0,525.0
15258,2026-06-08,West,Product B,Core,CUST1159,At Risk,Online,1,750,0,750.0,450.0,300.0
15259,2026-06-08,West,Product D,Accessory,CUST1324,At Risk,Online,3,1200,0,3600.0,2160.0,1440.0
15260,2026-06-08,North,Product B,Core,CUST1223,Lost,Partner,4,750,5,2850.0,1800.0,1050.0
15261,2026-06-08,South,Product B,Core,CUST1412,Champions,Online,4,750,10,2700.0,1800.0,900.0
15262,2026-06-08,North,Product D,Accessory,CUST1493,Loyal,Online,4,1200,10,4320.0,2880.0,1440.0
15263,2026-06-08,South,Product B,Core,CUST1381,Lost,Online,4,750,0,3000.0,1800.0,1200.0
15264,2026-06-08,South,Product D,Accessory,CUST1077,At Risk,Retail Store,3,1200,0,3600.0,2160.0,1440.0
15265,2026-06-08,West,Product A,Core,CUST1413,Lost,Online,3,500,5,1425.0,900.0,525.0
15266,2026-06-08,East,Product A,Core,CUST1017,Champions,Online,3,500,10,1350.0,900.0,450.0
15267,2026-06-08,South,Product D,Accessory,CUST1035,Loyal,Online,1,1200,0,1200.0,720.0,480.0
15268,2026-06-08,North,Product B,Core,CUST1226,Champions,Online,1,750,10,675.0,450.0,225.0
15269,2026-06-08,South,Product D,Accessory,CUST1330,At Risk,Online,1,1200,0,1200.0,720.0,480.0
15270,2026-06-08,West,Product A,Core,CUST1433,At Risk,Retail Store,4,500,5,1900.0,1200.0,700.0
15271,2026-06-08,South,Product B,Core,CUST1466,At Risk,Partner,1,750,0,750.0,450.0,300.0
15272,2026-06-08,North,Product A,Core,CUST1536,New,Online,4,500,0,2000.0,1200.0,800.0
15273,2026-06-08,West,Product A,Core,CUST1113,New,Partner,2,500,10,900.0,600.0,300.0
15274,2026-06-08,South,Product D,Accessory,CUST1493,Loyal,Online,1,1200,0,1200.0,720.0,480.0
15275,2026-06-08,North,Product C,Accessory,CUST1520,Lost,Online,3,300,0,900.0,540.0,360.0
15276,2026-06-08,North,Product B,Core,CUST1125,New,Online,4,750,10,2700.0,1800.0,900.0
15277,2026-06-08,East,Product B,Core,CUST1218,Lost,Retail Store,4,750,0,3000.0,1800.0,1200.0
15278,2026-06-08,West,Product B,Core,CUST1003,At Risk,Partner,4,750,0,3000.0,1800.0,1200.0
15279,2026-06-08,North,Product B,Core,CUST1461,Champions,Online,3,750,0,2250.0,1350.0,900.0
15280,2026-06-08,North,Product A,Core,CUST1453,Loyal,Online,4,500,5,1900.0,1200.0,700.0
15281,2026-06-08,East,Product C,Accessory,CUST1149,Champions,Retail Store,2,300,10,540.0,360.0,180.0
15282,2026-06-09,East,Product A,Core,CUST1119,At Risk,Retail Store,2,500,0,1000.0,600.0,400.0
15283,2026-06-09,South,Product C,Accessory,CUST1526,Lost,Online,4,300,15,1020.0,720.0,300.0
15284,2026-06-09,North,Product D,Accessory,CUST1557,New,Retail Store,4,1200,20,3840.0,2880.0,960.0
15285,2026-06-09,West,Product B,Core,CUST1405,Lost,Online,2,750,10,1350.0,900.0,450.0
15286,2026-06-09,North,Product D,Accessory,CUST1417,At Risk,Online,1,1200,0,1200.0,720.0,480.0
15287,2026-06-09,North,Product B,Core,CUST1576,Lost,Retail Store,2,750,10,1350.0,900.0,450.0
15288,2026-06-09,North,Product A,Core,CUST1233,New,Retail Store,4,500,10,1800.0,1200.0,600.0
15289,2026-06-09,South,Product A,Core,CUST1344,At Risk,Retail Store,1,500,0,500.0,300.0,200.0
15290,2026-06-09,South,Product A,Core,CUST1342,At Risk,Online,1,500,5,475.0,300.0,175.0
15291,2026-06-09,West,Product C,Accessory,CUST1532,Loyal,Online,1,300,0,300.0,180.0,120.0
15292,2026-06-09,West,Product B,Core,CUST1468,Champions,Online,4,750,5,2850.0,1800.0,1050.0
15293,2026-06-09,East,Product B,Core,CUST1147,New,Online,1,750,0,750.0,450.0,300.0
15294,2026-06-09,East,Product D,Accessory,CUST1120,New,Online,3,1200,0,3600.0,2160.0,1440.0
15295,2026-06-09,East,Product D,Accessory,CUST1451,Lost,Online,4,1200,15,4080.0,2880.0,1200.0
15296,2026-06-09,South,Product B,Core,CUST1185,At Risk,Online,1,750,5,712.5,450.0,262.5
15297,2026-06-09,West,Product A,Core,CUST1087,New,Online,4,500,0,2000.0,1200.0,800.0
15298,2026-06-09,North,Product C,Accessory,CUST1427,At Risk,Online,4,300,5,1140.0,720.0,420.0
15299,2026-06-09,East,Product C,Accessory,CUST1559,New,Online,4,300,0,1200.0,720.0,480.0
15300,2026-06-09,North,Product D,Accessory,CUST1073,Loyal,Online,3,1200,5,3420.0,2160.0,1260.0
15301,2026-06-09,South,Product A,Core,CUST1042,At Risk,Retail Store,4,500,0,2000.0,1200.0,800.0
15302,2026-06-09,North,Product A,Core,CUST1381,Lost,Online,3,500,0,1500.0,900.0,600.0
15303,2026-06-09,West,Product B,Core,CUST1253,Loyal,Online,2,750,15,1275.0,900.0,375.0
15304,2026-06-09,West,Product B,Core,CUST1247,New,Online,2,750,10,1350.0,900.0,450.0
15305,2026-06-09,South,Product B,Core,CUST1058,Champions,Retail Store,1,750,0,750.0,450.0,300.0
15306,2026-06-09,North,Product A,Core,CUST1212,Loyal,Retail Store,1,500,5,475.0,300.0,175.0
15307,2026-06-09,South,Product D,Accessory,CUST1245,Lost,Retail Store,4,1200,10,4320.0,2880.0,1440.0
15308,2026-06-09,East,Product C,Accessory,CUST1490,At Risk,Online,1,300,0,300.0,180.0,120.0
15309,2026-06-09,West,Product C,Accessory,CUST1519,At Risk,Online,4,300,5,1140.0,720.0,420.0
15310,2026-06-09,East,Product D,Accessory,CUST1090,Loyal,Online,4,1200,20,3840.0,2880.0,960.0
15311,2026-06-09,West,Product D,Accessory,CUST1029,At Risk,Retail Store,3,1200,0,3600.0,2160.0,1440.0
15312,2026-06-09,North,Product A,Core,CUST1503,New,Partner,3,500,5,1425.0,900.0,525.0
15313,2026-06-09,East,Product B,Core,CUST1385,Lost,Retail Store,2,750,5,1425.0,900.0,525.0
15314,2026-06-09,West,Product B,Core,CUST1212,Loyal,Retail Store,2,750,5,1425.0,900.0,525.0
15315,2026-06-09,West,Product B,Core,CUST1107,Loyal,Online,1,750,0,750.0,450.0,300.0
15316,2026-06-09,North,Product C,Accessory,CUST1310,New,Online,3,300,0,900.0,540.0,360.0
15317,2026-06-09,West,Product D,Accessory,CUST1150,At Risk,Online,4,1200,15,4080.0,2880.0,1200.0
15318,2026-06-09,West,Product A,Core,CUST1206,Champions,Online,2,500,10,900.0,600.0,300.0
15319,2026-06-09,South,Product A,Core,CUST1463,Loyal,Online,1,500,10,450.0,300.0,150.0
15320,2026-06-09,South,Product A,Core,CUST1485,New,Partner,3,500,0,1500.0,900.0,600.0
15321,2026-06-09,South,Product B,Core,CUST1146,Loyal,Retail Store,1,750,0,750.0,450.0,300.0
15322,2026-06-09,South,Product A,Core,CUST1572,New,Online,3,500,5,1425.0,900.0,525.0
15323,2026-06-09,North,Product C,Accessory,CUST1127,Champions,Online,4,300,10,1080.0,720.0,360.0
15324,2026-06-09,North,Product D,Accessory,CUST1406,Loyal,Online,3,1200,0,3600.0,2160.0,1440.0
15325,2026-06-09,North,Product B,Core,CUST1307,At Risk,Partner,3,750,0,2250.0,1350.0,900.0
15326,2026-06-09,West,Product A,Core,CUST1169,Lost,Online,4,500,0,2000.0,1200.0,800.0
15327,2026-06-09,North,Product B,Core,CUST1440,Lost,Partner,2,750,5,1425.0,900.0,525.0
15328,2026-06-09,South,Product C,Accessory,CUST1374,Loyal,Partner,4,300,5,1140.0,720.0,420.0
15329,2026-06-09,South,Product B,Core,CUST1595,Loyal,Online,2,750,0,1500.0,900.0,600.0
15330,2026-06-09,West,Product D,Accessory,CUST1497,At Risk,Partner,1,1200,10,1080.0,720.0,360.0
15331,2026-06-09,North,Product D,Accessory,CUST1346,Lost,Retail Store,4,1200,0,4800.0,2880.0,1920.0
15332,2026-06-09,East,Product C,Accessory,CUST1486,New,Online,3,300,5,855.0,540.0,315.0
15333,2026-06-09,West,Product C,Accessory,CUST1267,Loyal,Online,1,300,0,300.0,180.0,120.0
15334,2026-06-09,East,Product A,Core,CUST1037,New,Retail Store,4,500,5,1900.0,1200.0,700.0
15335,2026-06-09,East,Product A,Core,CUST1586,Loyal,Online,1,500,5,475.0,300.0,175.0
15336,2026-06-09,West,Product A,Core,CUST1133,Loyal,Online,4,500,0,2000.0,1200.0,800.0
15337,2026-06-09,East,Product C,Accessory,CUST1478,At Risk,Retail Store,4,300,5,1140.0,720.0,420.0
15338,2026-06-09,North,Product A,Core,CUST1333,Lost,Retail Store,4,500,0,2000.0,1200.0,800.0
15339,2026-06-09,North,Product C,Accessory,CUST1049,Champions,Partner,2,300,10,540.0,360.0,180.0
15340,2026-06-09,North,Product A,Core,CUST1416,Champions,Online,2,500,10,900.0,600.0,300.0
15341,2026-06-09,South,Product B,Core,CUST1103,Lost,Retail Store,3,750,0,2250.0,1350.0,900.0
15342,2026-06-09,North,Product D,Accessory,CUST1359,New,Retail Store,2,1200,0,2400.0,1440.0,960.0
15343,2026-06-09,North,Product A,Core,CUST1127,Champions,Online,3,500,0,1500.0,900.0,600.0
15344,2026-06-10,North,Product C,Accessory,CUST1185,At Risk,Online,2,300,10,540.0,360.0,180.0
15345,2026-06-10,East,Product B,Core,CUST1441,Loyal,Online,2,750,0,1500.0,900.0,600.0
15346,2026-06-10,South,Product B,Core,CUST1552,Loyal,Online,1,750,5,712.5,450.0,262.5
15347,2026-06-10,South,Product C,Accessory,CUST1552,Loyal,Online,1,300,0,300.0,180.0,120.0
15348,2026-06-10,North,Product C,Accessory,CUST1278,Lost,Online,1,300,0,300.0,180.0,120.0
15349,2026-06-10,West,Product D,Accessory,CUST1139,Champions,Online,2,1200,5,2280.0,1440.0,840.0
15350,2026-06-10,South,Product B,Core,CUST1509,Champions,Online,1,750,0,750.0,450.0,300.0
15351,2026-06-10,East,Product D,Accessory,CUST1078,New,Retail Store,1,1200,0,1200.0,720.0,480.0
15352,2026-06-10,North,Product B,Core,CUST1201,Lost,Partner,1,750,0,750.0,450.0,300.0
15353,2026-06-10,North,Product D,Accessory,CUST1026,New,Retail Store,1,1200,5,1140.0,720.0,420.0
15354,2026-06-10,North,Product C,Accessory,CUST1160,Champions,Online,3,300,5,855.0,540.0,315.0
15355,2026-06-10,South,Product C,Accessory,CUST1042,At Risk,Partner,2,300,0,600.0,360.0,240.0
15356,2026-06-10,West,Product D,Accessory,CUST1320,Lost,Partner,3,1200,5,3420.0,2160.0,1260.0
15357,2026-06-10,East,Product A,Core,CUST1541,New,Retail Store,2,500,15,850.0,600.0,250.0
15358,2026-06-10,West,Product B,Core,CUST1572,New,Retail Store,4,750,0,3000.0,1800.0,1200.0
15359,2026-06-10,South,Product B,Core,CUST1263,Champions,Retail Store,4,750,20,2400.0,1800.0,600.0
15360,2026-06-10,East,Product C,Accessory,CUST1076,Loyal,Retail Store,3,300,5,855.0,540.0,315.0
15361,2026-06-10,West,Product C,Accessory,CUST1184,At Risk,Online,4,300,5,1140.0,720.0,420.0
15362,2026-06-10,West,Product D,Accessory,CUST1016,New,Retail Store,4,1200,10,4320.0,2880.0,1440.0
15363,2026-06-10,North,Product C,Accessory,CUST1100,Lost,Retail Store,2,300,15,510.0,360.0,150.0
15364,2026-06-10,South,Product A,Core,CUST1382,At Risk,Retail Store,3,500,10,1350.0,900.0,450.0
15365,2026-06-10,East,Product B,Core,CUST1374,Loyal,Retail Store,1,750,10,675.0,450.0,225.0
15366,2026-06-10,North,Product C,Accessory,CUST1051,Champions,Partner,2,300,0,600.0,360.0,240.0
15367,2026-06-10,North,Product C,Accessory,CUST1081,New,Retail Store,3,300,15,765.0,540.0,225.0
15368,2026-06-10,South,Product A,Core,CUST1525,Loyal,Online,4,500,5,1900.0,1200.0,700.0
15369,2026-06-10,South,Product C,Accessory,CUST1093,Loyal,Online,1,300,5,285.0,180.0,105.0
15370,2026-06-10,East,Product A,Core,CUST1391,Champions,Online,1,500,5,475.0,300.0,175.0
15371,2026-06-10,North,Product C,Accessory,CUST1063,At Risk,Online,2,300,0,600.0,360.0,240.0
15372,2026-06-10,East,Product C,Accessory,CUST1398,New,Online,4,300,0,1200.0,720.0,480.0
15373,2026-06-10,North,Product B,Core,CUST1272,Champions,Online,4,750,5,2850.0,1800.0,1050.0
15374,2026-06-10,West,Product A,Core,CUST1047,Loyal,Retail Store,4,500,10,1800.0,1200.0,600.0
15375,2026-06-10,South,Product A,Core,CUST1450,Champions,Retail Store,1,500,0,500.0,300.0,200.0
15376,2026-06-10,North,Product A,Core,CUST1499,New,Online,4,500,10,1800.0,1200.0,600.0
15377,2026-06-10,West,Product C,Accessory,CUST1583,Loyal,Online,3,300,0,900.0,540.0,360.0
15378,2026-06-10,North,Product B,Core,CUST1458,At Risk,Online,2,750,0,1500.0,900.0,600.0
15379,2026-06-10,West,Product C,Accessory,CUST1023,Lost,Online,2,300,20,480.0,360.0,120.0
15380,2026-06-10,West,Product B,Core,CUST1543,Lost,Partner,1,750,10,675.0,450.0,225.0
15381,2026-06-10,North,Product C,Accessory,CUST1041,At Risk,Online,3,300,0,900.0,540.0,360.0
15382,2026-06-10,South,Product C,Accessory,CUST1247,New,Partner,3,300,5,855.0,540.0,315.0
15383,2026-06-10,South,Product A,Core,CUST1567,Champions,Online,3,500,5,1425.0,900.0,525.0
15384,2026-06-10,South,Product B,Core,CUST1418,Loyal,Online,1,750,5,712.5,450.0,262.5
15385,2026-06-10,North,Product D,Accessory,CUST1055,At Risk,Retail Store,3,1200,15,3060.0,2160.0,900.0
15386,2026-06-10,West,Product A,Core,CUST1319,Lost,Retail Store,2,500,5,950.0,600.0,350.0
15387,2026-06-10,East,Product C,Accessory,CUST1483,Loyal,Online,1,300,5,285.0,180.0,105.0
15388,2026-06-10,East,Product C,Accessory,CUST1094,Loyal,Online,3,300,0,900.0,540.0,360.0
15389,2026-06-10,South,Product B,Core,CUST1257,Champions,Retail Store,4,750,5,2850.0,1800.0,1050.0
15390,2026-06-10,North,Product B,Core,CUST1093,Loyal,Online,1,750,0,750.0,450.0,300.0
15391,2026-06-10,East,Product B,Core,CUST1566,At Risk,Retail Store,1,750,5,712.5,450.0,262.5
15392,2026-06-10,East,Product B,Core,CUST1409,Lost,Online,3,750,5,2137.5,1350.0,787.5
15393,2026-06-10,South,Product A,Core,CUST1307,At Risk,Online,2,500,5,950.0,600.0,350.0
15394,2026-06-10,East,Product C,Accessory,CUST1220,Loyal,Retail Store,4,300,15,1020.0,720.0,300.0
15395,2026-06-10,East,Product C,Accessory,CUST1369,Lost,Retail Store,4,300,10,1080.0,720.0,360.0
15396,2026-06-10,West,Product B,Core,CUST1035,Loyal,Online,4,750,0,3000.0,1800.0,1200.0
15397,2026-06-10,East,Product A,Core,CUST1348,New,Online,1,500,5,475.0,300.0,175.0
15398,2026-06-10,North,Product B,Core,CUST1136,Lost,Retail Store,3,750,20,1800.0,1350.0,450.0
15399,2026-06-10,West,Product B,Core,CUST1165,Loyal,Online,1,750,10,675.0,450.0,225.0
15400,2026-06-11,North,Product A,Core,CUST1580,New,Online,1,500,10,450.0,300.0,150.0
15401,2026-06-11,North,Product C,Accessory,CUST1354,New,Online,4,300,5,1140.0,720.0,420.0
15402,2026-06-11,West,Product C,Accessory,CUST1523,At Risk,Retail Store,1,300,10,270.0,180.0,90.0
15403,2026-06-11,North,Product C,Accessory,CUST1149,Champions,Online,2,300,0,600.0,360.0,240.0
15404,2026-06-11,West,Product C,Accessory,CUST1297,At Risk,Retail Store,1,300,0,300.0,180.0,120.0
15405,2026-06-11,North,Product A,Core,CUST1160,Champions,Partner,4,500,5,1900.0,1200.0,700.0
15406,2026-06-11,West,Product C,Accessory,CUST1596,At Risk,Online,1,300,5,285.0,180.0,105.0
15407,2026-06-11,South,Product B,Core,CUST1239,Champions,Retail Store,3,750,10,2025.0,1350.0,675.0
15408,2026-06-11,South,Product C,Accessory,CUST1427,At Risk,Online,1,300,0,300.0,180.0,120.0
15409,2026-06-11,South,Product C,Accessory,CUST1226,Champions,Online,3,300,5,855.0,540.0,315.0
15410,2026-06-11,East,Product C,Accessory,CUST1323,New,Retail Store,4,300,10,1080.0,720.0,360.0
15411,2026-06-11,North,Product C,Accessory,CUST1440,Lost,Retail Store,2,300,0,600.0,360.0,240.0
15412,2026-06-11,North,Product A,Core,CUST1313,Loyal,Online,4,500,0,2000.0,1200.0,800.0
15413,2026-06-11,North,Product A,Core,CUST1128,Champions,Online,4,500,10,1800.0,1200.0,600.0
15414,2026-06-11,West,Product B,Core,CUST1016,New,Online,3,750,5,2137.5,1350.0,787.5
15415,2026-06-11,North,Product D,Accessory,CUST1007,At Risk,Online,1,1200,5,1140.0,720.0,420.0
15416,2026-06-11,North,Product D,Accessory,CUST1005,Lost,Retail Store,1,1200,0,1200.0,720.0,480.0
15417,2026-06-11,South,Product C,Accessory,CUST1281,Loyal,Online,3,300,0,900.0,540.0,360.0
15418,2026-06-11,West,Product A,Core,CUST1472,Champions,Online,3,500,0,1500.0,900.0,600.0
15419,2026-06-11,North,Product A,Core,CUST1579,Loyal,Online,3,500,0,1500.0,900.0,600.0
15420,2026-06-11,South,Product B,Core,CUST1255,At Risk,Online,1,750,0,750.0,450.0,300.0
15421,2026-06-11,South,Product A,Core,CUST1199,Loyal,Online,2,500,5,950.0,600.0,350.0
15422,2026-06-11,North,Product B,Core,CUST1386,At Risk,Partner,2,750,10,1350.0,900.0,450.0
15423,2026-06-11,North,Product A,Core,CUST1462,Lost,Online,4,500,0,2000.0,1200.0,800.0
15424,2026-06-11,North,Product A,Core,CUST1543,Lost,Online,4,500,15,1700.0,1200.0,500.0
15425,2026-06-11,West,Product A,Core,CUST1095,At Risk,Retail Store,3,500,10,1350.0,900.0,450.0
15426,2026-06-11,West,Product C,Accessory,CUST1167,At Risk,Online,3,300,5,855.0,540.0,315.0
15427,2026-06-11,East,Product C,Accessory,CUST1531,At Risk,Online,3,300,5,855.0,540.0,315.0
15428,2026-06-11,West,Product A,Core,CUST1224,Loyal,Retail Store,4,500,5,1900.0,1200.0,700.0
15429,2026-06-11,South,Product B,Core,CUST1501,Lost,Online,4,750,10,2700.0,1800.0,900.0
15430,2026-06-11,South,Product A,Core,CUST1535,Loyal,Online,1,500,0,500.0,300.0,200.0
15431,2026-06-11,North,Product D,Accessory,CUST1445,At Risk,Retail Store,3,1200,5,3420.0,2160.0,1260.0
15432,2026-06-11,West,Product A,Core,CUST1454,Champions,Retail Store,3,500,15,1275.0,900.0,375.0
15433,2026-06-11,South,Product D,Accessory,CUST1166,At Risk,Online,3,1200,0,3600.0,2160.0,1440.0
15434,2026-06-11,South,Product A,Core,CUST1290,At Risk,Online,1,500,10,450.0,300.0,150.0
15435,2026-06-11,West,Product D,Accessory,CUST1311,New,Partner,3,1200,5,3420.0,2160.0,1260.0
15436,2026-06-11,South,Product B,Core,CUST1485,New,Retail Store,2,750,20,1200.0,900.0,300.0
15437,2026-06-11,North,Product A,Core,CUST1458,At Risk,Online,2,500,5,950.0,600.0,350.0
15438,2026-06-11,South,Product B,Core,CUST1014,New,Online,2,750,0,1500.0,900.0,600.0
15439,2026-06-11,East,Product C,Accessory,CUST1012,At Risk,Retail Store,2,300,10,540.0,360.0,180.0
15440,2026-06-11,South,Product B,Core,CUST1293,Champions,Online,2,750,0,1500.0,900.0,600.0
15441,2026-06-11,South,Product C,Accessory,CUST1528,At Risk,Partner,2,300,0,600.0,360.0,240.0
15442,2026-06-11,South,Product B,Core,CUST1165,Loyal,Partner,3,750,0,2250.0,1350.0,900.0
15443,2026-06-11,East,Product B,Core,CUST1200,At Risk,Retail Store,4,750,10,2700.0,1800.0,900.0
15444,2026-06-11,East,Product B,Core,CUST1391,Champions,Partner,2,750,0,1500.0,900.0,600.0
15445,2026-06-11,South,Product C,Accessory,CUST1071,New,Online,4,300,15,1020.0,720.0,300.0
15446,2026-06-11,South,Product B,Core,CUST1309,Champions,Online,3,750,10,2025.0,1350.0,675.0
15447,2026-06-11,North,Product A,Core,CUST1520,Lost,Online,1,500,0,500.0,300.0,200.0
15448,2026-06-11,West,Product B,Core,CUST1355,New,Online,3,750,15,1912.5,1350.0,562.5
15449,2026-06-11,East,Product C,Accessory,CUST1428,Champions,Retail Store,2,300,5,570.0,360.0,210.0
15450,2026-06-11,North,Product C,Accessory,CUST1424,At Risk,Online,2,300,5,570.0,360.0,210.0
15451,2026-06-11,East,Product B,Core,CUST1218,Lost,Online,4,750,10,2700.0,1800.0,900.0
15452,2026-06-11,West,Product C,Accessory,CUST1105,At Risk,Online,2,300,10,540.0,360.0,180.0
15453,2026-06-11,West,Product B,Core,CUST1245,Lost,Online,3,750,0,2250.0,1350.0,900.0
15454,2026-06-11,East,Product C,Accessory,CUST1455,Loyal,Retail Store,3,300,0,900.0,540.0,360.0
15455,2026-06-11,North,Product A,Core,CUST1042,At Risk,Retail Store,1,500,15,425.0,300.0,125.0
15456,2026-06-12,East,Product A,Core,CUST1587,Loyal,Partner,3,500,0,1500.0,900.0,600.0
15457,2026-06-12,East,Product A,Core,CUST1402,At Risk,Online,1,500,0,500.0,300.0,200.0
15458,2026-06-12,East,Product A,Core,CUST1153,New,Retail Store,3,500,10,1350.0,900.0,450.0
15459,2026-06-12,North,Product A,Core,CUST1278,Lost,Online,2,500,5,950.0,600.0,350.0
15460,2026-06-12,East,Product A,Core,CUST1590,Lost,Retail Store,1,500,15,425.0,300.0,125.0
15461,2026-06-12,East,Product B,Core,CUST1110,New,Online,3,750,0,2250.0,1350.0,900.0
15462,2026-06-12,East,Product A,Core,CUST1270,Champions,Retail Store,3,500,10,1350.0,900.0,450.0
15463,2026-06-12,South,Product B,Core,CUST1064,At Risk,Retail Store,3,750,5,2137.5,1350.0,787.5
15464,2026-06-12,East,Product A,Core,CUST1026,New,Online,3,500,10,1350.0,900.0,450.0
15465,2026-06-12,South,Product C,Accessory,CUST1457,New,Online,1,300,0,300.0,180.0,120.0
15466,2026-06-12,West,Product A,Core,CUST1231,New,Online,2,500,10,900.0,600.0,300.0
15467,2026-06-12,North,Product B,Core,CUST1014,New,Online,1,750,0,750.0,450.0,300.0
15468,2026-06-12,West,Product B,Core,CUST1595,Loyal,Online,3,750,10,2025.0,1350.0,675.0
15469,2026-06-12,East,Product B,Core,CUST1097,Champions,Online,4,750,5,2850.0,1800.0,1050.0
15470,2026-06-12,West,Product C,Accessory,CUST1286,Champions,Retail Store,2,300,20,480.0,360.0,120.0
15471,2026-06-12,North,Product B,Core,CUST1373,Loyal,Online,3,750,15,1912.5,1350.0,562.5
15472,2026-06-12,South,Product D,Accessory,CUST1340,Champions,Online,1,1200,0,1200.0,720.0,480.0
15473,2026-06-12,South,Product B,Core,CUST1327,New,Online,1,750,5,712.5,450.0,262.5
15474,2026-06-12,East,Product B,Core,CUST1228,At Risk,Retail Store,4,750,20,2400.0,1800.0,600.0
15475,2026-06-12,West,Product A,Core,CUST1550,New,Online,3,500,0,1500.0,900.0,600.0
15476,2026-06-12,East,Product A,Core,CUST1369,Lost,Retail Store,3,500,0,1500.0,900.0,600.0
15477,2026-06-12,West,Product C,Accessory,CUST1139,Champions,Online,4,300,15,1020.0,720.0,300.0
15478,2026-06-12,North,Product C,Accessory,CUST1327,New,Online,1,300,10,270.0,180.0,90.0
15479,2026-06-12,West,Product C,Accessory,CUST1465,At Risk,Online,3,300,20,720.0,540.0,180.0
15480,2026-06-12,South,Product D,Accessory,CUST1393,At Risk,Online,4,1200,0,4800.0,2880.0,1920.0
15481,2026-06-12,East,Product D,Accessory,CUST1411,At Risk,Retail Store,3,1200,20,2880.0,2160.0,720.0
15482,2026-06-12,South,Product B,Core,CUST1599,At Risk,Online,3,750,0,2250.0,1350.0,900.0
15483,2026-06-12,East,Product B,Core,CUST1075,Loyal,Online,4,750,0,3000.0,1800.0,1200.0
15484,2026-06-12,West,Product B,Core,CUST1492,At Risk,Retail Store,3,750,0,2250.0,1350.0,900.0
15485,2026-06-12,North,Product B,Core,CUST1216,Champions,Online,2,750,5,1425.0,900.0,525.0
15486,2026-06-12,South,Product B,Core,CUST1009,New,Online,3,750,5,2137.5,1350.0,787.5
15487,2026-06-12,West,Product B,Core,CUST1118,New,Retail Store,2,750,20,1200.0,900.0,300.0
15488,2026-06-12,East,Product A,Core,CUST1400,Loyal,Retail Store,2,500,0,1000.0,600.0,400.0
15489,2026-06-12,North,Product D,Accessory,CUST1412,Champions,Online,2,1200,5,2280.0,1440.0,840.0
15490,2026-06-12,East,Product B,Core,CUST1331,Loyal,Online,4,750,0,3000.0,1800.0,1200.0
15491,2026-06-12,South,Product A,Core,CUST1559,New,Retail Store,2,500,0,1000.0,600.0,400.0
15492,2026-06-12,West,Product D,Accessory,CUST1405,Lost,Retail Store,3,1200,10,3240.0,2160.0,1080.0
15493,2026-06-12,South,Product B,Core,CUST1088,Loyal,Online,1,750,5,712.5,450.0,262.5
15494,2026-06-12,South,Product C,Accessory,CUST1421,Champions,Online,4,300,0,1200.0,720.0,480.0
15495,2026-06-12,North,Product D,Accessory,CUST1203,Champions,Online,3,1200,5,3420.0,2160.0,1260.0
15496,2026-06-12,North,Product D,Accessory,CUST1217,Champions,Online,3,1200,0,3600.0,2160.0,1440.0
15497,2026-06-12,North,Product B,Core,CUST1418,Loyal,Retail Store,1,750,20,600.0,450.0,150.0
15498,2026-06-12,South,Product B,Core,CUST1120,New,Retail Store,2,750,0,1500.0,900.0,600.0
15499,2026-06-12,West,Product A,Core,CUST1084,Champions,Retail Store,4,500,10,1800.0,1200.0,600.0
15500,2026-06-12,North,Product D,Accessory,CUST1034,New,Online,2,1200,0,2400.0,1440.0,960.0
15501,2026-06-12,South,Product B,Core,CUST1266,Loyal,Online,1,750,5,712.5,450.0,262.5
15502,2026-06-12,East,Product C,Accessory,CUST1033,Loyal,Online,2,300,0,600.0,360.0,240.0
15503,2026-06-12,South,Product A,Core,CUST1183,Loyal,Online,3,500,10,1350.0,900.0,450.0
15504,2026-06-12,North,Product A,Core,CUST1198,Loyal,Online,2,500,10,900.0,600.0,300.0
15505,2026-06-12,West,Product B,Core,CUST1026,New,Retail Store,1,750,0,750.0,450.0,300.0
15506,2026-06-12,North,Product B,Core,CUST1042,At Risk,Retail Store,2,750,5,1425.0,900.0,525.0
15507,2026-06-12,East,Product A,Core,CUST1537,Loyal,Retail Store,3,500,0,1500.0,900.0,600.0
15508,2026-06-12,South,Product A,Core,CUST1394,Champions,Retail Store,2,500,10,900.0,600.0,300.0
15509,2026-06-13,West,Product B,Core,CUST1364,At Risk,Retail Store,1,750,0,750.0,450.0,300.0
15510,2026-06-13,West,Product A,Core,CUST1537,Loyal,Online,1,500,15,425.0,300.0,125.0
15511,2026-06-13,North,Product B,Core,CUST1216,Champions,Online,1,750,10,675.0,450.0,225.0
15512,2026-06-13,West,Product C,Accessory,CUST1450,Champions,Online,2,300,5,570.0,360.0,210.0
15513,2026-06-13,South,Product B,Core,CUST1518,Champions,Retail Store,1,750,5,712.5,450.0,262.5
15514,2026-06-13,West,Product A,Core,CUST1010,Loyal,Online,1,500,0,500.0,300.0,200.0
15515,2026-06-13,South,Product D,Accessory,CUST1546,Loyal,Retail Store,4,1200,10,4320.0,2880.0,1440.0
15516,2026-06-13,North,Product D,Accessory,CUST1118,New,Online,3,1200,5,3420.0,2160.0,1260.0
15517,2026-06-13,North,Product C,Accessory,CUST1351,Loyal,Online,1,300,5,285.0,180.0,105.0
15518,2026-06-13,North,Product A,Core,CUST1451,Lost,Online,2,500,5,950.0,600.0,350.0
15519,2026-06-13,North,Product A,Core,CUST1061,New,Online,2,500,0,1000.0,600.0,400.0
15520,2026-06-13,North,Product A,Core,CUST1250,At Risk,Online,3,500,10,1350.0,900.0,450.0
15521,2026-06-13,North,Product B,Core,CUST1154,Champions,Online,4,750,0,3000.0,1800.0,1200.0
15522,2026-06-13,East,Product A,Core,CUST1541,New,Retail Store,1,500,15,425.0,300.0,125.0
15523,2026-06-13,North,Product B,Core,CUST1201,Lost,Retail Store,1,750,20,600.0,450.0,150.0
15524,2026-06-13,East,Product A,Core,CUST1477,At Risk,Online,4,500,10,1800.0,1200.0,600.0
15525,2026-06-13,East,Product C,Accessory,CUST1368,Loyal,Retail Store,2,300,5,570.0,360.0,210.0
15526,2026-06-13,South,Product D,Accessory,CUST1210,At Risk,Online,2,1200,5,2280.0,1440.0,840.0
15527,2026-06-13,North,Product C,Accessory,CUST1173,Lost,Online,2,300,15,510.0,360.0,150.0
15528,2026-06-13,East,Product A,Core,CUST1251,Lost,Retail Store,2,500,15,850.0,600.0,250.0
15529,2026-06-13,East,Product B,Core,CUST1478,At Risk,Online,2,750,0,1500.0,900.0,600.0
15530,2026-06-13,North,Product B,Core,CUST1276,Loyal,Online,3,750,10,2025.0,1350.0,675.0
15531,2026-06-13,East,Product C,Accessory,CUST1024,At Risk,Retail Store,4,300,5,1140.0,720.0,420.0
15532,2026-06-13,East,Product D,Accessory,CUST1423,Champions,Retail Store,2,1200,0,2400.0,1440.0,960.0
15533,2026-06-13,East,Product A,Core,CUST1062,New,Online,3,500,0,1500.0,900.0,600.0
15534,2026-06-13,South,Product C,Accessory,CUST1091,At Risk,Online,4,300,0,1200.0,720.0,480.0
15535,2026-06-13,East,Product B,Core,CUST1170,Loyal,Retail Store,2,750,0,1500.0,900.0,600.0
15536,2026-06-13,South,Product A,Core,CUST1173,Lost,Retail Store,4,500,5,1900.0,1200.0,700.0
15537,2026-06-13,West,Product A,Core,CUST1049,Champions,Retail Store,3,500,10,1350.0,900.0,450.0
15538,2026-06-13,East,Product A,Core,CUST1185,At Risk,Online,1,500,15,425.0,300.0,125.0
15539,2026-06-13,South,Product B,Core,CUST1014,New,Online,1,750,5,712.5,450.0,262.5
15540,2026-06-13,South,Product A,Core,CUST1131,Lost,Partner,1,500,5,475.0,300.0,175.0
15541,2026-06-13,East,Product D,Accessory,CUST1477,At Risk,Retail Store,3,1200,5,3420.0,2160.0,1260.0
15542,2026-06-13,North,Product A,Core,CUST1494,At Risk,Online,4,500,10,1800.0,1200.0,600.0
15543,2026-06-13,North,Product B,Core,CUST1355,New,Online,3,750,10,2025.0,1350.0,675.0
15544,2026-06-13,West,Product C,Accessory,CUST1340,Champions,Online,1,300,5,285.0,180.0,105.0
15545,2026-06-13,East,Product A,Core,CUST1494,At Risk,Online,1,500,0,500.0,300.0,200.0
15546,2026-06-13,East,Product D,Accessory,CUST1292,Lost,Online,1,1200,0,1200.0,720.0,480.0
15547,2026-06-13,South,Product A,Core,CUST1065,New,Online,2,500,10,900.0,600.0,300.0
15548,2026-06-13,East,Product B,Core,CUST1333,Lost,Online,3,750,0,2250.0,1350.0,900.0
15549,2026-06-13,North,Product A,Core,CUST1303,New,Partner,4,500,5,1900.0,1200.0,700.0
15550,2026-06-13,East,Product B,Core,CUST1351,Loyal,Online,3,750,10,2025.0,1350.0,675.0
15551,2026-06-13,North,Product B,Core,CUST1141,New,Partner,4,750,0,3000.0,1800.0,1200.0
15552,2026-06-13,South,Product A,Core,CUST1251,Lost,Online,1,500,5,475.0,300.0,175.0
15553,2026-06-13,East,Product B,Core,CUST1047,Loyal,Online,2,750,5,1425.0,900.0,525.0
15554,2026-06-13,East,Product A,Core,CUST1576,Lost,Partner,1,500,0,500.0,300.0,200.0
15555,2026-06-13,South,Product A,Core,CUST1403,Champions,Retail Store,3,500,10,1350.0,900.0,450.0
15556,2026-06-13,West,Product A,Core,CUST1527,Lost,Partner,2,500,5,950.0,600.0,350.0
15557,2026-06-13,West,Product B,Core,CUST1482,New,Partner,1,750,5,712.5,450.0,262.5
15558,2026-06-13,North,Product B,Core,CUST1164,New,Online,3,750,5,2137.5,1350.0,787.5
15559,2026-06-13,North,Product C,Accessory,CUST1002,Lost,Retail Store,2,300,10,540.0,360.0,180.0
15560,2026-06-13,West,Product D,Accessory,CUST1291,Champions,Retail Store,2,1200,0,2400.0,1440.0,960.0
15561,2026-06-13,North,Product B,Core,CUST1263,Champions,Online,2,750,20,1200.0,900.0,300.0
15562,2026-06-13,North,Product B,Core,CUST1114,Loyal,Online,1,750,0,750.0,450.0,300.0
15563,2026-06-13,South,Product A,Core,CUST1280,Champions,Partner,3,500,10,1350.0,900.0,450.0
15564,2026-06-13,South,Product C,Accessory,CUST1515,Loyal,Online,4,300,10,1080.0,720.0,360.0
15565,2026-06-13,East,Product C,Accessory,CUST1339,Lost,Retail Store,1,300,10,270.0,180.0,90.0
15566,2026-06-13,East,Product A,Core,CUST1497,At Risk,Retail Store,1,500,5,475.0,300.0,175.0
15567,2026-06-13,West,Product B,Core,CUST1520,Lost,Retail Store,1,750,5,712.5,450.0,262.5
15568,2026-06-13,East,Product A,Core,CUST1491,At Risk,Online,1,500,0,500.0,300.0,200.0
15569,2026-06-13,East,Product A,Core,CUST1549,New,Online,4,500,10,1800.0,1200.0,600.0
15570,2026-06-13,South,Product A,Core,CUST1597,At Risk,Partner,3,500,15,1275.0,900.0,375.0
15571,2026-06-13,North,Product B,Core,CUST1305,New,Online,1,750,5,712.5,450.0,262.5
15572,2026-06-13,North,Product D,Accessory,CUST1181,Lost,Online,3,1200,5,3420.0,2160.0,1260.0
15573,2026-06-13,South,Product A,Core,CUST1052,At Risk,Online,2,500,10,900.0,600.0,300.0
15574,2026-06-13,North,Product B,Core,CUST1233,New,Partner,4,750,15,2550.0,1800.0,750.0
15575,2026-06-13,East,Product B,Core,CUST1148,New,Online,1,750,0,750.0,450.0,300.0
15576,2026-06-13,South,Product A,Core,CUST1234,Lost,Online,3,500,0,1500.0,900.0,600.0
15577,2026-06-13,East,Product A,Core,CUST1579,Loyal,Online,2,500,10,900.0,600.0,300.0
15578,2026-06-13,West,Product A,Core,CUST1571,At Risk,Retail Store,4,500,20,1600.0,1200.0,400.0
15579,2026-06-13,West,Product B,Core,CUST1155,At Risk,Online,1,750,5,712.5,450.0,262.5
15580,2026-06-13,West,Product A,Core,CUST1212,Loyal,Partner,3,500,0,1500.0,900.0,600.0
15581,2026-06-13,North,Product A,Core,CUST1159,At Risk,Online,1,500,5,475.0,300.0,175.0
15582,2026-06-14,North,Product B,Core,CUST1581,New,Retail Store,1,750,5,712.5,450.0,262.5
15583,2026-06-14,South,Product C,Accessory,CUST1029,At Risk,Online,4,300,5,1140.0,720.0,420.0
15584,2026-06-14,North,Product C,Accessory,CUST1205,Loyal,Online,1,300,0,300.0,180.0,120.0
15585,2026-06-14,West,Product A,Core,CUST1251,Lost,Retail Store,4,500,0,2000.0,1200.0,800.0
15586,2026-06-14,North,Product B,Core,CUST1437,New,Online,3,750,20,1800.0,1350.0,450.0
15587,2026-06-14,North,Product B,Core,CUST1286,Champions,Online,1,750,10,675.0,450.0,225.0
15588,2026-06-14,North,Product A,Core,CUST1484,Champions,Retail Store,3,500,5,1425.0,900.0,525.0
15589,2026-06-14,North,Product B,Core,CUST1268,Champions,Online,3,750,0,2250.0,1350.0,900.0
15590,2026-06-14,North,Product A,Core,CUST1040,New,Online,4,500,10,1800.0,1200.0,600.0
15591,2026-06-14,East,Product A,Core,CUST1039,At Risk,Retail Store,2,500,20,800.0,600.0,200.0
15592,2026-06-14,West,Product D,Accessory,CUST1175,Champions,Online,3,1200,5,3420.0,2160.0,1260.0
15593,2026-06-14,South,Product A,Core,CUST1403,Champions,Online,2,500,0,1000.0,600.0,400.0
15594,2026-06-14,South,Product C,Accessory,CUST1041,At Risk,Retail Store,3,300,10,810.0,540.0,270.0
15595,2026-06-14,South,Product B,Core,CUST1141,New,Online,3,750,10,2025.0,1350.0,675.0
15596,2026-06-14,North,Product D,Accessory,CUST1211,New,Online,2,1200,10,2160.0,1440.0,720.0
15597,2026-06-14,East,Product B,Core,CUST1358,New,Retail Store,1,750,0,750.0,450.0,300.0
15598,2026-06-14,North,Product D,Accessory,CUST1467,Lost,Retail Store,1,1200,0,1200.0,720.0,480.0
15599,2026-06-14,East,Product B,Core,CUST1178,Lost,Online,2,750,10,1350.0,900.0,450.0
15600,2026-06-14,South,Product B,Core,CUST1025,Loyal,Online,2,750,0,1500.0,900.0,600.0
15601,2026-06-14,East,Product D,Accessory,CUST1591,New,Online,1,1200,20,960.0,720.0,240.0
15602,2026-06-14,South,Product B,Core,CUST1438,At Risk,Online,3,750,15,1912.5,1350.0,562.5
15603,2026-06-14,East,Product C,Accessory,CUST1026,New,Online,1,300,15,255.0,180.0,75.0
15604,2026-06-14,West,Product C,Accessory,CUST1282,Loyal,Retail Store,1,300,0,300.0,180.0,120.0
15605,2026-06-14,East,Product C,Accessory,CUST1410,At Risk,Online,2,300,10,540.0,360.0,180.0
15606,2026-06-14,West,Product A,Core,CUST1497,At Risk,Retail Store,1,500,0,500.0,300.0,200.0
15607,2026-06-14,North,Product A,Core,CUST1021,Loyal,Online,1,500,10,450.0,300.0,150.0
15608,2026-06-14,South,Product A,Core,CUST1407,At Risk,Online,3,500,10,1350.0,900.0,450.0
15609,2026-06-14,South,Product C,Accessory,CUST1506,Loyal,Retail Store,1,300,10,270.0,180.0,90.0
15610,2026-06-14,South,Product D,Accessory,CUST1182,New,Online,1,1200,10,1080.0,720.0,360.0
15611,2026-06-14,East,Product A,Core,CUST1565,At Risk,Online,1,500,0,500.0,300.0,200.0
15612,2026-06-14,South,Product A,Core,CUST1325,At Risk,Retail Store,3,500,10,1350.0,900.0,450.0
15613,2026-06-14,West,Product A,Core,CUST1072,Lost,Online,1,500,0,500.0,300.0,200.0
15614,2026-06-14,South,Product A,Core,CUST1575,New,Partner,3,500,0,1500.0,900.0,600.0
15615,2026-06-14,North,Product C,Accessory,CUST1419,Lost,Online,4,300,0,1200.0,720.0,480.0
15616,2026-06-14,East,Product C,Accessory,CUST1585,At Risk,Online,1,300,5,285.0,180.0,105.0
15617,2026-06-14,East,Product D,Accessory,CUST1368,Loyal,Retail Store,3,1200,10,3240.0,2160.0,1080.0
15618,2026-06-14,East,Product A,Core,CUST1018,At Risk,Retail Store,2,500,0,1000.0,600.0,400.0
15619,2026-06-14,North,Product A,Core,CUST1364,At Risk,Retail Store,4,500,20,1600.0,1200.0,400.0
15620,2026-06-14,East,Product B,Core,CUST1063,At Risk,Retail Store,2,750,10,1350.0,900.0,450.0
15621,2026-06-14,South,Product C,Accessory,CUST1174,Loyal,Online,2,300,0,600.0,360.0,240.0
15622,2026-06-14,North,Product A,Core,CUST1137,New,Online,3,500,0,1500.0,900.0,600.0
15623,2026-06-14,North,Product B,Core,CUST1316,Loyal,Online,1,750,0,750.0,450.0,300.0
15624,2026-06-14,East,Product A,Core,CUST1237,At Risk,Online,1,500,0,500.0,300.0,200.0
15625,2026-06-15,East,Product D,Accessory,CUST1136,Lost,Retail Store,1,1200,10,1080.0,720.0,360.0
15626,2026-06-15,East,Product D,Accessory,CUST1068,Champions,Online,1,1200,5,1140.0,720.0,420.0
15627,2026-06-15,East,Product A,Core,CUST1335,At Risk,Partner,1,500,5,475.0,300.0,175.0
15628,2026-06-15,North,Product A,Core,CUST1438,At Risk,Online,3,500,20,1200.0,900.0,300.0
15629,2026-06-15,North,Product A,Core,CUST1003,At Risk,Online,3,500,5,1425.0,900.0,525.0
15630,2026-06-15,East,Product B,Core,CUST1442,At Risk,Retail Store,4,750,5,2850.0,1800.0,1050.0
15631,2026-06-15,West,Product A,Core,CUST1586,Loyal,Online,3,500,0,1500.0,900.0,600.0
15632,2026-06-15,West,Product A,Core,CUST1202,New,Online,2,500,5,950.0,600.0,350.0
15633,2026-06-15,West,Product B,Core,CUST1489,New,Online,4,750,10,2700.0,1800.0,900.0
15634,2026-06-15,North,Product D,Accessory,CUST1269,Champions,Online,1,1200,0,1200.0,720.0,480.0
15635,2026-06-15,West,Product C,Accessory,CUST1175,Champions,Partner,3,300,0,900.0,540.0,360.0
15636,2026-06-15,North,Product C,Accessory,CUST1024,At Risk,Retail Store,1,300,0,300.0,180.0,120.0
15637,2026-06-15,South,Product A,Core,CUST1388,Champions,Online,1,500,0,500.0,300.0,200.0
15638,2026-06-15,East,Product B,Core,CUST1102,Loyal,Online,1,750,0,750.0,450.0,300.0
15639,2026-06-15,South,Product A,Core,CUST1015,Loyal,Online,4,500,5,1900.0,1200.0,700.0
15640,2026-06-15,East,Product A,Core,CUST1571,At Risk,Online,1,500,5,475.0,300.0,175.0
15641,2026-06-15,West,Product B,Core,CUST1348,New,Online,4,750,0,3000.0,1800.0,1200.0
15642,2026-06-15,West,Product A,Core,CUST1444,Loyal,Online,2,500,20,800.0,600.0,200.0
15643,2026-06-15,South,Product A,Core,CUST1118,New,Retail Store,4,500,10,1800.0,1200.0,600.0
15644,2026-06-15,South,Product B,Core,CUST1235,At Risk,Online,4,750,5,2850.0,1800.0,1050.0
15645,2026-06-15,West,Product B,Core,CUST1565,At Risk,Retail Store,2,750,15,1275.0,900.0,375.0
15646,2026-06-15,North,Product A,Core,CUST1261,At Risk,Retail Store,4,500,0,2000.0,1200.0,800.0
15647,2026-06-15,North,Product A,Core,CUST1086,At Risk,Partner,2,500,0,1000.0,600.0,400.0
15648,2026-06-15,East,Product B,Core,CUST1164,New,Retail Store,4,750,20,2400.0,1800.0,600.0
15649,2026-06-15,North,Product C,Accessory,CUST1032,Loyal,Retail Store,4,300,0,1200.0,720.0,480.0
15650,2026-06-15,North,Product A,Core,CUST1530,At Risk,Online,1,500,0,500.0,300.0,200.0
15651,2026-06-15,South,Product C,Accessory,CUST1566,At Risk,Retail Store,1,300,10,270.0,180.0,90.0
15652,2026-06-15,South,Product B,Core,CUST1049,Champions,Online,3,750,10,2025.0,1350.0,675.0
15653,2026-06-15,West,Product B,Core,CUST1078,New,Retail Store,2,750,10,1350.0,900.0,450.0
15654,2026-06-15,North,Product A,Core,CUST1434,Champions,Retail Store,3,500,20,1200.0,900.0,300.0
15655,2026-06-15,East,Product C,Accessory,CUST1407,At Risk,Online,4,300,0,1200.0,720.0,480.0
15656,2026-06-15,North,Product B,Core,CUST1086,At Risk,Retail Store,1,750,5,712.5,450.0,262.5
15657,2026-06-15,East,Product C,Accessory,CUST1368,Loyal,Online,4,300,0,1200.0,720.0,480.0
15658,2026-06-15,West,Product A,Core,CUST1432,At Risk,Online,4,500,5,1900.0,1200.0,700.0
15659,2026-06-15,East,Product C,Accessory,CUST1571,At Risk,Retail Store,1,300,15,255.0,180.0,75.0
15660,2026-06-15,East,Product D,Accessory,CUST1090,Loyal,Retail Store,4,1200,5,4560.0,2880.0,1680.0
15661,2026-06-15,West,Product D,Accessory,CUST1400,Loyal,Online,3,1200,0,3600.0,2160.0,1440.0
15662,2026-06-15,East,Product D,Accessory,CUST1098,Champions,Partner,1,1200,0,1200.0,720.0,480.0
15663,2026-06-15,South,Product D,Accessory,CUST1092,New,Retail Store,4,1200,20,3840.0,2880.0,960.0
15664,2026-06-15,West,Product D,Accessory,CUST1307,At Risk,Online,4,1200,0,4800.0,2880.0,1920.0
15665,2026-06-15,North,Product A,Core,CUST1134,New,Online,1,500,5,475.0,300.0,175.0
15666,2026-06-15,North,Product A,Core,CUST1418,Loyal,Online,1,500,15,425.0,300.0,125.0
15667,2026-06-15,East,Product C,Accessory,CUST1331,Loyal,Retail Store,4,300,0,1200.0,720.0,480.0
15668,2026-06-15,North,Product B,Core,CUST1367,At Risk,Retail Store,3,750,5,2137.5,1350.0,787.5
15669,2026-06-15,West,Product B,Core,CUST1570,Loyal,Online,1,750,0,750.0,450.0,300.0
15670,2026-06-15,West,Product B,Core,CUST1347,Loyal,Online,1,750,0,750.0,450.0,300.0
15671,2026-06-15,North,Product D,Accessory,CUST1183,Loyal,Partner,1,1200,10,1080.0,720.0,360.0
15672,2026-06-15,East,Product A,Core,CUST1098,Champions,Online,3,500,0,1500.0,900.0,600.0
15673,2026-06-15,West,Product D,Accessory,CUST1302,New,Retail Store,1,1200,0,1200.0,720.0,480.0
15674,2026-06-15,North,Product A,Core,CUST1013,At Risk,Retail Store,3,500,20,1200.0,900.0,300.0
15675,2026-06-15,East,Product A,Core,CUST1404,Lost,Retail Store,1,500,0,500.0,300.0,200.0
15676,2026-06-15,North,Product A,Core,CUST1497,At Risk,Online,2,500,10,900.0,600.0,300.0
15677,2026-06-15,West,Product C,Accessory,CUST1222,At Risk,Online,2,300,0,600.0,360.0,240.0
15678,2026-06-15,West,Product B,Core,CUST1184,At Risk,Retail Store,1,750,20,600.0,450.0,150.0
15679,2026-06-15,North,Product A,Core,CUST1391,Champions,Online,4,500,5,1900.0,1200.0,700.0
15680,2026-06-15,East,Product A,Core,CUST1060,At Risk,Online,2,500,0,1000.0,600.0,400.0
15681,2026-06-15,South,Product A,Core,CUST1007,At Risk,Retail Store,3,500,5,1425.0,900.0,525.0
15682,2026-06-15,North,Product B,Core,CUST1081,New,Partner,1,750,5,712.5,450.0,262.5
15683,2026-06-16,North,Product C,Accessory,CUST1444,Loyal,Online,1,300,5,285.0,180.0,105.0
15684,2026-06-16,North,Product D,Accessory,CUST1103,Lost,Retail Store,1,1200,0,1200.0,720.0,480.0
15685,2026-06-16,North,Product D,Accessory,CUST1500,At Risk,Partner,1,1200,0,1200.0,720.0,480.0
15686,2026-06-16,East,Product B,Core,CUST1028,Loyal,Retail Store,2,750,0,1500.0,900.0,600.0
15687,2026-06-16,West,Product B,Core,CUST1394,Champions,Retail Store,3,750,0,2250.0,1350.0,900.0
15688,2026-06-16,West,Product B,Core,CUST1342,At Risk,Retail Store,4,750,5,2850.0,1800.0,1050.0
15689,2026-06-16,North,Product A,Core,CUST1327,New,Online,3,500,5,1425.0,900.0,525.0
15690,2026-06-16,North,Product A,Core,CUST1276,Loyal,Online,3,500,0,1500.0,900.0,600.0
15691,2026-06-16,East,Product D,Accessory,CUST1160,Champions,Retail Store,1,1200,0,1200.0,720.0,480.0
15692,2026-06-16,East,Product A,Core,CUST1507,At Risk,Retail Store,4,500,10,1800.0,1200.0,600.0
15693,2026-06-16,North,Product C,Accessory,CUST1410,At Risk,Online,1,300,5,285.0,180.0,105.0
15694,2026-06-16,West,Product C,Accessory,CUST1051,Champions,Online,4,300,0,1200.0,720.0,480.0
15695,2026-06-16,South,Product B,Core,CUST1123,New,Retail Store,3,750,0,2250.0,1350.0,900.0
15696,2026-06-16,South,Product D,Accessory,CUST1469,New,Online,1,1200,10,1080.0,720.0,360.0
15697,2026-06-16,North,Product B,Core,CUST1525,Loyal,Online,3,750,5,2137.5,1350.0,787.5
15698,2026-06-16,West,Product A,Core,CUST1503,New,Retail Store,1,500,5,475.0,300.0,175.0
15699,2026-06-16,North,Product B,Core,CUST1124,Champions,Online,1,750,10,675.0,450.0,225.0
15700,2026-06-16,South,Product B,Core,CUST1536,New,Online,1,750,10,675.0,450.0,225.0
15701,2026-06-16,South,Product D,Accessory,CUST1320,Lost,Online,4,1200,15,4080.0,2880.0,1200.0
15702,2026-06-16,North,Product D,Accessory,CUST1055,At Risk,Online,3,1200,5,3420.0,2160.0,1260.0
15703,2026-06-16,West,Product C,Accessory,CUST1248,Loyal,Retail Store,2,300,5,570.0,360.0,210.0
15704,2026-06-16,South,Product A,Core,CUST1272,Champions,Retail Store,4,500,5,1900.0,1200.0,700.0
15705,2026-06-16,East,Product D,Accessory,CUST1213,At Risk,Online,1,1200,0,1200.0,720.0,480.0
15706,2026-06-16,North,Product A,Core,CUST1248,Loyal,Online,4,500,20,1600.0,1200.0,400.0
15707,2026-06-16,North,Product B,Core,CUST1084,Champions,Retail Store,1,750,10,675.0,450.0,225.0
15708,2026-06-16,East,Product B,Core,CUST1177,Lost,Partner,4,750,0,3000.0,1800.0,1200.0
15709,2026-06-16,East,Product D,Accessory,CUST1380,New,Retail Store,3,1200,0,3600.0,2160.0,1440.0
15710,2026-06-16,South,Product C,Accessory,CUST1174,Loyal,Online,4,300,0,1200.0,720.0,480.0
15711,2026-06-16,South,Product B,Core,CUST1217,Champions,Online,4,750,5,2850.0,1800.0,1050.0
15712,2026-06-16,East,Product B,Core,CUST1247,New,Online,4,750,5,2850.0,1800.0,1050.0
15713,2026-06-16,South,Product A,Core,CUST1577,New,Retail Store,4,500,0,2000.0,1200.0,800.0
15714,2026-06-16,East,Product A,Core,CUST1401,Lost,Online,2,500,0,1000.0,600.0,400.0
15715,2026-06-16,South,Product B,Core,CUST1342,At Risk,Online,2,750,0,1500.0,900.0,600.0
15716,2026-06-16,East,Product A,Core,CUST1147,New,Online,3,500,0,1500.0,900.0,600.0
15717,2026-06-16,East,Product C,Accessory,CUST1595,Loyal,Online,3,300,0,900.0,540.0,360.0
15718,2026-06-16,East,Product D,Accessory,CUST1422,Champions,Retail Store,2,1200,5,2280.0,1440.0,840.0
15719,2026-06-16,West,Product A,Core,CUST1393,At Risk,Online,2,500,10,900.0,600.0,300.0
15720,2026-06-16,East,Product C,Accessory,CUST1189,Loyal,Online,3,300,0,900.0,540.0,360.0
15721,2026-06-16,West,Product A,Core,CUST1300,At Risk,Online,1,500,5,475.0,300.0,175.0
15722,2026-06-16,South,Product C,Accessory,CUST1536,New,Online,3,300,0,900.0,540.0,360.0
15723,2026-06-16,West,Product C,Accessory,CUST1577,New,Online,4,300,15,1020.0,720.0,300.0
15724,2026-06-16,West,Product B,Core,CUST1078,New,Online,3,750,10,2025.0,1350.0,675.0
15725,2026-06-16,South,Product A,Core,CUST1295,Lost,Retail Store,2,500,10,900.0,600.0,300.0
15726,2026-06-16,South,Product D,Accessory,CUST1423,Champions,Online,1,1200,0,1200.0,720.0,480.0
15727,2026-06-16,West,Product C,Accessory,CUST1424,At Risk,Retail Store,4,300,5,1140.0,720.0,420.0
15728,2026-06-16,South,Product B,Core,CUST1256,At Risk,Online,2,750,0,1500.0,900.0,600.0
15729,2026-06-16,South,Product A,Core,CUST1036,Champions,Online,4,500,15,1700.0,1200.0,500.0
15730,2026-06-16,North,Product D,Accessory,CUST1179,At Risk,Online,3,1200,0,3600.0,2160.0,1440.0
15731,2026-06-16,East,Product A,Core,CUST1172,Loyal,Retail Store,1,500,5,475.0,300.0,175.0
15732,2026-06-16,South,Product A,Core,CUST1435,Loyal,Online,3,500,5,1425.0,900.0,525.0
15733,2026-06-16,North,Product D,Accessory,CUST1423,Champions,Retail Store,3,1200,20,2880.0,2160.0,720.0
15734,2026-06-16,East,Product B,Core,CUST1543,Lost,Online,4,750,10,2700.0,1800.0,900.0
15735,2026-06-16,East,Product D,Accessory,CUST1220,Loyal,Retail Store,3,1200,15,3060.0,2160.0,900.0
15736,2026-06-16,East,Product A,Core,CUST1502,Lost,Online,1,500,0,500.0,300.0,200.0
15737,2026-06-16,East,Product C,Accessory,CUST1578,Lost,Partner,2,300,10,540.0,360.0,180.0
15738,2026-06-16,West,Product A,Core,CUST1549,New,Retail Store,2,500,10,900.0,600.0,300.0
15739,2026-06-16,West,Product D,Accessory,CUST1109,Lost,Online,1,1200,10,1080.0,720.0,360.0
15740,2026-06-16,North,Product D,Accessory,CUST1028,Loyal,Retail Store,3,1200,0,3600.0,2160.0,1440.0
15741,2026-06-16,South,Product C,Accessory,CUST1192,Champions,Retail Store,4,300,0,1200.0,720.0,480.0
15742,2026-06-17,South,Product D,Accessory,CUST1393,At Risk,Online,1,1200,5,1140.0,720.0,420.0
15743,2026-06-17,West,Product A,Core,CUST1243,New,Online,1,500,5,475.0,300.0,175.0
15744,2026-06-17,North,Product C,Accessory,CUST1086,At Risk,Online,4,300,5,1140.0,720.0,420.0
15745,2026-06-17,North,Product B,Core,CUST1232,Lost,Online,4,750,0,3000.0,1800.0,1200.0
15746,2026-06-17,North,Product B,Core,CUST1461,Champions,Online,4,750,5,2850.0,1800.0,1050.0
15747,2026-06-17,West,Product B,Core,CUST1209,New,Online,1,750,15,637.5,450.0,187.5
15748,2026-06-17,South,Product B,Core,CUST1015,Loyal,Online,2,750,20,1200.0,900.0,300.0
15749,2026-06-17,North,Product A,Core,CUST1373,Loyal,Online,3,500,0,1500.0,900.0,600.0
15750,2026-06-17,West,Product A,Core,CUST1445,At Risk,Online,1,500,15,425.0,300.0,125.0
15751,2026-06-17,South,Product A,Core,CUST1081,New,Online,2,500,10,900.0,600.0,300.0
15752,2026-06-17,West,Product C,Accessory,CUST1121,At Risk,Retail Store,2,300,5,570.0,360.0,210.0
15753,2026-06-17,North,Product B,Core,CUST1444,Loyal,Retail Store,3,750,10,2025.0,1350.0,675.0
15754,2026-06-17,West,Product D,Accessory,CUST1268,Champions,Online,1,1200,10,1080.0,720.0,360.0
15755,2026-06-17,West,Product A,Core,CUST1167,At Risk,Retail Store,3,500,0,1500.0,900.0,600.0
15756,2026-06-17,South,Product B,Core,CUST1435,Loyal,Retail Store,2,750,10,1350.0,900.0,450.0
15757,2026-06-17,North,Product C,Accessory,CUST1484,Champions,Retail Store,1,300,10,270.0,180.0,90.0
15758,2026-06-17,North,Product B,Core,CUST1043,Loyal,Online,2,750,15,1275.0,900.0,375.0
15759,2026-06-17,South,Product A,Core,CUST1556,Loyal,Online,4,500,10,1800.0,1200.0,600.0
15760,2026-06-17,South,Product B,Core,CUST1526,Lost,Online,4,750,0,3000.0,1800.0,1200.0
15761,2026-06-17,East,Product A,Core,CUST1513,Loyal,Online,1,500,5,475.0,300.0,175.0
15762,2026-06-17,West,Product D,Accessory,CUST1065,New,Retail Store,3,1200,15,3060.0,2160.0,900.0
15763,2026-06-17,South,Product A,Core,CUST1309,Champions,Online,3,500,10,1350.0,900.0,450.0
15764,2026-06-17,South,Product A,Core,CUST1219,Loyal,Online,4,500,20,1600.0,1200.0,400.0
15765,2026-06-17,West,Product B,Core,CUST1082,At Risk,Online,3,750,15,1912.5,1350.0,562.5
15766,2026-06-17,North,Product A,Core,CUST1178,Lost,Retail Store,2,500,0,1000.0,600.0,400.0
15767,2026-06-17,North,Product C,Accessory,CUST1233,New,Online,1,300,10,270.0,180.0,90.0
15768,2026-06-17,North,Product A,Core,CUST1591,New,Online,3,500,15,1275.0,900.0,375.0
15769,2026-06-17,East,Product B,Core,CUST1426,Loyal,Retail Store,1,750,5,712.5,450.0,262.5
15770,2026-06-17,North,Product C,Accessory,CUST1073,Loyal,Online,2,300,0,600.0,360.0,240.0
15771,2026-06-17,South,Product B,Core,CUST1265,Loyal,Online,4,750,5,2850.0,1800.0,1050.0
15772,2026-06-17,South,Product D,Accessory,CUST1347,Loyal,Retail Store,1,1200,10,1080.0,720.0,360.0
15773,2026-06-17,North,Product B,Core,CUST1138,At Risk,Online,2,750,10,1350.0,900.0,450.0
15774,2026-06-17,South,Product B,Core,CUST1010,Loyal,Online,4,750,0,3000.0,1800.0,1200.0
15775,2026-06-17,North,Product A,Core,CUST1007,At Risk,Retail Store,2,500,10,900.0,600.0,300.0
15776,2026-06-17,North,Product A,Core,CUST1490,At Risk,Online,2,500,0,1000.0,600.0,400.0
15777,2026-06-17,East,Product B,Core,CUST1437,New,Online,2,750,0,1500.0,900.0,600.0
15778,2026-06-17,North,Product B,Core,CUST1226,Champions,Partner,3,750,0,2250.0,1350.0,900.0
15779,2026-06-17,West,Product A,Core,CUST1513,Loyal,Retail Store,2,500,5,950.0,600.0,350.0
15780,2026-06-17,North,Product A,Core,CUST1311,New,Online,1,500,5,475.0,300.0,175.0
15781,2026-06-17,South,Product A,Core,CUST1248,Loyal,Partner,1,500,0,500.0,300.0,200.0
15782,2026-06-17,North,Product B,Core,CUST1271,Loyal,Online,1,750,5,712.5,450.0,262.5
15783,2026-06-17,South,Product D,Accessory,CUST1076,Loyal,Online,3,1200,5,3420.0,2160.0,1260.0
15784,2026-06-17,South,Product B,Core,CUST1166,At Risk,Online,4,750,0,3000.0,1800.0,1200.0
15785,2026-06-17,North,Product D,Accessory,CUST1546,Loyal,Online,2,1200,10,2160.0,1440.0,720.0
15786,2026-06-17,South,Product B,Core,CUST1329,Loyal,Online,3,750,5,2137.5,1350.0,787.5
15787,2026-06-17,West,Product D,Accessory,CUST1321,New,Online,4,1200,10,4320.0,2880.0,1440.0
15788,2026-06-17,East,Product B,Core,CUST1212,Loyal,Retail Store,4,750,0,3000.0,1800.0,1200.0
15789,2026-06-17,North,Product D,Accessory,CUST1135,Champions,Online,4,1200,5,4560.0,2880.0,1680.0
15790,2026-06-17,North,Product B,Core,CUST1292,Lost,Online,4,750,0,3000.0,1800.0,1200.0
15791,2026-06-17,South,Product B,Core,CUST1511,At Risk,Online,4,750,0,3000.0,1800.0,1200.0
15792,2026-06-17,West,Product B,Core,CUST1383,New,Online,2,750,5,1425.0,900.0,525.0
15793,2026-06-17,West,Product C,Accessory,CUST1052,At Risk,Online,1,300,5,285.0,180.0,105.0
15794,2026-06-17,West,Product C,Accessory,CUST1262,Loyal,Online,1,300,0,300.0,180.0,120.0
15795,2026-06-17,South,Product A,Core,CUST1314,Loyal,Retail Store,1,500,5,475.0,300.0,175.0
15796,2026-06-17,West,Product C,Accessory,CUST1260,Champions,Online,2,300,5,570.0,360.0,210.0
15797,2026-06-18,West,Product C,Accessory,CUST1155,At Risk,Online,3,300,0,900.0,540.0,360.0
15798,2026-06-18,South,Product A,Core,CUST1529,Loyal,Online,4,500,0,2000.0,1200.0,800.0
15799,2026-06-18,East,Product B,Core,CUST1562,At Risk,Online,1,750,5,712.5,450.0,262.5
15800,2026-06-18,South,Product C,Accessory,CUST1130,Loyal,Online,3,300,0,900.0,540.0,360.0
15801,2026-06-18,East,Product A,Core,CUST1288,New,Online,4,500,10,1800.0,1200.0,600.0
15802,2026-06-18,West,Product A,Core,CUST1564,At Risk,Online,3,500,5,1425.0,900.0,525.0
15803,2026-06-18,West,Product D,Accessory,CUST1572,New,Retail Store,2,1200,10,2160.0,1440.0,720.0
15804,2026-06-18,South,Product C,Accessory,CUST1076,Loyal,Partner,1,300,15,255.0,180.0,75.0
15805,2026-06-18,South,Product B,Core,CUST1530,At Risk,Online,4,750,5,2850.0,1800.0,1050.0
15806,2026-06-18,South,Product A,Core,CUST1379,At Risk,Partner,2,500,10,900.0,600.0,300.0
15807,2026-06-18,West,Product B,Core,CUST1061,New,Online,3,750,15,1912.5,1350.0,562.5
15808,2026-06-18,North,Product D,Accessory,CUST1071,New,Online,4,1200,15,4080.0,2880.0,1200.0
15809,2026-06-18,North,Product A,Core,CUST1326,At Risk,Retail Store,3,500,5,1425.0,900.0,525.0
15810,2026-06-18,South,Product B,Core,CUST1459,At Risk,Online,1,750,0,750.0,450.0,300.0
15811,2026-06-18,East,Product B,Core,CUST1493,Loyal,Partner,4,750,5,2850.0,1800.0,1050.0
15812,2026-06-18,North,Product A,Core,CUST1489,New,Online,2,500,0,1000.0,600.0,400.0
15813,2026-06-18,South,Product B,Core,CUST1298,At Risk,Online,4,750,5,2850.0,1800.0,1050.0
15814,2026-06-18,South,Product D,Accessory,CUST1238,Champions,Online,2,1200,10,2160.0,1440.0,720.0
15815,2026-06-18,South,Product B,Core,CUST1078,New,Online,1,750,10,675.0,450.0,225.0
15816,2026-06-18,North,Product A,Core,CUST1502,Lost,Retail Store,3,500,20,1200.0,900.0,300.0
15817,2026-06-18,East,Product D,Accessory,CUST1077,At Risk,Retail Store,2,1200,5,2280.0,1440.0,840.0
15818,2026-06-18,South,Product A,Core,CUST1094,Loyal,Retail Store,1,500,10,450.0,300.0,150.0
15819,2026-06-18,North,Product A,Core,CUST1182,New,Retail Store,1,500,10,450.0,300.0,150.0
15820,2026-06-18,North,Product C,Accessory,CUST1402,At Risk,Online,4,300,15,1020.0,720.0,300.0
15821,2026-06-18,South,Product A,Core,CUST1597,At Risk,Online,3,500,15,1275.0,900.0,375.0
15822,2026-06-18,South,Product C,Accessory,CUST1450,Champions,Online,3,300,5,855.0,540.0,315.0
15823,2026-06-18,West,Product B,Core,CUST1242,Loyal,Partner,2,750,15,1275.0,900.0,375.0
15824,2026-06-18,North,Product C,Accessory,CUST1242,Loyal,Online,3,300,0,900.0,540.0,360.0
15825,2026-06-18,East,Product B,Core,CUST1592,Loyal,Retail Store,2,750,0,1500.0,900.0,600.0
15826,2026-06-18,East,Product D,Accessory,CUST1430,Lost,Partner,3,1200,5,3420.0,2160.0,1260.0
15827,2026-06-18,East,Product C,Accessory,CUST1226,Champions,Retail Store,1,300,5,285.0,180.0,105.0
15828,2026-06-18,North,Product B,Core,CUST1104,At Risk,Online,4,750,0,3000.0,1800.0,1200.0
15829,2026-06-18,South,Product A,Core,CUST1430,Lost,Online,2,500,15,850.0,600.0,250.0
15830,2026-06-18,West,Product A,Core,CUST1221,New,Online,1,500,0,500.0,300.0,200.0
15831,2026-06-18,East,Product B,Core,CUST1152,Champions,Retail Store,3,750,5,2137.5,1350.0,787.5
15832,2026-06-18,East,Product B,Core,CUST1333,Lost,Online,3,750,0,2250.0,1350.0,900.0
15833,2026-06-18,North,Product B,Core,CUST1364,At Risk,Online,3,750,15,1912.5,1350.0,562.5
15834,2026-06-18,North,Product A,Core,CUST1093,Loyal,Online,1,500,5,475.0,300.0,175.0
15835,2026-06-18,North,Product A,Core,CUST1174,Loyal,Retail Store,2,500,0,1000.0,600.0,400.0
15836,2026-06-18,North,Product C,Accessory,CUST1146,Loyal,Online,3,300,0,900.0,540.0,360.0
15837,2026-06-18,South,Product C,Accessory,CUST1211,New,Online,4,300,10,1080.0,720.0,360.0
15838,2026-06-18,South,Product C,Accessory,CUST1221,New,Retail Store,3,300,0,900.0,540.0,360.0
15839,2026-06-18,South,Product A,Core,CUST1284,New,Online,2,500,10,900.0,600.0,300.0
15840,2026-06-18,East,Product B,Core,CUST1328,At Risk,Online,3,750,0,2250.0,1350.0,900.0
15841,2026-06-18,East,Product A,Core,CUST1046,Loyal,Online,2,500,5,950.0,600.0,350.0
15842,2026-06-18,West,Product D,Accessory,CUST1030,At Risk,Online,1,1200,0,1200.0,720.0,480.0
15843,2026-06-18,East,Product B,Core,CUST1109,Lost,Online,1,750,15,637.5,450.0,187.5
15844,2026-06-18,North,Product D,Accessory,CUST1242,Loyal,Online,1,1200,5,1140.0,720.0,420.0
15845,2026-06-18,West,Product B,Core,CUST1172,Loyal,Online,3,750,10,2025.0,1350.0,675.0
15846,2026-06-18,East,Product C,Accessory,CUST1470,New,Retail Store,1,300,5,285.0,180.0,105.0
15847,2026-06-18,West,Product C,Accessory,CUST1558,New,Retail Store,2,300,10,540.0,360.0,180.0
15848,2026-06-18,North,Product C,Accessory,CUST1562,At Risk,Retail Store,3,300,0,900.0,540.0,360.0
15849,2026-06-18,North,Product A,Core,CUST1024,At Risk,Retail Store,3,500,10,1350.0,900.0,450.0
15850,2026-06-18,East,Product B,Core,CUST1361,Champions,Online,4,750,0,3000.0,1800.0,1200.0
15851,2026-06-18,North,Product B,Core,CUST1585,At Risk,Online,2,750,0,1500.0,900.0,600.0
15852,2026-06-18,West,Product B,Core,CUST1349,Champions,Online,4,750,10,2700.0,1800.0,900.0
15853,2026-06-19,South,Product C,Accessory,CUST1458,At Risk,Online,4,300,10,1080.0,720.0,360.0
15854,2026-06-19,South,Product C,Accessory,CUST1365,New,Online,4,300,0,1200.0,720.0,480.0
15855,2026-06-19,East,Product B,Core,CUST1359,New,Retail Store,4,750,0,3000.0,1800.0,1200.0
15856,2026-06-19,East,Product A,Core,CUST1165,Loyal,Partner,3,500,10,1350.0,900.0,450.0
15857,2026-06-19,East,Product A,Core,CUST1378,Loyal,Retail Store,1,500,5,475.0,300.0,175.0
15858,2026-06-19,North,Product C,Accessory,CUST1536,New,Online,3,300,0,900.0,540.0,360.0
15859,2026-06-19,East,Product D,Accessory,CUST1281,Loyal,Online,2,1200,10,2160.0,1440.0,720.0
15860,2026-06-19,North,Product B,Core,CUST1528,At Risk,Partner,2,750,0,1500.0,900.0,600.0
15861,2026-06-19,North,Product A,Core,CUST1091,At Risk,Online,2,500,0,1000.0,600.0,400.0
15862,2026-06-19,South,Product D,Accessory,CUST1484,Champions,Online,2,1200,10,2160.0,1440.0,720.0
15863,2026-06-19,East,Product B,Core,CUST1486,New,Online,4,750,5,2850.0,1800.0,1050.0
15864,2026-06-19,North,Product A,Core,CUST1037,New,Retail Store,1,500,10,450.0,300.0,150.0
15865,2026-06-19,North,Product B,Core,CUST1207,At Risk,Online,1,750,10,675.0,450.0,225.0
15866,2026-06-19,East,Product C,Accessory,CUST1166,At Risk,Retail Store,3,300,0,900.0,540.0,360.0
15867,2026-06-19,West,Product A,Core,CUST1114,Loyal,Partner,2,500,0,1000.0,600.0,400.0
15868,2026-06-19,West,Product B,Core,CUST1293,Champions,Online,4,750,0,3000.0,1800.0,1200.0
15869,2026-06-19,North,Product C,Accessory,CUST1163,Champions,Retail Store,3,300,10,810.0,540.0,270.0
15870,2026-06-19,South,Product A,Core,CUST1275,Loyal,Retail Store,4,500,0,2000.0,1200.0,800.0
15871,2026-06-19,South,Product A,Core,CUST1342,At Risk,Online,4,500,5,1900.0,1200.0,700.0
15872,2026-06-19,East,Product D,Accessory,CUST1112,Loyal,Retail Store,2,1200,10,2160.0,1440.0,720.0
15873,2026-06-19,North,Product B,Core,CUST1414,Champions,Online,2,750,10,1350.0,900.0,450.0
15874,2026-06-19,South,Product A,Core,CUST1247,New,Retail Store,3,500,15,1275.0,900.0,375.0
15875,2026-06-19,West,Product D,Accessory,CUST1081,New,Online,2,1200,0,2400.0,1440.0,960.0
15876,2026-06-19,West,Product A,Core,CUST1099,Lost,Online,3,500,15,1275.0,900.0,375.0
15877,2026-06-19,South,Product D,Accessory,CUST1471,New,Online,4,1200,10,4320.0,2880.0,1440.0
15878,2026-06-19,South,Product B,Core,CUST1194,Loyal,Retail Store,2,750,10,1350.0,900.0,450.0
15879,2026-06-19,East,Product B,Core,CUST1015,Loyal,Online,1,750,20,600.0,450.0,150.0
15880,2026-06-19,South,Product C,Accessory,CUST1060,At Risk,Online,4,300,5,1140.0,720.0,420.0
15881,2026-06-19,West,Product B,Core,CUST1327,New,Retail Store,1,750,10,675.0,450.0,225.0
15882,2026-06-19,East,Product C,Accessory,CUST1382,At Risk,Online,3,300,15,765.0,540.0,225.0
15883,2026-06-19,North,Product C,Accessory,CUST1306,Loyal,Retail Store,2,300,10,540.0,360.0,180.0
15884,2026-06-19,North,Product B,Core,CUST1244,At Risk,Online,1,750,20,600.0,450.0,150.0
15885,2026-06-19,East,Product C,Accessory,CUST1484,Champions,Online,1,300,10,270.0,180.0,90.0
15886,2026-06-19,East,Product C,Accessory,CUST1088,Loyal,Online,1,300,0,300.0,180.0,120.0
15887,2026-06-19,East,Product A,Core,CUST1122,Champions,Retail Store,2,500,0,1000.0,600.0,400.0
15888,2026-06-19,South,Product C,Accessory,CUST1060,At Risk,Retail Store,2,300,20,480.0,360.0,120.0
15889,2026-06-19,North,Product A,Core,CUST1138,At Risk,Retail Store,3,500,0,1500.0,900.0,600.0
15890,2026-06-19,West,Product B,Core,CUST1166,At Risk,Online,1,750,0,750.0,450.0,300.0
15891,2026-06-19,North,Product A,Core,CUST1477,At Risk,Online,3,500,0,1500.0,900.0,600.0
15892,2026-06-19,East,Product D,Accessory,CUST1532,Loyal,Partner,1,1200,10,1080.0,720.0,360.0
15893,2026-06-19,West,Product B,Core,CUST1552,Loyal,Retail Store,2,750,15,1275.0,900.0,375.0
15894,2026-06-19,West,Product B,Core,CUST1389,Lost,Online,3,750,10,2025.0,1350.0,675.0
15895,2026-06-19,East,Product A,Core,CUST1019,At Risk,Online,4,500,0,2000.0,1200.0,800.0
15896,2026-06-19,North,Product A,Core,CUST1409,Lost,Online,2,500,0,1000.0,600.0,400.0
15897,2026-06-19,North,Product D,Accessory,CUST1245,Lost,Online,3,1200,5,3420.0,2160.0,1260.0
15898,2026-06-19,South,Product A,Core,CUST1569,New,Online,3,500,0,1500.0,900.0,600.0
15899,2026-06-19,West,Product B,Core,CUST1411,At Risk,Online,1,750,0,750.0,450.0,300.0
15900,2026-06-19,South,Product A,Core,CUST1278,Lost,Online,1,500,0,500.0,300.0,200.0
15901,2026-06-19,South,Product A,Core,CUST1500,At Risk,Retail Store,4,500,0,2000.0,1200.0,800.0
15902,2026-06-20,East,Product B,Core,CUST1215,At Risk,Online,1,750,0,750.0,450.0,300.0
15903,2026-06-20,South,Product C,Accessory,CUST1222,At Risk,Online,2,300,0,600.0,360.0,240.0
15904,2026-06-20,East,Product B,Core,CUST1415,Loyal,Retail Store,3,750,5,2137.5,1350.0,787.5
15905,2026-06-20,West,Product D,Accessory,CUST1492,At Risk,Retail Store,2,1200,0,2400.0,1440.0,960.0
15906,2026-06-20,North,Product A,Core,CUST1023,Lost,Partner,4,500,10,1800.0,1200.0,600.0
15907,2026-06-20,North,Product D,Accessory,CUST1029,At Risk,Partner,1,1200,0,1200.0,720.0,480.0
15908,2026-06-20,East,Product A,Core,CUST1364,At Risk,Retail Store,1,500,10,450.0,300.0,150.0
15909,2026-06-20,North,Product B,Core,CUST1550,New,Online,3,750,15,1912.5,1350.0,562.5
15910,2026-06-20,South,Product C,Accessory,CUST1528,At Risk,Retail Store,3,300,10,810.0,540.0,270.0
15911,2026-06-20,South,Product A,Core,CUST1544,Champions,Retail Store,4,500,5,1900.0,1200.0,700.0
15912,2026-06-20,South,Product A,Core,CUST1272,Champions,Online,2,500,0,1000.0,600.0,400.0
15913,2026-06-20,North,Product C,Accessory,CUST1119,At Risk,Retail Store,2,300,5,570.0,360.0,210.0
15914,2026-06-20,North,Product C,Accessory,CUST1578,Lost,Online,3,300,0,900.0,540.0,360.0
15915,2026-06-20,South,Product C,Accessory,CUST1011,Lost,Retail Store,3,300,20,720.0,540.0,180.0
15916,2026-06-20,East,Product A,Core,CUST1418,Loyal,Retail Store,1,500,0,500.0,300.0,200.0
15917,2026-06-20,South,Product D,Accessory,CUST1579,Loyal,Online,4,1200,10,4320.0,2880.0,1440.0
15918,2026-06-20,South,Product D,Accessory,CUST1064,At Risk,Online,3,1200,0,3600.0,2160.0,1440.0
15919,2026-06-20,North,Product B,Core,CUST1174,Loyal,Online,3,750,0,2250.0,1350.0,900.0
15920,2026-06-20,East,Product C,Accessory,CUST1146,Loyal,Online,3,300,0,900.0,540.0,360.0
15921,2026-06-20,East,Product D,Accessory,CUST1385,Lost,Retail Store,4,1200,5,4560.0,2880.0,1680.0
15922,2026-06-20,East,Product C,Accessory,CUST1536,New,Online,1,300,15,255.0,180.0,75.0
15923,2026-06-20,West,Product C,Accessory,CUST1545,New,Retail Store,2,300,0,600.0,360.0,240.0
15924,2026-06-20,North,Product B,Core,CUST1525,Loyal,Online,3,750,0,2250.0,1350.0,900.0
15925,2026-06-20,North,Product C,Accessory,CUST1586,Loyal,Retail Store,4,300,5,1140.0,720.0,420.0
15926,2026-06-20,West,Product A,Core,CUST1010,Loyal,Online,3,500,10,1350.0,900.0,450.0
15927,2026-06-20,North,Product A,Core,CUST1044,At Risk,Online,2,500,5,950.0,600.0,350.0
15928,2026-06-20,South,Product A,Core,CUST1392,New,Online,2,500,20,800.0,600.0,200.0
15929,2026-06-20,North,Product B,Core,CUST1340,Champions,Online,2,750,5,1425.0,900.0,525.0
15930,2026-06-20,North,Product A,Core,CUST1193,At Risk,Online,2,500,5,950.0,600.0,350.0
15931,2026-06-20,South,Product A,Core,CUST1498,Loyal,Online,2,500,0,1000.0,600.0,400.0
15932,2026-06-20,West,Product B,Core,CUST1210,At Risk,Online,1,750,0,750.0,450.0,300.0
15933,2026-06-20,West,Product B,Core,CUST1245,Lost,Retail Store,2,750,0,1500.0,900.0,600.0
15934,2026-06-20,East,Product A,Core,CUST1173,Lost,Partner,1,500,10,450.0,300.0,150.0
15935,2026-06-20,North,Product D,Accessory,CUST1432,At Risk,Retail Store,1,1200,5,1140.0,720.0,420.0
15936,2026-06-20,East,Product A,Core,CUST1554,Champions,Online,4,500,15,1700.0,1200.0,500.0
15937,2026-06-20,North,Product A,Core,CUST1473,Champions,Online,1,500,5,475.0,300.0,175.0
15938,2026-06-20,West,Product B,Core,CUST1519,At Risk,Online,3,750,15,1912.5,1350.0,562.5
15939,2026-06-20,South,Product B,Core,CUST1123,New,Online,2,750,0,1500.0,900.0,600.0
15940,2026-06-20,West,Product A,Core,CUST1276,Loyal,Online,1,500,0,500.0,300.0,200.0
15941,2026-06-20,East,Product D,Accessory,CUST1586,Loyal,Online,2,1200,10,2160.0,1440.0,720.0
15942,2026-06-20,East,Product C,Accessory,CUST1492,At Risk,Retail Store,2,300,0,600.0,360.0,240.0
15943,2026-06-20,North,Product D,Accessory,CUST1363,Champions,Online,1,1200,0,1200.0,720.0,480.0
15944,2026-06-20,West,Product A,Core,CUST1190,Lost,Retail Store,2,500,0,1000.0,600.0,400.0
15945,2026-06-20,North,Product A,Core,CUST1232,Lost,Online,1,500,0,500.0,300.0,200.0
15946,2026-06-20,East,Product D,Accessory,CUST1589,Champions,Online,1,1200,0,1200.0,720.0,480.0
15947,2026-06-20,North,Product B,Core,CUST1486,New,Online,2,750,10,1350.0,900.0,450.0
15948,2026-06-20,South,Product C,Accessory,CUST1025,Loyal,Online,3,300,5,855.0,540.0,315.0
15949,2026-06-20,North,Product C,Accessory,CUST1465,At Risk,Online,2,300,5,570.0,360.0,210.0
15950,2026-06-20,East,Product A,Core,CUST1042,At Risk,Online,2,500,0,1000.0,600.0,400.0
15951,2026-06-20,North,Product B,Core,CUST1277,New,Retail Store,3,750,15,1912.5,1350.0,562.5
15952,2026-06-20,North,Product C,Accessory,CUST1598,Lost,Online,2,300,0,600.0,360.0,240.0
15953,2026-06-20,West,Product C,Accessory,CUST1353,New,Retail Store,4,300,5,1140.0,720.0,420.0
15954,2026-06-20,South,Product B,Core,CUST1100,Lost,Online,4,750,20,2400.0,1800.0,600.0
15955,2026-06-20,South,Product C,Accessory,CUST1300,At Risk,Online,2,300,5,570.0,360.0,210.0
15956,2026-06-20,South,Product C,Accessory,CUST1318,Loyal,Online,1,300,15,255.0,180.0,75.0
15957,2026-06-20,South,Product B,Core,CUST1058,Champions,Partner,1,750,5,712.5,450.0,262.5
15958,2026-06-20,North,Product D,Accessory,CUST1254,Loyal,Online,4,1200,5,4560.0,2880.0,1680.0
15959,2026-06-20,North,Product C,Accessory,CUST1150,At Risk,Online,3,300,5,855.0,540.0,315.0
15960,2026-06-20,West,Product A,Core,CUST1063,At Risk,Online,4,500,0,2000.0,1200.0,800.0
15961,2026-06-21,North,Product C,Accessory,CUST1255,At Risk,Retail Store,2,300,0,600.0,360.0,240.0
15962,2026-06-21,South,Product B,Core,CUST1424,At Risk,Online,2,750,0,1500.0,900.0,600.0
15963,2026-06-21,East,Product B,Core,CUST1079,At Risk,Online,2,750,0,1500.0,900.0,600.0
15964,2026-06-21,West,Product A,Core,CUST1100,Lost,Online,4,500,5,1900.0,1200.0,700.0
15965,2026-06-21,North,Product D,Accessory,CUST1179,At Risk,Retail Store,2,1200,5,2280.0,1440.0,840.0
15966,2026-06-21,East,Product B,Core,CUST1206,Champions,Retail Store,3,750,0,2250.0,1350.0,900.0
15967,2026-06-21,South,Product C,Accessory,CUST1418,Loyal,Retail Store,2,300,0,600.0,360.0,240.0
15968,2026-06-21,West,Product B,Core,CUST1201,Lost,Retail Store,2,750,0,1500.0,900.0,600.0
15969,2026-06-21,South,Product B,Core,CUST1178,Lost,Online,2,750,0,1500.0,900.0,600.0
15970,2026-06-21,North,Product A,Core,CUST1592,Loyal,Online,1,500,0,500.0,300.0,200.0
15971,2026-06-21,West,Product B,Core,CUST1234,Lost,Partner,4,750,10,2700.0,1800.0,900.0
15972,2026-06-21,North,Product C,Accessory,CUST1301,Champions,Retail Store,3,300,15,765.0,540.0,225.0
15973,2026-06-21,South,Product C,Accessory,CUST1412,Champions,Retail Store,4,300,0,1200.0,720.0,480.0
15974,2026-06-21,South,Product B,Core,CUST1044,At Risk,Online,3,750,15,1912.5,1350.0,562.5
15975,2026-06-21,South,Product A,Core,CUST1217,Champions,Retail Store,3,500,15,1275.0,900.0,375.0
15976,2026-06-21,East,Product B,Core,CUST1012,At Risk,Retail Store,3,750,0,2250.0,1350.0,900.0
15977,2026-06-21,East,Product A,Core,CUST1104,At Risk,Online,4,500,0,2000.0,1200.0,800.0
15978,2026-06-21,West,Product A,Core,CUST1565,At Risk,Online,1,500,20,400.0,300.0,100.0
15979,2026-06-21,West,Product B,Core,CUST1562,At Risk,Retail Store,3,750,0,2250.0,1350.0,900.0
15980,2026-06-21,West,Product A,Core,CUST1364,At Risk,Online,3,500,5,1425.0,900.0,525.0
15981,2026-06-21,North,Product A,Core,CUST1372,Loyal,Partner,1,500,5,475.0,300.0,175.0
15982,2026-06-21,South,Product A,Core,CUST1567,Champions,Online,4,500,5,1900.0,1200.0,700.0
15983,2026-06-21,South,Product D,Accessory,CUST1201,Lost,Online,4,1200,10,4320.0,2880.0,1440.0
15984,2026-06-21,East,Product D,Accessory,CUST1537,Loyal,Retail Store,4,1200,5,4560.0,2880.0,1680.0
15985,2026-06-21,North,Product D,Accessory,CUST1549,New,Online,4,1200,0,4800.0,2880.0,1920.0
15986,2026-06-21,North,Product B,Core,CUST1327,New,Retail Store,2,750,5,1425.0,900.0,525.0
15987,2026-06-21,East,Product A,Core,CUST1448,Champions,Retail Store,2,500,10,900.0,600.0,300.0
15988,2026-06-21,South,Product B,Core,CUST1453,Loyal,Online,4,750,20,2400.0,1800.0,600.0
15989,2026-06-21,West,Product A,Core,CUST1034,New,Online,4,500,10,1800.0,1200.0,600.0
15990,2026-06-21,East,Product B,Core,CUST1571,At Risk,Retail Store,4,750,10,2700.0,1800.0,900.0
15991,2026-06-21,East,Product B,Core,CUST1036,Champions,Online,2,750,5,1425.0,900.0,525.0
15992,2026-06-21,South,Product B,Core,CUST1565,At Risk,Online,1,750,0,750.0,450.0,300.0
15993,2026-06-21,West,Product A,Core,CUST1396,At Risk,Online,1,500,15,425.0,300.0,125.0
15994,2026-06-21,North,Product A,Core,CUST1074,Champions,Online,3,500,0,1500.0,900.0,600.0
15995,2026-06-21,West,Product B,Core,CUST1004,Champions,Partner,4,750,0,3000.0,1800.0,1200.0
15996,2026-06-21,East,Product B,Core,CUST1480,New,Online,1,750,15,637.5,450.0,187.5
15997,2026-06-21,East,Product C,Accessory,CUST1555,Loyal,Retail Store,4,300,15,1020.0,720.0,300.0
15998,2026-06-21,North,Product A,Core,CUST1432,At Risk,Retail Store,3,500,20,1200.0,900.0,300.0
15999,2026-06-21,East,Product A,Core,CUST1333,Lost,Online,1,500,10,450.0,300.0,150.0
16000,2026-06-21,South,Product A,Core,CUST1470,New,Retail Store,2,500,0,1000.0,600.0,400.0
16001,2026-06-21,East,Product A,Core,CUST1512,Champions,Retail Store,3,500,0,1500.0,900.0,600.0
16002,2026-06-21,East,Product C,Accessory,CUST1248,Loyal,Retail Store,2,300,10,540.0,360.0,180.0
16003,2026-06-21,South,Product A,Core,CUST1185,At Risk,Online,2,500,0,1000.0,600.0,400.0
16004,2026-06-21,East,Product D,Accessory,CUST1487,Loyal,Retail Store,1,1200,5,1140.0,720.0,420.0
16005,2026-06-21,East,Product C,Accessory,CUST1454,Champions,Retail Store,2,300,0,600.0,360.0,240.0
16006,2026-06-21,North,Product B,Core,CUST1514,Loyal,Online,1,750,0,750.0,450.0,300.0
16007,2026-06-21,North,Product A,Core,CUST1410,At Risk,Retail Store,3,500,15,1275.0,900.0,375.0
16008,2026-06-21,West,Product C,Accessory,CUST1481,Loyal,Online,2,300,15,510.0,360.0,150.0
16009,2026-06-21,West,Product B,Core,CUST1196,New,Online,3,750,5,2137.5,1350.0,787.5
16010,2026-06-21,North,Product B,Core,CUST1466,At Risk,Retail Store,4,750,5,2850.0,1800.0,1050.0
16011,2026-06-21,East,Product B,Core,CUST1395,New,Online,4,750,0,3000.0,1800.0,1200.0
16012,2026-06-21,South,Product B,Core,CUST1386,At Risk,Online,2,750,10,1350.0,900.0,450.0
16013,2026-06-21,North,Product D,Accessory,CUST1491,At Risk,Online,3,1200,0,3600.0,2160.0,1440.0
16014,2026-06-21,North,Product B,Core,CUST1469,New,Online,4,750,5,2850.0,1800.0,1050.0
16015,2026-06-22,North,Product A,Core,CUST1477,At Risk,Retail Store,4,500,15,1700.0,1200.0,500.0
16016,2026-06-22,South,Product A,Core,CUST1103,Lost,Retail Store,4,500,10,1800.0,1200.0,600.0
16017,2026-06-22,North,Product A,Core,CUST1518,Champions,Online,4,500,10,1800.0,1200.0,600.0
16018,2026-06-22,South,Product D,Accessory,CUST1595,Loyal,Retail Store,4,1200,5,4560.0,2880.0,1680.0
16019,2026-06-22,East,Product A,Core,CUST1251,Lost,Partner,1,500,20,400.0,300.0,100.0
16020,2026-06-22,North,Product C,Accessory,CUST1007,At Risk,Retail Store,4,300,0,1200.0,720.0,480.0
16021,2026-06-22,South,Product D,Accessory,CUST1121,At Risk,Online,2,1200,10,2160.0,1440.0,720.0
16022,2026-06-22,West,Product D,Accessory,CUST1252,New,Retail Store,4,1200,15,4080.0,2880.0,1200.0
16023,2026-06-22,East,Product B,Core,CUST1252,New,Online,1,750,15,637.5,450.0,187.5
16024,2026-06-22,North,Product A,Core,CUST1129,New,Retail Store,4,500,10,1800.0,1200.0,600.0
16025,2026-06-22,North,Product A,Core,CUST1218,Lost,Retail Store,4,500,0,2000.0,1200.0,800.0
16026,2026-06-22,North,Product B,Core,CUST1518,Champions,Online,2,750,5,1425.0,900.0,525.0
16027,2026-06-22,South,Product A,Core,CUST1004,Champions,Retail Store,2,500,0,1000.0,600.0,400.0
16028,2026-06-22,West,Product A,Core,CUST1241,At Risk,Online,4,500,5,1900.0,1200.0,700.0
16029,2026-06-22,East,Product A,Core,CUST1287,Loyal,Online,2,500,5,950.0,600.0,350.0
16030,2026-06-22,West,Product B,Core,CUST1593,New,Online,3,750,10,2025.0,1350.0,675.0
16031,2026-06-22,North,Product A,Core,CUST1095,At Risk,Online,1,500,0,500.0,300.0,200.0
16032,2026-06-22,North,Product A,Core,CUST1173,Lost,Online,1,500,0,500.0,300.0,200.0
16033,2026-06-22,North,Product C,Accessory,CUST1198,Loyal,Retail Store,3,300,0,900.0,540.0,360.0
16034,2026-06-22,West,Product A,Core,CUST1149,Champions,Online,2,500,0,1000.0,600.0,400.0
16035,2026-06-22,East,Product B,Core,CUST1081,New,Online,2,750,5,1425.0,900.0,525.0
16036,2026-06-22,West,Product C,Accessory,CUST1209,New,Online,2,300,10,540.0,360.0,180.0
16037,2026-06-22,North,Product D,Accessory,CUST1444,Loyal,Online,4,1200,0,4800.0,2880.0,1920.0
16038,2026-06-22,North,Product D,Accessory,CUST1211,New,Online,4,1200,0,4800.0,2880.0,1920.0
16039,2026-06-22,East,Product D,Accessory,CUST1188,At Risk,Online,4,1200,0,4800.0,2880.0,1920.0
16040,2026-06-22,West,Product A,Core,CUST1459,At Risk,Online,4,500,0,2000.0,1200.0,800.0
16041,2026-06-22,North,Product B,Core,CUST1224,Loyal,Online,1,750,5,712.5,450.0,262.5
16042,2026-06-22,South,Product B,Core,CUST1343,New,Retail Store,2,750,5,1425.0,900.0,525.0
16043,2026-06-22,North,Product B,Core,CUST1474,Loyal,Retail Store,1,750,5,712.5,450.0,262.5
16044,2026-06-22,East,Product A,Core,CUST1322,Loyal,Partner,3,500,5,1425.0,900.0,525.0
16045,2026-06-22,North,Product B,Core,CUST1200,At Risk,Online,1,750,15,637.5,450.0,187.5
16046,2026-06-22,North,Product B,Core,CUST1425,At Risk,Online,2,750,15,1275.0,900.0,375.0
16047,2026-06-22,North,Product A,Core,CUST1047,Loyal,Retail Store,2,500,10,900.0,600.0,300.0
16048,2026-06-22,West,Product A,Core,CUST1359,New,Partner,4,500,0,2000.0,1200.0,800.0
16049,2026-06-22,South,Product C,Accessory,CUST1224,Loyal,Online,2,300,0,600.0,360.0,240.0
16050,2026-06-22,East,Product D,Accessory,CUST1034,New,Partner,4,1200,5,4560.0,2880.0,1680.0
16051,2026-06-22,East,Product A,Core,CUST1580,New,Partner,3,500,10,1350.0,900.0,450.0
16052,2026-06-22,East,Product A,Core,CUST1195,Loyal,Retail Store,1,500,0,500.0,300.0,200.0
16053,2026-06-22,South,Product C,Accessory,CUST1315,Loyal,Online,1,300,0,300.0,180.0,120.0
16054,2026-06-22,North,Product A,Core,CUST1093,Loyal,Online,1,500,5,475.0,300.0,175.0
16055,2026-06-22,West,Product B,Core,CUST1519,At Risk,Retail Store,3,750,0,2250.0,1350.0,900.0
16056,2026-06-22,West,Product B,Core,CUST1015,Loyal,Retail Store,3,750,5,2137.5,1350.0,787.5
16057,2026-06-22,South,Product B,Core,CUST1296,Lost,Online,4,750,10,2700.0,1800.0,900.0
16058,2026-06-22,North,Product A,Core,CUST1349,Champions,Online,4,500,0,2000.0,1200.0,800.0
16059,2026-06-22,North,Product B,Core,CUST1103,Lost,Retail Store,4,750,0,3000.0,1800.0,1200.0
16060,2026-06-22,East,Product B,Core,CUST1063,At Risk,Retail Store,4,750,5,2850.0,1800.0,1050.0
16061,2026-06-22,East,Product B,Core,CUST1198,Loyal,Partner,4,750,5,2850.0,1800.0,1050.0
16062,2026-06-22,East,Product B,Core,CUST1040,New,Retail Store,1,750,15,637.5,450.0,187.5
16063,2026-06-22,West,Product B,Core,CUST1027,Champions,Retail Store,3,750,0,2250.0,1350.0,900.0
16064,2026-06-22,East,Product A,Core,CUST1098,Champions,Partner,3,500,10,1350.0,900.0,450.0
16065,2026-06-22,North,Product B,Core,CUST1031,Lost,Retail Store,3,750,15,1912.5,1350.0,562.5
16066,2026-06-23,West,Product C,Accessory,CUST1504,New,Online,3,300,0,900.0,540.0,360.0
16067,2026-06-23,North,Product B,Core,CUST1512,Champions,Online,2,750,0,1500.0,900.0,600.0
16068,2026-06-23,East,Product A,Core,CUST1548,At Risk,Online,3,500,10,1350.0,900.0,450.0
16069,2026-06-23,East,Product B,Core,CUST1145,Loyal,Retail Store,1,750,5,712.5,450.0,262.5
16070,2026-06-23,North,Product A,Core,CUST1047,Loyal,Online,1,500,0,500.0,300.0,200.0
16071,2026-06-23,West,Product B,Core,CUST1223,Lost,Online,3,750,20,1800.0,1350.0,450.0
16072,2026-06-23,North,Product C,Accessory,CUST1125,New,Online,3,300,10,810.0,540.0,270.0
16073,2026-06-23,West,Product B,Core,CUST1059,Champions,Retail Store,1,750,0,750.0,450.0,300.0
16074,2026-06-23,East,Product A,Core,CUST1416,Champions,Partner,4,500,0,2000.0,1200.0,800.0
16075,2026-06-23,North,Product B,Core,CUST1393,At Risk,Online,1,750,0,750.0,450.0,300.0
16076,2026-06-23,South,Product A,Core,CUST1555,Loyal,Retail Store,4,500,0,2000.0,1200.0,800.0
16077,2026-06-23,North,Product D,Accessory,CUST1419,Lost,Online,3,1200,5,3420.0,2160.0,1260.0
16078,2026-06-23,North,Product B,Core,CUST1030,At Risk,Online,3,750,10,2025.0,1350.0,675.0
16079,2026-06-23,East,Product A,Core,CUST1081,New,Retail Store,3,500,0,1500.0,900.0,600.0
16080,2026-06-23,West,Product D,Accessory,CUST1248,Loyal,Online,3,1200,10,3240.0,2160.0,1080.0
16081,2026-06-23,South,Product A,Core,CUST1412,Champions,Retail Store,1,500,5,475.0,300.0,175.0
16082,2026-06-23,South,Product B,Core,CUST1487,Loyal,Online,2,750,0,1500.0,900.0,600.0
16083,2026-06-23,South,Product A,Core,CUST1195,Loyal,Online,4,500,10,1800.0,1200.0,600.0
16084,2026-06-23,South,Product A,Core,CUST1406,Loyal,Online,2,500,5,950.0,600.0,350.0
16085,2026-06-23,East,Product A,Core,CUST1133,Loyal,Online,2,500,0,1000.0,600.0,400.0
16086,2026-06-23,East,Product A,Core,CUST1062,New,Retail Store,1,500,5,475.0,300.0,175.0
16087,2026-06-23,South,Product C,Accessory,CUST1590,Lost,Retail Store,1,300,10,270.0,180.0,90.0
16088,2026-06-23,South,Product B,Core,CUST1244,At Risk,Retail Store,2,750,10,1350.0,900.0,450.0
16089,2026-06-23,South,Product C,Accessory,CUST1526,Lost,Online,4,300,5,1140.0,720.0,420.0
16090,2026-06-23,South,Product B,Core,CUST1466,At Risk,Retail Store,1,750,15,637.5,450.0,187.5
16091,2026-06-23,East,Product B,Core,CUST1014,New,Online,1,750,5,712.5,450.0,262.5
16092,2026-06-23,West,Product B,Core,CUST1495,New,Online,1,750,0,750.0,450.0,300.0
16093,2026-06-23,North,Product A,Core,CUST1288,New,Online,2,500,15,850.0,600.0,250.0
16094,2026-06-23,North,Product C,Accessory,CUST1069,New,Partner,2,300,0,600.0,360.0,240.0
16095,2026-06-23,North,Product D,Accessory,CUST1112,Loyal,Online,4,1200,5,4560.0,2880.0,1680.0
16096,2026-06-23,East,Product B,Core,CUST1514,Loyal,Online,1,750,0,750.0,450.0,300.0
16097,2026-06-23,West,Product D,Accessory,CUST1028,Loyal,Retail Store,1,1200,10,1080.0,720.0,360.0
16098,2026-06-23,East,Product A,Core,CUST1261,At Risk,Partner,2,500,5,950.0,600.0,350.0
16099,2026-06-23,East,Product A,Core,CUST1276,Loyal,Online,2,500,5,950.0,600.0,350.0
16100,2026-06-23,West,Product B,Core,CUST1544,Champions,Online,2,750,0,1500.0,900.0,600.0
16101,2026-06-23,South,Product C,Accessory,CUST1530,At Risk,Retail Store,2,300,15,510.0,360.0,150.0
16102,2026-06-23,North,Product C,Accessory,CUST1059,Champions,Online,1,300,0,300.0,180.0,120.0
16103,2026-06-23,East,Product C,Accessory,CUST1504,New,Retail Store,3,300,10,810.0,540.0,270.0
16104,2026-06-23,East,Product D,Accessory,CUST1194,Loyal,Online,3,1200,5,3420.0,2160.0,1260.0
16105,2026-06-23,South,Product A,Core,CUST1588,Loyal,Partner,4,500,20,1600.0,1200.0,400.0
16106,2026-06-23,North,Product A,Core,CUST1421,Champions,Retail Store,1,500,10,450.0,300.0,150.0
16107,2026-06-23,West,Product A,Core,CUST1196,New,Retail Store,2,500,0,1000.0,600.0,400.0
16108,2026-06-23,South,Product B,Core,CUST1363,Champions,Partner,3,750,5,2137.5,1350.0,787.5
16109,2026-06-23,West,Product A,Core,CUST1539,At Risk,Partner,3,500,0,1500.0,900.0,600.0
16110,2026-06-23,North,Product A,Core,CUST1458,At Risk,Online,1,500,5,475.0,300.0,175.0
16111,2026-06-23,East,Product A,Core,CUST1271,Loyal,Online,2,500,10,900.0,600.0,300.0
16112,2026-06-23,South,Product A,Core,CUST1070,Loyal,Retail Store,4,500,10,1800.0,1200.0,600.0
16113,2026-06-23,East,Product B,Core,CUST1519,At Risk,Online,2,750,20,1200.0,900.0,300.0
16114,2026-06-23,East,Product B,Core,CUST1003,At Risk,Retail Store,3,750,5,2137.5,1350.0,787.5
16115,2026-06-23,North,Product B,Core,CUST1556,Loyal,Online,4,750,0,3000.0,1800.0,1200.0
16116,2026-06-23,East,Product B,Core,CUST1401,Lost,Retail Store,4,750,0,3000.0,1800.0,1200.0
16117,2026-06-23,East,Product B,Core,CUST1277,New,Retail Store,3,750,5,2137.5,1350.0,787.5
16118,2026-06-23,East,Product A,Core,CUST1143,New,Retail Store,3,500,0,1500.0,900.0,600.0
16119,2026-06-23,East,Product D,Accessory,CUST1107,Loyal,Online,1,1200,5,1140.0,720.0,420.0
16120,2026-06-23,East,Product C,Accessory,CUST1585,At Risk,Retail Store,3,300,5,855.0,540.0,315.0
16121,2026-06-23,North,Product B,Core,CUST1042,At Risk,Partner,1,750,10,675.0,450.0,225.0
16122,2026-06-23,North,Product B,Core,CUST1416,Champions,Retail Store,4,750,5,2850.0,1800.0,1050.0
16123,2026-06-23,South,Product A,Core,CUST1454,Champions,Retail Store,1,500,0,500.0,300.0,200.0
16124,2026-06-23,East,Product A,Core,CUST1170,Loyal,Online,3,500,0,1500.0,900.0,600.0
16125,2026-06-23,East,Product A,Core,CUST1233,New,Retail Store,4,500,0,2000.0,1200.0,800.0
16126,2026-06-23,East,Product D,Accessory,CUST1109,Lost,Online,2,1200,10,2160.0,1440.0,720.0
16127,2026-06-23,North,Product C,Accessory,CUST1120,New,Retail Store,1,300,0,300.0,180.0,120.0
16128,2026-06-24,South,Product C,Accessory,CUST1170,Loyal,Online,2,300,10,540.0,360.0,180.0
16129,2026-06-24,West,Product A,Core,CUST1598,Lost,Retail Store,4,500,0,2000.0,1200.0,800.0
16130,2026-06-24,East,Product B,Core,CUST1288,New,Retail Store,4,750,0,3000.0,1800.0,1200.0
16131,2026-06-24,South,Product B,Core,CUST1287,Loyal,Retail Store,4,750,5,2850.0,1800.0,1050.0
16132,2026-06-24,North,Product C,Accessory,CUST1119,At Risk,Online,1,300,15,255.0,180.0,75.0
16133,2026-06-24,East,Product A,Core,CUST1569,New,Retail Store,4,500,5,1900.0,1200.0,700.0
16134,2026-06-24,North,Product A,Core,CUST1209,New,Retail Store,2,500,0,1000.0,600.0,400.0
16135,2026-06-24,South,Product B,Core,CUST1392,New,Online,4,750,20,2400.0,1800.0,600.0
16136,2026-06-24,East,Product B,Core,CUST1209,New,Retail Store,3,750,0,2250.0,1350.0,900.0
16137,2026-06-24,North,Product A,Core,CUST1329,Loyal,Retail Store,1,500,10,450.0,300.0,150.0
16138,2026-06-24,East,Product B,Core,CUST1223,Lost,Online,1,750,15,637.5,450.0,187.5
16139,2026-06-24,South,Product A,Core,CUST1228,At Risk,Retail Store,1,500,5,475.0,300.0,175.0
16140,2026-06-24,West,Product A,Core,CUST1387,Lost,Retail Store,1,500,0,500.0,300.0,200.0
16141,2026-06-24,South,Product D,Accessory,CUST1323,New,Online,3,1200,20,2880.0,2160.0,720.0
16142,2026-06-24,North,Product A,Core,CUST1461,Champions,Online,1,500,10,450.0,300.0,150.0
16143,2026-06-24,West,Product C,Accessory,CUST1295,Lost,Online,4,300,0,1200.0,720.0,480.0
16144,2026-06-24,North,Product B,Core,CUST1570,Loyal,Online,2,750,10,1350.0,900.0,450.0
16145,2026-06-24,North,Product B,Core,CUST1357,At Risk,Online,3,750,5,2137.5,1350.0,787.5
16146,2026-06-24,South,Product B,Core,CUST1414,Champions,Online,1,750,0,750.0,450.0,300.0
16147,2026-06-24,South,Product C,Accessory,CUST1369,Lost,Online,4,300,5,1140.0,720.0,420.0
16148,2026-06-24,East,Product A,Core,CUST1536,New,Retail Store,1,500,5,475.0,300.0,175.0
16149,2026-06-24,North,Product B,Core,CUST1317,At Risk,Online,2,750,5,1425.0,900.0,525.0
16150,2026-06-24,South,Product A,Core,CUST1553,Lost,Retail Store,3,500,5,1425.0,900.0,525.0
16151,2026-06-24,North,Product A,Core,CUST1484,Champions,Online,4,500,10,1800.0,1200.0,600.0
16152,2026-06-24,East,Product D,Accessory,CUST1364,At Risk,Partner,2,1200,0,2400.0,1440.0,960.0
16153,2026-06-24,West,Product A,Core,CUST1082,At Risk,Retail Store,4,500,10,1800.0,1200.0,600.0
16154,2026-06-24,East,Product A,Core,CUST1408,Champions,Online,2,500,10,900.0,600.0,300.0
16155,2026-06-24,North,Product A,Core,CUST1025,Loyal,Retail Store,1,500,5,475.0,300.0,175.0
16156,2026-06-24,North,Product A,Core,CUST1214,At Risk,Online,3,500,5,1425.0,900.0,525.0
16157,2026-06-24,West,Product A,Core,CUST1465,At Risk,Partner,2,500,15,850.0,600.0,250.0
16158,2026-06-24,South,Product A,Core,CUST1009,New,Retail Store,2,500,0,1000.0,600.0,400.0
16159,2026-06-24,North,Product B,Core,CUST1257,Champions,Retail Store,1,750,5,712.5,450.0,262.5
16160,2026-06-24,West,Product C,Accessory,CUST1039,At Risk,Online,1,300,0,300.0,180.0,120.0
16161,2026-06-24,East,Product A,Core,CUST1505,At Risk,Retail Store,3,500,5,1425.0,900.0,525.0
16162,2026-06-24,East,Product D,Accessory,CUST1075,Loyal,Online,4,1200,0,4800.0,2880.0,1920.0
16163,2026-06-24,South,Product A,Core,CUST1085,Champions,Partner,3,500,5,1425.0,900.0,525.0
16164,2026-06-24,North,Product A,Core,CUST1003,At Risk,Online,4,500,5,1900.0,1200.0,700.0
16165,2026-06-24,South,Product B,Core,CUST1406,Loyal,Retail Store,3,750,5,2137.5,1350.0,787.5
16166,2026-06-24,East,Product B,Core,CUST1378,Loyal,Online,4,750,10,2700.0,1800.0,900.0
16167,2026-06-24,South,Product A,Core,CUST1130,Loyal,Partner,3,500,5,1425.0,900.0,525.0
16168,2026-06-24,North,Product A,Core,CUST1090,Loyal,Online,2,500,20,800.0,600.0,200.0
16169,2026-06-24,West,Product B,Core,CUST1474,Loyal,Online,2,750,5,1425.0,900.0,525.0
16170,2026-06-24,North,Product A,Core,CUST1303,New,Retail Store,4,500,0,2000.0,1200.0,800.0
16171,2026-06-24,West,Product B,Core,CUST1352,New,Online,1,750,5,712.5,450.0,262.5
16172,2026-06-24,East,Product B,Core,CUST1383,New,Online,4,750,15,2550.0,1800.0,750.0
16173,2026-06-24,East,Product D,Accessory,CUST1285,New,Online,3,1200,10,3240.0,2160.0,1080.0
16174,2026-06-24,East,Product A,Core,CUST1183,Loyal,Online,2,500,0,1000.0,600.0,400.0
16175,2026-06-24,West,Product D,Accessory,CUST1555,Loyal,Online,3,1200,0,3600.0,2160.0,1440.0
16176,2026-06-24,North,Product A,Core,CUST1488,New,Online,4,500,0,2000.0,1200.0,800.0
16177,2026-06-24,West,Product A,Core,CUST1535,Loyal,Online,2,500,0,1000.0,600.0,400.0
16178,2026-06-24,East,Product B,Core,CUST1015,Loyal,Online,3,750,10,2025.0,1350.0,675.0
16179,2026-06-24,West,Product A,Core,CUST1414,Champions,Retail Store,4,500,5,1900.0,1200.0,700.0
16180,2026-06-24,North,Product A,Core,CUST1548,At Risk,Online,4,500,10,1800.0,1200.0,600.0
16181,2026-06-24,East,Product B,Core,CUST1150,At Risk,Online,4,750,5,2850.0,1800.0,1050.0
16182,2026-06-24,North,Product A,Core,CUST1450,Champions,Retail Store,4,500,0,2000.0,1200.0,800.0
16183,2026-06-24,East,Product A,Core,CUST1432,At Risk,Retail Store,1,500,0,500.0,300.0,200.0
16184,2026-06-24,North,Product B,Core,CUST1186,Loyal,Retail Store,3,750,0,2250.0,1350.0,900.0
16185,2026-06-24,South,Product A,Core,CUST1038,Loyal,Retail Store,2,500,0,1000.0,600.0,400.0
16186,2026-06-24,West,Product D,Accessory,CUST1288,New,Retail Store,2,1200,5,2280.0,1440.0,840.0
16187,2026-06-24,North,Product B,Core,CUST1317,At Risk,Online,4,750,0,3000.0,1800.0,1200.0
16188,2026-06-24,South,Product D,Accessory,CUST1095,At Risk,Online,1,1200,0,1200.0,720.0,480.0
16189,2026-06-24,East,Product B,Core,CUST1187,Champions,Retail Store,3,750,0,2250.0,1350.0,900.0
16190,2026-06-25,North,Product A,Core,CUST1171,New,Retail Store,2,500,5,950.0,600.0,350.0
16191,2026-06-25,North,Product A,Core,CUST1366,At Risk,Retail Store,4,500,0,2000.0,1200.0,800.0
16192,2026-06-25,North,Product D,Accessory,CUST1564,At Risk,Online,1,1200,15,1020.0,720.0,300.0
16193,2026-06-25,North,Product C,Accessory,CUST1345,At Risk,Retail Store,2,300,15,510.0,360.0,150.0
16194,2026-06-25,East,Product D,Accessory,CUST1364,At Risk,Retail Store,3,1200,5,3420.0,2160.0,1260.0
16195,2026-06-25,South,Product A,Core,CUST1031,Lost,Online,4,500,5,1900.0,1200.0,700.0
16196,2026-06-25,East,Product C,Accessory,CUST1395,New,Retail Store,3,300,5,855.0,540.0,315.0
16197,2026-06-25,East,Product B,Core,CUST1075,Loyal,Retail Store,4,750,0,3000.0,1800.0,1200.0
16198,2026-06-25,South,Product C,Accessory,CUST1550,New,Online,4,300,15,1020.0,720.0,300.0
16199,2026-06-25,North,Product D,Accessory,CUST1508,New,Online,4,1200,5,4560.0,2880.0,1680.0
16200,2026-06-25,South,Product C,Accessory,CUST1532,Loyal,Online,1,300,0,300.0,180.0,120.0
16201,2026-06-25,East,Product C,Accessory,CUST1563,At Risk,Retail Store,4,300,15,1020.0,720.0,300.0
16202,2026-06-25,East,Product D,Accessory,CUST1053,At Risk,Retail Store,2,1200,0,2400.0,1440.0,960.0
16203,2026-06-25,North,Product A,Core,CUST1341,Lost,Partner,1,500,15,425.0,300.0,125.0
16204,2026-06-25,South,Product C,Accessory,CUST1122,Champions,Partner,2,300,0,600.0,360.0,240.0
16205,2026-06-25,East,Product D,Accessory,CUST1124,Champions,Retail Store,4,1200,0,4800.0,2880.0,1920.0
16206,2026-06-25,South,Product A,Core,CUST1197,Lost,Online,2,500,10,900.0,600.0,300.0
16207,2026-06-25,West,Product C,Accessory,CUST1460,New,Online,4,300,0,1200.0,720.0,480.0
16208,2026-06-25,East,Product A,Core,CUST1061,New,Partner,2,500,0,1000.0,600.0,400.0
16209,2026-06-25,North,Product A,Core,CUST1506,Loyal,Online,3,500,0,1500.0,900.0,600.0
16210,2026-06-25,East,Product D,Accessory,CUST1142,Lost,Retail Store,1,1200,0,1200.0,720.0,480.0
16211,2026-06-25,North,Product B,Core,CUST1371,Loyal,Partner,2,750,0,1500.0,900.0,600.0
16212,2026-06-25,East,Product B,Core,CUST1568,Loyal,Retail Store,1,750,15,637.5,450.0,187.5
16213,2026-06-25,West,Product A,Core,CUST1125,New,Partner,4,500,10,1800.0,1200.0,600.0
16214,2026-06-25,North,Product B,Core,CUST1240,At Risk,Online,1,750,15,637.5,450.0,187.5
16215,2026-06-25,North,Product B,Core,CUST1259,New,Online,2,750,10,1350.0,900.0,450.0
16216,2026-06-25,West,Product A,Core,CUST1211,New,Retail Store,2,500,10,900.0,600.0,300.0
16217,2026-06-25,West,Product A,Core,CUST1382,At Risk,Retail Store,1,500,5,475.0,300.0,175.0
16218,2026-06-25,South,Product D,Accessory,CUST1163,Champions,Retail Store,3,1200,0,3600.0,2160.0,1440.0
16219,2026-06-25,East,Product B,Core,CUST1312,Loyal,Retail Store,3,750,0,2250.0,1350.0,900.0
16220,2026-06-25,South,Product B,Core,CUST1046,Loyal,Retail Store,1,750,5,712.5,450.0,262.5
16221,2026-06-25,East,Product C,Accessory,CUST1224,Loyal,Online,2,300,0,600.0,360.0,240.0
16222,2026-06-25,North,Product A,Core,CUST1254,Loyal,Online,3,500,10,1350.0,900.0,450.0
16223,2026-06-25,North,Product D,Accessory,CUST1473,Champions,Retail Store,3,1200,5,3420.0,2160.0,1260.0
16224,2026-06-25,South,Product D,Accessory,CUST1493,Loyal,Online,1,1200,10,1080.0,720.0,360.0
16225,2026-06-25,South,Product B,Core,CUST1333,Lost,Online,4,750,15,2550.0,1800.0,750.0
16226,2026-06-25,North,Product C,Accessory,CUST1526,Lost,Online,1,300,15,255.0,180.0,75.0
16227,2026-06-25,North,Product A,Core,CUST1446,Lost,Online,2,500,15,850.0,600.0,250.0
16228,2026-06-25,East,Product A,Core,CUST1196,New,Online,1,500,0,500.0,300.0,200.0
16229,2026-06-25,South,Product D,Accessory,CUST1400,Loyal,Online,1,1200,10,1080.0,720.0,360.0
16230,2026-06-25,South,Product C,Accessory,CUST1286,Champions,Online,3,300,15,765.0,540.0,225.0
16231,2026-06-25,South,Product A,Core,CUST1130,Loyal,Retail Store,3,500,0,1500.0,900.0,600.0
16232,2026-06-25,South,Product D,Accessory,CUST1048,At Risk,Online,3,1200,5,3420.0,2160.0,1260.0
16233,2026-06-25,East,Product C,Accessory,CUST1358,New,Online,1,300,5,285.0,180.0,105.0
16234,2026-06-25,East,Product C,Accessory,CUST1169,Lost,Retail Store,3,300,0,900.0,540.0,360.0
16235,2026-06-25,West,Product D,Accessory,CUST1184,At Risk,Retail Store,4,1200,15,4080.0,2880.0,1200.0
16236,2026-06-25,North,Product B,Core,CUST1094,Loyal,Online,3,750,0,2250.0,1350.0,900.0
16237,2026-06-25,North,Product A,Core,CUST1224,Loyal,Online,2,500,5,950.0,600.0,350.0
16238,2026-06-25,East,Product B,Core,CUST1342,At Risk,Partner,1,750,10,675.0,450.0,225.0
16239,2026-06-25,West,Product D,Accessory,CUST1165,Loyal,Online,3,1200,10,3240.0,2160.0,1080.0
16240,2026-06-25,East,Product C,Accessory,CUST1582,Champions,Partner,2,300,15,510.0,360.0,150.0
16241,2026-06-25,East,Product D,Accessory,CUST1164,New,Online,2,1200,10,2160.0,1440.0,720.0
16242,2026-06-25,East,Product B,Core,CUST1557,New,Retail Store,2,750,10,1350.0,900.0,450.0
16243,2026-06-25,West,Product A,Core,CUST1216,Champions,Online,4,500,5,1900.0,1200.0,700.0
16244,2026-06-25,West,Product A,Core,CUST1541,New,Partner,1,500,0,500.0,300.0,200.0
16245,2026-06-25,South,Product B,Core,CUST1250,At Risk,Online,1,750,5,712.5,450.0,262.5
16246,2026-06-25,South,Product C,Accessory,CUST1112,Loyal,Online,2,300,20,480.0,360.0,120.0
16247,2026-06-25,East,Product B,Core,CUST1567,Champions,Retail Store,3,750,0,2250.0,1350.0,900.0
16248,2026-06-25,South,Product A,Core,CUST1369,Lost,Retail Store,4,500,0,2000.0,1200.0,800.0
16249,2026-06-25,South,Product D,Accessory,CUST1161,Lost,Retail Store,2,1200,10,2160.0,1440.0,720.0
16250,2026-06-26,East,Product A,Core,CUST1056,New,Online,4,500,5,1900.0,1200.0,700.0
16251,2026-06-26,South,Product D,Accessory,CUST1497,At Risk,Online,1,1200,10,1080.0,720.0,360.0
16252,2026-06-26,South,Product A,Core,CUST1412,Champions,Partner,1,500,5,475.0,300.0,175.0
16253,2026-06-26,East,Product D,Accessory,CUST1163,Champions,Online,4,1200,0,4800.0,2880.0,1920.0
16254,2026-06-26,East,Product C,Accessory,CUST1015,Loyal,Retail Store,1,300,0,300.0,180.0,120.0
16255,2026-06-26,South,Product B,Core,CUST1418,Loyal,Online,4,750,5,2850.0,1800.0,1050.0
16256,2026-06-26,West,Product B,Core,CUST1327,New,Partner,2,750,0,1500.0,900.0,600.0
16257,2026-06-26,North,Product B,Core,CUST1081,New,Online,2,750,10,1350.0,900.0,450.0
16258,2026-06-26,East,Product A,Core,CUST1410,At Risk,Partner,2,500,10,900.0,600.0,300.0
16259,2026-06-26,North,Product C,Accessory,CUST1194,Loyal,Online,1,300,15,255.0,180.0,75.0
16260,2026-06-26,East,Product B,Core,CUST1175,Champions,Retail Store,2,750,0,1500.0,900.0,600.0
16261,2026-06-26,West,Product D,Accessory,CUST1041,At Risk,Online,1,1200,10,1080.0,720.0,360.0
16262,2026-06-26,North,Product B,Core,CUST1547,Champions,Retail Store,3,750,15,1912.5,1350.0,562.5
16263,2026-06-26,East,Product B,Core,CUST1110,New,Online,4,750,0,3000.0,1800.0,1200.0
16264,2026-06-26,South,Product A,Core,CUST1312,Loyal,Online,4,500,5,1900.0,1200.0,700.0
16265,2026-06-26,West,Product A,Core,CUST1185,At Risk,Partner,3,500,0,1500.0,900.0,600.0
16266,2026-06-26,South,Product A,Core,CUST1067,Loyal,Online,3,500,15,1275.0,900.0,375.0
16267,2026-06-26,East,Product B,Core,CUST1231,New,Online,4,750,10,2700.0,1800.0,900.0
16268,2026-06-26,East,Product B,Core,CUST1197,Lost,Retail Store,1,750,10,675.0,450.0,225.0
16269,2026-06-26,West,Product B,Core,CUST1352,New,Online,4,750,0,3000.0,1800.0,1200.0
16270,2026-06-26,North,Product B,Core,CUST1528,At Risk,Retail Store,2,750,5,1425.0,900.0,525.0
16271,2026-06-26,West,Product C,Accessory,CUST1373,Loyal,Online,4,300,10,1080.0,720.0,360.0
16272,2026-06-26,North,Product A,Core,CUST1354,New,Retail Store,1,500,5,475.0,300.0,175.0
16273,2026-06-26,East,Product A,Core,CUST1198,Loyal,Retail Store,2,500,15,850.0,600.0,250.0
16274,2026-06-26,West,Product C,Accessory,CUST1569,New,Online,2,300,5,570.0,360.0,210.0
16275,2026-06-26,West,Product A,Core,CUST1575,New,Retail Store,1,500,5,475.0,300.0,175.0
16276,2026-06-26,South,Product D,Accessory,CUST1289,Champions,Partner,3,1200,0,3600.0,2160.0,1440.0
16277,2026-06-26,South,Product A,Core,CUST1123,New,Online,2,500,0,1000.0,600.0,400.0
16278,2026-06-26,North,Product B,Core,CUST1216,Champions,Online,1,750,0,750.0,450.0,300.0
16279,2026-06-26,West,Product B,Core,CUST1552,Loyal,Online,4,750,0,3000.0,1800.0,1200.0
16280,2026-06-26,South,Product C,Accessory,CUST1173,Lost,Online,4,300,0,1200.0,720.0,480.0
16281,2026-06-26,East,Product B,Core,CUST1391,Champions,Online,2,750,0,1500.0,900.0,600.0
16282,2026-06-26,South,Product A,Core,CUST1125,New,Online,3,500,5,1425.0,900.0,525.0
16283,2026-06-26,South,Product B,Core,CUST1122,Champions,Online,2,750,0,1500.0,900.0,600.0
16284,2026-06-26,South,Product B,Core,CUST1390,At Risk,Online,2,750,0,1500.0,900.0,600.0
16285,2026-06-26,North,Product D,Accessory,CUST1004,Champions,Retail Store,3,1200,15,3060.0,2160.0,900.0
16286,2026-06-26,East,Product B,Core,CUST1497,At Risk,Online,3,750,0,2250.0,1350.0,900.0
16287,2026-06-26,West,Product D,Accessory,CUST1433,At Risk,Retail Store,2,1200,0,2400.0,1440.0,960.0
16288,2026-06-26,East,Product B,Core,CUST1198,Loyal,Online,2,750,5,1425.0,900.0,525.0
16289,2026-06-26,North,Product B,Core,CUST1041,At Risk,Retail Store,1,750,20,600.0,450.0,150.0
16290,2026-06-26,West,Product B,Core,CUST1016,New,Retail Store,1,750,0,750.0,450.0,300.0
16291,2026-06-26,West,Product A,Core,CUST1589,Champions,Online,2,500,15,850.0,600.0,250.0
16292,2026-06-26,East,Product A,Core,CUST1044,At Risk,Retail Store,3,500,10,1350.0,900.0,450.0
16293,2026-06-26,North,Product B,Core,CUST1355,New,Online,4,750,5,2850.0,1800.0,1050.0
16294,2026-06-26,North,Product A,Core,CUST1465,At Risk,Online,3,500,5,1425.0,900.0,525.0
16295,2026-06-26,North,Product B,Core,CUST1199,Loyal,Online,4,750,5,2850.0,1800.0,1050.0
16296,2026-06-26,South,Product D,Accessory,CUST1224,Loyal,Online,3,1200,0,3600.0,2160.0,1440.0
16297,2026-06-26,South,Product A,Core,CUST1097,Champions,Online,2,500,5,950.0,600.0,350.0
16298,2026-06-26,South,Product C,Accessory,CUST1094,Loyal,Partner,2,300,5,570.0,360.0,210.0
16299,2026-06-26,East,Product B,Core,CUST1401,Lost,Retail Store,4,750,0,3000.0,1800.0,1200.0
16300,2026-06-26,West,Product B,Core,CUST1059,Champions,Retail Store,4,750,15,2550.0,1800.0,750.0
16301,2026-06-26,South,Product A,Core,CUST1022,Lost,Retail Store,3,500,5,1425.0,900.0,525.0
16302,2026-06-26,North,Product B,Core,CUST1453,Loyal,Retail Store,3,750,5,2137.5,1350.0,787.5
16303,2026-06-26,North,Product C,Accessory,CUST1131,Lost,Online,1,300,5,285.0,180.0,105.0
16304,2026-06-26,East,Product A,Core,CUST1471,New,Retail Store,2,500,15,850.0,600.0,250.0
16305,2026-06-26,East,Product A,Core,CUST1194,Loyal,Retail Store,1,500,5,475.0,300.0,175.0
16306,2026-06-26,North,Product B,Core,CUST1348,New,Online,1,750,0,750.0,450.0,300.0
16307,2026-06-26,West,Product D,Accessory,CUST1181,Lost,Retail Store,4,1200,20,3840.0,2880.0,960.0
16308,2026-06-26,North,Product D,Accessory,CUST1482,New,Online,2,1200,0,2400.0,1440.0,960.0
16309,2026-06-26,East,Product D,Accessory,CUST1502,Lost,Retail Store,1,1200,10,1080.0,720.0,360.0
16310,2026-06-26,North,Product C,Accessory,CUST1051,Champions,Online,1,300,15,255.0,180.0,75.0
16311,2026-06-26,North,Product A,Core,CUST1151,Lost,Retail Store,3,500,5,1425.0,900.0,525.0
16312,2026-06-26,West,Product B,Core,CUST1341,Lost,Retail Store,1,750,10,675.0,450.0,225.0
16313,2026-06-26,North,Product A,Core,CUST1197,Lost,Partner,4,500,10,1800.0,1200.0,600.0
16314,2026-06-26,West,Product A,Core,CUST1527,Lost,Online,3,500,10,1350.0,900.0,450.0
16315,2026-06-26,North,Product C,Accessory,CUST1403,Champions,Online,1,300,0,300.0,180.0,120.0
16316,2026-06-26,West,Product A,Core,CUST1549,New,Retail Store,3,500,0,1500.0,900.0,600.0
16317,2026-06-26,East,Product B,Core,CUST1263,Champions,Retail Store,3,750,0,2250.0,1350.0,900.0
16318,2026-06-26,North,Product D,Accessory,CUST1304,Lost,Online,2,1200,10,2160.0,1440.0,720.0
16319,2026-06-26,South,Product A,Core,CUST1168,Loyal,Partner,4,500,15,1700.0,1200.0,500.0
16320,2026-06-26,East,Product B,Core,CUST1187,Champions,Online,1,750,0,750.0,450.0,300.0
16321,2026-06-26,South,Product B,Core,CUST1591,New,Online,3,750,5,2137.5,1350.0,787.5
16322,2026-06-26,East,Product D,Accessory,CUST1242,Loyal,Retail Store,1,1200,10,1080.0,720.0,360.0
16323,2026-06-26,West,Product B,Core,CUST1504,New,Online,1,750,0,750.0,450.0,300.0
16324,2026-06-26,South,Product D,Accessory,CUST1350,At Risk,Online,2,1200,10,2160.0,1440.0,720.0
16325,2026-06-26,North,Product B,Core,CUST1408,Champions,Online,1,750,0,750.0,450.0,300.0
16326,2026-06-26,South,Product D,Accessory,CUST1111,Loyal,Retail Store,4,1200,15,4080.0,2880.0,1200.0
16327,2026-06-26,North,Product B,Core,CUST1253,Loyal,Retail Store,4,750,0,3000.0,1800.0,1200.0
16328,2026-06-26,North,Product C,Accessory,CUST1137,New,Online,1,300,0,300.0,180.0,120.0
16329,2026-06-26,South,Product C,Accessory,CUST1305,New,Retail Store,3,300,0,900.0,540.0,360.0
16330,2026-06-26,South,Product D,Accessory,CUST1130,Loyal,Online,2,1200,20,1920.0,1440.0,480.0
16331,2026-06-27,North,Product C,Accessory,CUST1185,At Risk,Retail Store,1,300,10,270.0,180.0,90.0
16332,2026-06-27,North,Product A,Core,CUST1551,Loyal,Partner,4,500,0,2000.0,1200.0,800.0
16333,2026-06-27,East,Product C,Accessory,CUST1195,Loyal,Retail Store,4,300,0,1200.0,720.0,480.0
16334,2026-06-27,East,Product D,Accessory,CUST1184,At Risk,Online,2,1200,0,2400.0,1440.0,960.0
16335,2026-06-27,South,Product D,Accessory,CUST1328,At Risk,Retail Store,1,1200,0,1200.0,720.0,480.0
16336,2026-06-27,North,Product B,Core,CUST1519,At Risk,Retail Store,1,750,20,600.0,450.0,150.0
16337,2026-06-27,South,Product A,Core,CUST1201,Lost,Online,4,500,0,2000.0,1200.0,800.0
16338,2026-06-27,West,Product A,Core,CUST1485,New,Online,3,500,10,1350.0,900.0,450.0
16339,2026-06-27,East,Product B,Core,CUST1538,Loyal,Online,3,750,10,2025.0,1350.0,675.0
16340,2026-06-27,West,Product C,Accessory,CUST1439,At Risk,Online,3,300,5,855.0,540.0,315.0
16341,2026-06-27,East,Product A,Core,CUST1372,Loyal,Online,2,500,0,1000.0,600.0,400.0
16342,2026-06-27,East,Product B,Core,CUST1117,At Risk,Partner,3,750,10,2025.0,1350.0,675.0
16343,2026-06-27,West,Product B,Core,CUST1537,Loyal,Retail Store,3,750,5,2137.5,1350.0,787.5
16344,2026-06-27,South,Product C,Accessory,CUST1563,At Risk,Online,3,300,5,855.0,540.0,315.0
16345,2026-06-27,East,Product B,Core,CUST1132,New,Retail Store,4,750,0,3000.0,1800.0,1200.0
16346,2026-06-27,North,Product B,Core,CUST1586,Loyal,Retail Store,3,750,5,2137.5,1350.0,787.5
16347,2026-06-27,West,Product A,Core,CUST1082,At Risk,Retail Store,1,500,10,450.0,300.0,150.0
16348,2026-06-27,South,Product A,Core,CUST1300,At Risk,Online,3,500,0,1500.0,900.0,600.0
16349,2026-06-27,South,Product A,Core,CUST1153,New,Retail Store,2,500,0,1000.0,600.0,400.0
16350,2026-06-27,South,Product B,Core,CUST1350,At Risk,Retail Store,1,750,15,637.5,450.0,187.5
16351,2026-06-27,East,Product A,Core,CUST1476,New,Online,4,500,0,2000.0,1200.0,800.0
16352,2026-06-27,South,Product B,Core,CUST1412,Champions,Retail Store,3,750,20,1800.0,1350.0,450.0
16353,2026-06-27,North,Product D,Accessory,CUST1294,At Risk,Partner,1,1200,0,1200.0,720.0,480.0
16354,2026-06-27,South,Product A,Core,CUST1017,Champions,Online,4,500,5,1900.0,1200.0,700.0
16355,2026-06-27,West,Product B,Core,CUST1446,Lost,Partner,3,750,0,2250.0,1350.0,900.0
16356,2026-06-27,North,Product A,Core,CUST1578,Lost,Retail Store,1,500,10,450.0,300.0,150.0
16357,2026-06-27,East,Product B,Core,CUST1295,Lost,Online,3,750,5,2137.5,1350.0,787.5
16358,2026-06-27,West,Product B,Core,CUST1233,New,Online,3,750,5,2137.5,1350.0,787.5
16359,2026-06-27,East,Product B,Core,CUST1217,Champions,Online,4,750,15,2550.0,1800.0,750.0
16360,2026-06-27,North,Product A,Core,CUST1038,Loyal,Online,3,500,5,1425.0,900.0,525.0
16361,2026-06-27,East,Product A,Core,CUST1422,Champions,Online,4,500,0,2000.0,1200.0,800.0
16362,2026-06-27,North,Product D,Accessory,CUST1358,New,Online,4,1200,0,4800.0,2880.0,1920.0
16363,2026-06-27,North,Product A,Core,CUST1564,At Risk,Online,4,500,0,2000.0,1200.0,800.0
16364,2026-06-27,West,Product D,Accessory,CUST1516,Loyal,Retail Store,1,1200,10,1080.0,720.0,360.0
16365,2026-06-27,West,Product B,Core,CUST1424,At Risk,Online,1,750,5,712.5,450.0,262.5
16366,2026-06-27,North,Product C,Accessory,CUST1246,At Risk,Online,4,300,5,1140.0,720.0,420.0
16367,2026-06-27,South,Product A,Core,CUST1318,Loyal,Online,2,500,20,800.0,600.0,200.0
16368,2026-06-27,North,Product A,Core,CUST1041,At Risk,Retail Store,2,500,0,1000.0,600.0,400.0
16369,2026-06-27,South,Product A,Core,CUST1539,At Risk,Retail Store,3,500,5,1425.0,900.0,525.0
16370,2026-06-27,East,Product A,Core,CUST1432,At Risk,Partner,3,500,5,1425.0,900.0,525.0
16371,2026-06-27,West,Product B,Core,CUST1209,New,Online,3,750,0,2250.0,1350.0,900.0
16372,2026-06-27,North,Product A,Core,CUST1319,Lost,Retail Store,3,500,0,1500.0,900.0,600.0
16373,2026-06-27,East,Product A,Core,CUST1017,Champions,Online,4,500,5,1900.0,1200.0,700.0
16374,2026-06-27,South,Product B,Core,CUST1049,Champions,Partner,3,750,5,2137.5,1350.0,787.5
16375,2026-06-27,North,Product B,Core,CUST1466,At Risk,Retail Store,2,750,20,1200.0,900.0,300.0
16376,2026-06-27,North,Product C,Accessory,CUST1141,New,Online,2,300,5,570.0,360.0,210.0
16377,2026-06-27,North,Product D,Accessory,CUST1354,New,Online,2,1200,0,2400.0,1440.0,960.0
16378,2026-06-27,North,Product B,Core,CUST1154,Champions,Online,3,750,10,2025.0,1350.0,675.0
16379,2026-06-27,South,Product C,Accessory,CUST1008,Champions,Online,1,300,0,300.0,180.0,120.0
16380,2026-06-27,South,Product A,Core,CUST1432,At Risk,Online,1,500,0,500.0,300.0,200.0
16381,2026-06-27,South,Product B,Core,CUST1073,Loyal,Retail Store,1,750,0,750.0,450.0,300.0
16382,2026-06-27,North,Product B,Core,CUST1034,New,Retail Store,3,750,5,2137.5,1350.0,787.5
16383,2026-06-27,West,Product C,Accessory,CUST1328,At Risk,Partner,1,300,0,300.0,180.0,120.0
16384,2026-06-27,West,Product A,Core,CUST1172,Loyal,Retail Store,2,500,0,1000.0,600.0,400.0
16385,2026-06-27,East,Product A,Core,CUST1548,At Risk,Online,1,500,20,400.0,300.0,100.0
16386,2026-06-27,West,Product B,Core,CUST1403,Champions,Online,3,750,20,1800.0,1350.0,450.0
16387,2026-06-27,East,Product C,Accessory,CUST1146,Loyal,Retail Store,2,300,20,480.0,360.0,120.0
16388,2026-06-27,West,Product B,Core,CUST1391,Champions,Partner,1,750,0,750.0,450.0,300.0
16389,2026-06-27,North,Product B,Core,CUST1576,Lost,Partner,4,750,20,2400.0,1800.0,600.0
16390,2026-06-27,North,Product A,Core,CUST1229,Champions,Retail Store,1,500,10,450.0,300.0,150.0
16391,2026-06-27,West,Product B,Core,CUST1227,New,Online,4,750,10,2700.0,1800.0,900.0
16392,2026-06-27,South,Product A,Core,CUST1486,New,Retail Store,2,500,5,950.0,600.0,350.0
16393,2026-06-27,South,Product D,Accessory,CUST1242,Loyal,Online,2,1200,10,2160.0,1440.0,720.0
16394,2026-06-27,South,Product B,Core,CUST1249,New,Online,3,750,0,2250.0,1350.0,900.0
16395,2026-06-27,West,Product B,Core,CUST1536,New,Retail Store,4,750,0,3000.0,1800.0,1200.0
16396,2026-06-27,South,Product C,Accessory,CUST1091,At Risk,Retail Store,3,300,10,810.0,540.0,270.0
16397,2026-06-28,South,Product C,Accessory,CUST1524,Champions,Online,1,300,10,270.0,180.0,90.0
16398,2026-06-28,South,Product D,Accessory,CUST1057,New,Retail Store,3,1200,0,3600.0,2160.0,1440.0
16399,2026-06-28,West,Product D,Accessory,CUST1323,New,Online,2,1200,15,2040.0,1440.0,600.0
16400,2026-06-28,North,Product A,Core,CUST1352,New,Online,4,500,0,2000.0,1200.0,800.0
16401,2026-06-28,South,Product B,Core,CUST1012,At Risk,Partner,2,750,15,1275.0,900.0,375.0
16402,2026-06-28,South,Product D,Accessory,CUST1488,New,Online,3,1200,5,3420.0,2160.0,1260.0
16403,2026-06-28,North,Product A,Core,CUST1386,At Risk,Partner,4,500,0,2000.0,1200.0,800.0
16404,2026-06-28,North,Product C,Accessory,CUST1321,New,Retail Store,3,300,20,720.0,540.0,180.0
16405,2026-06-28,North,Product A,Core,CUST1170,Loyal,Partner,3,500,15,1275.0,900.0,375.0
16406,2026-06-28,West,Product A,Core,CUST1254,Loyal,Retail Store,3,500,0,1500.0,900.0,600.0
16407,2026-06-28,East,Product A,Core,CUST1280,Champions,Online,4,500,0,2000.0,1200.0,800.0
16408,2026-06-28,East,Product B,Core,CUST1550,New,Online,1,750,20,600.0,450.0,150.0
16409,2026-06-28,East,Product A,Core,CUST1170,Loyal,Retail Store,3,500,5,1425.0,900.0,525.0
16410,2026-06-28,North,Product A,Core,CUST1065,New,Retail Store,1,500,5,475.0,300.0,175.0
16411,2026-06-28,South,Product B,Core,CUST1520,Lost,Online,3,750,0,2250.0,1350.0,900.0
16412,2026-06-28,East,Product B,Core,CUST1045,At Risk,Online,2,750,0,1500.0,900.0,600.0
16413,2026-06-28,East,Product B,Core,CUST1265,Loyal,Online,3,750,0,2250.0,1350.0,900.0
16414,2026-06-28,East,Product B,Core,CUST1264,Lost,Retail Store,2,750,0,1500.0,900.0,600.0
16415,2026-06-28,North,Product D,Accessory,CUST1422,Champions,Retail Store,4,1200,0,4800.0,2880.0,1920.0
16416,2026-06-28,West,Product A,Core,CUST1006,At Risk,Retail Store,2,500,0,1000.0,600.0,400.0
16417,2026-06-28,West,Product C,Accessory,CUST1222,At Risk,Retail Store,4,300,0,1200.0,720.0,480.0
16418,2026-06-28,East,Product C,Accessory,CUST1263,Champions,Retail Store,3,300,20,720.0,540.0,180.0
16419,2026-06-28,East,Product D,Accessory,CUST1438,At Risk,Partner,2,1200,15,2040.0,1440.0,600.0
16420,2026-06-28,North,Product B,Core,CUST1233,New,Retail Store,3,750,5,2137.5,1350.0,787.5
16421,2026-06-28,South,Product D,Accessory,CUST1498,Loyal,Online,3,1200,15,3060.0,2160.0,900.0
16422,2026-06-28,North,Product A,Core,CUST1491,At Risk,Partner,2,500,5,950.0,600.0,350.0
16423,2026-06-28,South,Product B,Core,CUST1480,New,Online,3,750,0,2250.0,1350.0,900.0
16424,2026-06-28,West,Product B,Core,CUST1430,Lost,Partner,1,750,10,675.0,450.0,225.0
16425,2026-06-28,North,Product D,Accessory,CUST1570,Loyal,Partner,1,1200,0,1200.0,720.0,480.0
16426,2026-06-28,North,Product C,Accessory,CUST1227,New,Online,1,300,0,300.0,180.0,120.0
16427,2026-06-28,South,Product B,Core,CUST1554,Champions,Online,1,750,20,600.0,450.0,150.0
16428,2026-06-28,North,Product C,Accessory,CUST1476,New,Retail Store,3,300,0,900.0,540.0,360.0
16429,2026-06-28,South,Product C,Accessory,CUST1057,New,Online,4,300,10,1080.0,720.0,360.0
16430,2026-06-28,North,Product B,Core,CUST1236,New,Online,3,750,0,2250.0,1350.0,900.0
16431,2026-06-28,North,Product C,Accessory,CUST1257,Champions,Online,4,300,5,1140.0,720.0,420.0
16432,2026-06-28,South,Product A,Core,CUST1503,New,Online,2,500,0,1000.0,600.0,400.0
16433,2026-06-28,South,Product A,Core,CUST1353,New,Partner,1,500,0,500.0,300.0,200.0
16434,2026-06-28,North,Product D,Accessory,CUST1491,At Risk,Retail Store,4,1200,5,4560.0,2880.0,1680.0
16435,2026-06-28,East,Product C,Accessory,CUST1393,At Risk,Online,1,300,0,300.0,180.0,120.0
16436,2026-06-28,East,Product A,Core,CUST1411,At Risk,Retail Store,3,500,15,1275.0,900.0,375.0
16437,2026-06-28,West,Product C,Accessory,CUST1017,Champions,Retail Store,1,300,0,300.0,180.0,120.0
16438,2026-06-28,North,Product B,Core,CUST1475,Loyal,Online,3,750,5,2137.5,1350.0,787.5
16439,2026-06-28,East,Product B,Core,CUST1059,Champions,Retail Store,2,750,5,1425.0,900.0,525.0
16440,2026-06-28,East,Product C,Accessory,CUST1536,New,Online,4,300,15,1020.0,720.0,300.0
16441,2026-06-28,South,Product D,Accessory,CUST1262,Loyal,Online,3,1200,0,3600.0,2160.0,1440.0
16442,2026-06-28,South,Product B,Core,CUST1251,Lost,Retail Store,4,750,15,2550.0,1800.0,750.0
16443,2026-06-28,West,Product D,Accessory,CUST1327,New,Online,2,1200,15,2040.0,1440.0,600.0
16444,2026-06-29,South,Product A,Core,CUST1068,Champions,Online,1,500,5,475.0,300.0,175.0
16445,2026-06-29,South,Product B,Core,CUST1030,At Risk,Online,1,750,0,750.0,450.0,300.0
16446,2026-06-29,West,Product B,Core,CUST1073,Loyal,Online,2,750,0,1500.0,900.0,600.0
16447,2026-06-29,East,Product A,Core,CUST1358,New,Online,2,500,5,950.0,600.0,350.0
16448,2026-06-29,East,Product C,Accessory,CUST1489,New,Online,3,300,10,810.0,540.0,270.0
16449,2026-06-29,South,Product B,Core,CUST1491,At Risk,Online,2,750,5,1425.0,900.0,525.0
16450,2026-06-29,West,Product C,Accessory,CUST1489,New,Online,2,300,0,600.0,360.0,240.0
16451,2026-06-29,North,Product A,Core,CUST1578,Lost,Retail Store,1,500,0,500.0,300.0,200.0
16452,2026-06-29,South,Product C,Accessory,CUST1291,Champions,Partner,2,300,15,510.0,360.0,150.0
16453,2026-06-29,West,Product C,Accessory,CUST1412,Champions,Online,4,300,10,1080.0,720.0,360.0
16454,2026-06-29,North,Product A,Core,CUST1081,New,Online,4,500,0,2000.0,1200.0,800.0
16455,2026-06-29,South,Product C,Accessory,CUST1360,Lost,Online,4,300,0,1200.0,720.0,480.0
16456,2026-06-29,North,Product C,Accessory,CUST1148,New,Retail Store,3,300,0,900.0,540.0,360.0
16457,2026-06-29,North,Product A,Core,CUST1339,Lost,Retail Store,3,500,0,1500.0,900.0,600.0
16458,2026-06-29,West,Product A,Core,CUST1211,New,Online,2,500,0,1000.0,600.0,400.0
16459,2026-06-29,North,Product A,Core,CUST1492,At Risk,Retail Store,3,500,10,1350.0,900.0,450.0
16460,2026-06-29,East,Product D,Accessory,CUST1455,Loyal,Partner,1,1200,5,1140.0,720.0,420.0
16461,2026-06-29,South,Product B,Core,CUST1396,At Risk,Online,1,750,10,675.0,450.0,225.0
16462,2026-06-29,West,Product A,Core,CUST1470,New,Retail Store,2,500,0,1000.0,600.0,400.0
16463,2026-06-29,North,Product B,Core,CUST1283,Loyal,Online,3,750,5,2137.5,1350.0,787.5
16464,2026-06-29,North,Product B,Core,CUST1473,Champions,Online,4,750,20,2400.0,1800.0,600.0
16465,2026-06-29,South,Product C,Accessory,CUST1267,Loyal,Partner,4,300,15,1020.0,720.0,300.0
16466,2026-06-29,North,Product B,Core,CUST1395,New,Retail Store,4,750,5,2850.0,1800.0,1050.0
16467,2026-06-29,East,Product B,Core,CUST1226,Champions,Online,2,750,20,1200.0,900.0,300.0
16468,2026-06-29,West,Product A,Core,CUST1491,At Risk,Online,4,500,5,1900.0,1200.0,700.0
16469,2026-06-29,West,Product D,Accessory,CUST1511,At Risk,Retail Store,3,1200,0,3600.0,2160.0,1440.0
16470,2026-06-29,East,Product A,Core,CUST1225,Lost,Retail Store,1,500,0,500.0,300.0,200.0
16471,2026-06-29,East,Product B,Core,CUST1592,Loyal,Online,1,750,0,750.0,450.0,300.0
16472,2026-06-29,East,Product B,Core,CUST1175,Champions,Retail Store,2,750,10,1350.0,900.0,450.0
16473,2026-06-29,East,Product C,Accessory,CUST1212,Loyal,Online,1,300,0,300.0,180.0,120.0
16474,2026-06-29,East,Product B,Core,CUST1368,Loyal,Online,4,750,0,3000.0,1800.0,1200.0
16475,2026-06-29,West,Product B,Core,CUST1026,New,Retail Store,3,750,10,2025.0,1350.0,675.0
16476,2026-06-29,West,Product B,Core,CUST1506,Loyal,Retail Store,2,750,15,1275.0,900.0,375.0
16477,2026-06-29,North,Product D,Accessory,CUST1014,New,Online,4,1200,0,4800.0,2880.0,1920.0
16478,2026-06-29,North,Product B,Core,CUST1150,At Risk,Online,1,750,0,750.0,450.0,300.0
16479,2026-06-29,North,Product A,Core,CUST1466,At Risk,Partner,1,500,10,450.0,300.0,150.0
16480,2026-06-29,South,Product D,Accessory,CUST1064,At Risk,Partner,2,1200,5,2280.0,1440.0,840.0
16481,2026-06-29,West,Product B,Core,CUST1419,Lost,Online,4,750,5,2850.0,1800.0,1050.0
16482,2026-06-29,South,Product B,Core,CUST1185,At Risk,Partner,1,750,0,750.0,450.0,300.0
16483,2026-06-29,East,Product C,Accessory,CUST1053,At Risk,Online,1,300,5,285.0,180.0,105.0
16484,2026-06-29,West,Product A,Core,CUST1387,Lost,Retail Store,2,500,0,1000.0,600.0,400.0
16485,2026-06-29,West,Product C,Accessory,CUST1544,Champions,Online,4,300,0,1200.0,720.0,480.0
16486,2026-06-29,East,Product A,Core,CUST1454,Champions,Online,2,500,5,950.0,600.0,350.0
16487,2026-06-29,South,Product A,Core,CUST1138,At Risk,Retail Store,1,500,0,500.0,300.0,200.0
16488,2026-06-29,East,Product C,Accessory,CUST1340,Champions,Partner,3,300,20,720.0,540.0,180.0
16489,2026-06-29,North,Product A,Core,CUST1124,Champions,Retail Store,4,500,20,1600.0,1200.0,400.0
16490,2026-06-29,West,Product D,Accessory,CUST1275,Loyal,Online,1,1200,5,1140.0,720.0,420.0
16491,2026-06-29,South,Product A,Core,CUST1190,Lost,Retail Store,1,500,5,475.0,300.0,175.0
16492,2026-06-29,East,Product A,Core,CUST1017,Champions,Partner,4,500,10,1800.0,1200.0,600.0
16493,2026-06-29,South,Product A,Core,CUST1356,At Risk,Retail Store,3,500,20,1200.0,900.0,300.0
16494,2026-06-29,North,Product A,Core,CUST1267,Loyal,Online,2,500,5,950.0,600.0,350.0
16495,2026-06-29,West,Product A,Core,CUST1131,Lost,Online,2,500,10,900.0,600.0,300.0
16496,2026-06-29,West,Product D,Accessory,CUST1000,At Risk,Online,3,1200,10,3240.0,2160.0,1080.0
16497,2026-06-29,West,Product A,Core,CUST1119,At Risk,Online,1,500,10,450.0,300.0,150.0
16498,2026-06-30,North,Product C,Accessory,CUST1076,Loyal,Online,2,300,0,600.0,360.0,240.0
16499,2026-06-30,North,Product A,Core,CUST1359,New,Online,2,500,0,1000.0,600.0,400.0
16500,2026-06-30,East,Product C,Accessory,CUST1267,Loyal,Retail Store,1,300,0,300.0,180.0,120.0
16501,2026-06-30,West,Product A,Core,CUST1148,New,Online,1,500,0,500.0,300.0,200.0
16502,2026-06-30,North,Product A,Core,CUST1267,Loyal,Online,3,500,15,1275.0,900.0,375.0
16503,2026-06-30,North,Product A,Core,CUST1113,New,Online,3,500,0,1500.0,900.0,600.0
16504,2026-06-30,North,Product C,Accessory,CUST1356,At Risk,Retail Store,4,300,5,1140.0,720.0,420.0
16505,2026-06-30,West,Product B,Core,CUST1594,Champions,Retail Store,4,750,0,3000.0,1800.0,1200.0
16506,2026-06-30,West,Product D,Accessory,CUST1433,At Risk,Partner,4,1200,10,4320.0,2880.0,1440.0
16507,2026-06-30,East,Product B,Core,CUST1118,New,Retail Store,4,750,5,2850.0,1800.0,1050.0
16508,2026-06-30,West,Product A,Core,CUST1437,New,Retail Store,3,500,10,1350.0,900.0,450.0
16509,2026-06-30,North,Product B,Core,CUST1151,Lost,Retail Store,1,750,5,712.5,450.0,262.5
16510,2026-06-30,South,Product B,Core,CUST1120,New,Retail Store,4,750,5,2850.0,1800.0,1050.0
16511,2026-06-30,East,Product B,Core,CUST1003,At Risk,Partner,3,750,0,2250.0,1350.0,900.0
16512,2026-06-30,South,Product B,Core,CUST1280,Champions,Online,4,750,5,2850.0,1800.0,1050.0
16513,2026-06-30,South,Product A,Core,CUST1042,At Risk,Online,4,500,0,2000.0,1200.0,800.0
16514,2026-06-30,North,Product A,Core,CUST1060,At Risk,Online,1,500,5,475.0,300.0,175.0
16515,2026-06-30,South,Product B,Core,CUST1027,Champions,Partner,4,750,0,3000.0,1800.0,1200.0
16516,2026-06-30,East,Product B,Core,CUST1555,Loyal,Retail Store,4,750,5,2850.0,1800.0,1050.0
16517,2026-06-30,West,Product B,Core,CUST1599,At Risk,Retail Store,3,750,0,2250.0,1350.0,900.0
16518,2026-06-30,East,Product A,Core,CUST1348,New,Online,3,500,15,1275.0,900.0,375.0
16519,2026-06-30,East,Product A,Core,CUST1426,Loyal,Retail Store,4,500,10,1800.0,1200.0,600.0
16520,2026-06-30,South,Product B,Core,CUST1414,Champions,Online,3,750,0,2250.0,1350.0,900.0
16521,2026-06-30,West,Product D,Accessory,CUST1199,Loyal,Online,2,1200,0,2400.0,1440.0,960.0
16522,2026-06-30,West,Product A,Core,CUST1494,At Risk,Retail Store,4,500,0,2000.0,1200.0,800.0
16523,2026-06-30,East,Product B,Core,CUST1164,New,Retail Store,2,750,0,1500.0,900.0,600.0
16524,2026-06-30,East,Product C,Accessory,CUST1292,Lost,Online,3,300,10,810.0,540.0,270.0
16525,2026-06-30,North,Product B,Core,CUST1072,Lost,Retail Store,1,750,0,750.0,450.0,300.0
16526,2026-06-30,East,Product A,Core,CUST1092,New,Retail Store,2,500,5,950.0,600.0,350.0
16527,2026-06-30,North,Product C,Accessory,CUST1096,Loyal,Retail Store,1,300,0,300.0,180.0,120.0
16528,2026-06-30,East,Product C,Accessory,CUST1042,At Risk,Retail Store,4,300,0,1200.0,720.0,480.0
16529,2026-06-30,East,Product C,Accessory,CUST1172,Loyal,Online,3,300,10,810.0,540.0,270.0
16530,2026-06-30,North,Product D,Accessory,CUST1485,New,Online,2,1200,15,2040.0,1440.0,600.0
16531,2026-06-30,East,Product B,Core,CUST1276,Loyal,Online,4,750,0,3000.0,1800.0,1200.0
16532,2026-06-30,South,Product B,Core,CUST1131,Lost,Online,1,750,0,750.0,450.0,300.0
16533,2026-06-30,East,Product B,Core,CUST1400,Loyal,Online,1,750,10,675.0,450.0,225.0
16534,2026-06-30,South,Product B,Core,CUST1358,New,Retail Store,4,750,15,2550.0,1800.0,750.0
16535,2026-06-30,South,Product B,Core,CUST1485,New,Online,3,750,0,2250.0,1350.0,900.0
16536,2026-06-30,South,Product A,Core,CUST1102,Loyal,Online,3,500,5,1425.0,900.0,525.0
16537,2026-06-30,West,Product A,Core,CUST1340,Champions,Retail Store,1,500,5,475.0,300.0,175.0
16538,2026-06-30,North,Product A,Core,CUST1454,Champions,Online,1,500,0,500.0,300.0,200.0
16539,2026-06-30,South,Product A,Core,CUST1323,New,Retail Store,4,500,5,1900.0,1200.0,700.0
16540,2026-06-30,East,Product A,Core,CUST1411,At Risk,Online,1,500,5,475.0,300.0,175.0
16541,2026-06-30,South,Product B,Core,CUST1434,Champions,Retail Store,3,750,5,2137.5,1350.0,787.5
16542,2026-06-30,East,Product B,Core,CUST1138,At Risk,Retail Store,2,750,15,1275.0,900.0,375.0
16543,2026-06-30,North,Product A,Core,CUST1503,New,Retail Store,2,500,5,950.0,600.0,350.0
16544,2026-06-30,South,Product C,Accessory,CUST1358,New,Partner,3,300,0,900.0,540.0,360.0
16545,2026-06-30,South,Product A,Core,CUST1422,Champions,Retail Store,2,500,0,1000.0,600.0,400.0
16546,2026-06-30,West,Product A,Core,CUST1238,Champions,Retail Store,4,500,15,1700.0,1200.0,500.0
16547,2026-06-30,South,Product C,Accessory,CUST1042,At Risk,Online,1,300,10,270.0,180.0,90.0
16548,2026-06-30,North,Product C,Accessory,CUST1286,Champions,Online,2,300,0,600.0,360.0,240.0
16549,2026-06-30,East,Product D,Accessory,CUST1362,Champions,Online,1,1200,0,1200.0,720.0,480.0
16550,2026-06-30,South,Product C,Accessory,CUST1078,New,Online,4,300,0,1200.0,720.0,480.0
16551,2026-06-30,North,Product A,Core,CUST1444,Loyal,Partner,3,500,10,1350.0,900.0,450.0
16552,2026-07-01,West,Product D,Accessory,CUST1392,New,Online,2,1200,0,2400.0,1440.0,960.0
16553,2026-07-01,North,Product B,Core,CUST1487,Loyal,Retail Store,4,750,10,2700.0,1800.0,900.0
16554,2026-07-01,North,Product A,Core,CUST1472,Champions,Retail Store,1,500,15,425.0,300.0,125.0
16555,2026-07-01,South,Product C,Accessory,CUST1469,New,Retail Store,4,300,0,1200.0,720.0,480.0
16556,2026-07-01,North,Product A,Core,CUST1023,Lost,Online,2,500,0,1000.0,600.0,400.0
16557,2026-07-01,West,Product C,Accessory,CUST1377,New,Retail Store,3,300,0,900.0,540.0,360.0
16558,2026-07-01,North,Product B,Core,CUST1594,Champions,Online,4,750,0,3000.0,1800.0,1200.0
16559,2026-07-01,West,Product D,Accessory,CUST1353,New,Retail Store,1,1200,0,1200.0,720.0,480.0
16560,2026-07-01,South,Product D,Accessory,CUST1557,New,Partner,1,1200,20,960.0,720.0,240.0
16561,2026-07-01,East,Product B,Core,CUST1237,At Risk,Online,2,750,0,1500.0,900.0,600.0
16562,2026-07-01,North,Product C,Accessory,CUST1382,At Risk,Online,1,300,0,300.0,180.0,120.0
16563,2026-07-01,South,Product A,Core,CUST1307,At Risk,Online,1,500,0,500.0,300.0,200.0
16564,2026-07-01,South,Product A,Core,CUST1578,Lost,Retail Store,2,500,10,900.0,600.0,300.0
16565,2026-07-01,South,Product D,Accessory,CUST1328,At Risk,Retail Store,4,1200,5,4560.0,2880.0,1680.0
16566,2026-07-01,North,Product B,Core,CUST1142,Lost,Partner,3,750,20,1800.0,1350.0,450.0
16567,2026-07-01,East,Product C,Accessory,CUST1451,Lost,Online,4,300,0,1200.0,720.0,480.0
16568,2026-07-01,West,Product A,Core,CUST1267,Loyal,Retail Store,3,500,15,1275.0,900.0,375.0
16569,2026-07-01,North,Product C,Accessory,CUST1527,Lost,Retail Store,1,300,5,285.0,180.0,105.0
16570,2026-07-01,West,Product B,Core,CUST1311,New,Online,3,750,10,2025.0,1350.0,675.0
16571,2026-07-01,West,Product A,Core,CUST1105,At Risk,Online,2,500,0,1000.0,600.0,400.0
16572,2026-07-01,East,Product B,Core,CUST1363,Champions,Retail Store,1,750,10,675.0,450.0,225.0
16573,2026-07-01,North,Product A,Core,CUST1391,Champions,Online,1,500,5,475.0,300.0,175.0
16574,2026-07-01,North,Product B,Core,CUST1094,Loyal,Retail Store,2,750,5,1425.0,900.0,525.0
16575,2026-07-01,East,Product B,Core,CUST1293,Champions,Online,1,750,5,712.5,450.0,262.5
16576,2026-07-01,East,Product B,Core,CUST1516,Loyal,Online,1,750,0,750.0,450.0,300.0
16577,2026-07-01,West,Product A,Core,CUST1493,Loyal,Online,3,500,15,1275.0,900.0,375.0
16578,2026-07-01,West,Product A,Core,CUST1209,New,Partner,2,500,5,950.0,600.0,350.0
16579,2026-07-01,North,Product C,Accessory,CUST1207,At Risk,Online,2,300,20,480.0,360.0,120.0
16580,2026-07-01,North,Product B,Core,CUST1399,New,Retail Store,2,750,0,1500.0,900.0,600.0
16581,2026-07-01,North,Product B,Core,CUST1542,At Risk,Online,1,750,10,675.0,450.0,225.0
16582,2026-07-01,East,Product A,Core,CUST1568,Loyal,Online,4,500,0,2000.0,1200.0,800.0
16583,2026-07-01,East,Product C,Accessory,CUST1103,Lost,Retail Store,1,300,5,285.0,180.0,105.0
16584,2026-07-01,East,Product D,Accessory,CUST1585,At Risk,Retail Store,3,1200,0,3600.0,2160.0,1440.0
16585,2026-07-01,South,Product C,Accessory,CUST1425,At Risk,Retail Store,4,300,10,1080.0,720.0,360.0
16586,2026-07-01,East,Product C,Accessory,CUST1174,Loyal,Online,1,300,5,285.0,180.0,105.0
16587,2026-07-01,South,Product B,Core,CUST1090,Loyal,Retail Store,4,750,10,2700.0,1800.0,900.0
16588,2026-07-01,East,Product C,Accessory,CUST1342,At Risk,Retail Store,2,300,0,600.0,360.0,240.0
16589,2026-07-01,East,Product A,Core,CUST1241,At Risk,Online,3,500,10,1350.0,900.0,450.0
16590,2026-07-01,West,Product A,Core,CUST1391,Champions,Partner,1,500,0,500.0,300.0,200.0
16591,2026-07-01,East,Product C,Accessory,CUST1061,New,Online,3,300,10,810.0,540.0,270.0
16592,2026-07-01,West,Product B,Core,CUST1373,Loyal,Online,3,750,0,2250.0,1350.0,900.0
16593,2026-07-01,South,Product A,Core,CUST1425,At Risk,Retail Store,4,500,0,2000.0,1200.0,800.0
16594,2026-07-01,North,Product D,Accessory,CUST1267,Loyal,Retail Store,1,1200,10,1080.0,720.0,360.0
16595,2026-07-01,East,Product C,Accessory,CUST1332,At Risk,Online,1,300,0,300.0,180.0,120.0
16596,2026-07-01,South,Product B,Core,CUST1167,At Risk,Partner,3,750,0,2250.0,1350.0,900.0
16597,2026-07-01,East,Product C,Accessory,CUST1155,At Risk,Online,4,300,5,1140.0,720.0,420.0
16598,2026-07-01,South,Product A,Core,CUST1542,At Risk,Online,3,500,0,1500.0,900.0,600.0
16599,2026-07-01,East,Product A,Core,CUST1331,Loyal,Retail Store,2,500,5,950.0,600.0,350.0
16600,2026-07-01,East,Product D,Accessory,CUST1422,Champions,Online,2,1200,0,2400.0,1440.0,960.0
16601,2026-07-01,South,Product B,Core,CUST1388,Champions,Online,4,750,15,2550.0,1800.0,750.0
16602,2026-07-01,East,Product C,Accessory,CUST1203,Champions,Online,3,300,5,855.0,540.0,315.0
16603,2026-07-01,North,Product B,Core,CUST1136,Lost,Online,4,750,15,2550.0,1800.0,750.0
16604,2026-07-02,East,Product A,Core,CUST1289,Champions,Online,3,500,10,1350.0,900.0,450.0
16605,2026-07-02,North,Product A,Core,CUST1067,Loyal,Retail Store,2,500,10,900.0,600.0,300.0
16606,2026-07-02,East,Product C,Accessory,CUST1400,Loyal,Online,3,300,10,810.0,540.0,270.0
16607,2026-07-02,North,Product D,Accessory,CUST1263,Champions,Online,4,1200,0,4800.0,2880.0,1920.0
16608,2026-07-02,East,Product C,Accessory,CUST1312,Loyal,Online,1,300,10,270.0,180.0,90.0
16609,2026-07-02,South,Product B,Core,CUST1579,Loyal,Online,4,750,20,2400.0,1800.0,600.0
16610,2026-07-02,East,Product C,Accessory,CUST1057,New,Partner,2,300,0,600.0,360.0,240.0
16611,2026-07-02,North,Product A,Core,CUST1081,New,Online,3,500,5,1425.0,900.0,525.0
16612,2026-07-02,East,Product A,Core,CUST1060,At Risk,Online,3,500,0,1500.0,900.0,600.0
16613,2026-07-02,North,Product D,Accessory,CUST1518,Champions,Online,3,1200,0,3600.0,2160.0,1440.0
16614,2026-07-02,South,Product C,Accessory,CUST1500,At Risk,Partner,1,300,0,300.0,180.0,120.0
16615,2026-07-02,North,Product A,Core,CUST1579,Loyal,Retail Store,1,500,10,450.0,300.0,150.0
16616,2026-07-02,North,Product A,Core,CUST1403,Champions,Online,2,500,0,1000.0,600.0,400.0
16617,2026-07-02,West,Product C,Accessory,CUST1033,Loyal,Retail Store,1,300,0,300.0,180.0,120.0
16618,2026-07-02,East,Product D,Accessory,CUST1178,Lost,Partner,1,1200,0,1200.0,720.0,480.0
16619,2026-07-02,North,Product B,Core,CUST1418,Loyal,Online,3,750,0,2250.0,1350.0,900.0
16620,2026-07-02,South,Product A,Core,CUST1283,Loyal,Retail Store,4,500,20,1600.0,1200.0,400.0
16621,2026-07-02,North,Product A,Core,CUST1133,Loyal,Retail Store,3,500,0,1500.0,900.0,600.0
16622,2026-07-02,West,Product B,Core,CUST1274,At Risk,Online,2,750,0,1500.0,900.0,600.0
16623,2026-07-02,West,Product B,Core,CUST1130,Loyal,Online,1,750,15,637.5,450.0,187.5
16624,2026-07-02,West,Product B,Core,CUST1480,New,Online,4,750,5,2850.0,1800.0,1050.0
16625,2026-07-02,West,Product D,Accessory,CUST1517,At Risk,Online,2,1200,0,2400.0,1440.0,960.0
16626,2026-07-02,North,Product A,Core,CUST1230,Champions,Online,2,500,15,850.0,600.0,250.0
16627,2026-07-02,North,Product A,Core,CUST1321,New,Partner,1,500,0,500.0,300.0,200.0
16628,2026-07-02,North,Product B,Core,CUST1185,At Risk,Online,4,750,0,3000.0,1800.0,1200.0
16629,2026-07-02,South,Product B,Core,CUST1314,Loyal,Online,3,750,5,2137.5,1350.0,787.5
16630,2026-07-02,East,Product B,Core,CUST1026,New,Retail Store,4,750,0,3000.0,1800.0,1200.0
16631,2026-07-02,West,Product C,Accessory,CUST1554,Champions,Retail Store,3,300,0,900.0,540.0,360.0
16632,2026-07-02,East,Product C,Accessory,CUST1193,At Risk,Online,4,300,20,960.0,720.0,240.0
16633,2026-07-02,North,Product D,Accessory,CUST1128,Champions,Retail Store,3,1200,20,2880.0,2160.0,720.0
16634,2026-07-02,North,Product B,Core,CUST1596,At Risk,Online,4,750,10,2700.0,1800.0,900.0
16635,2026-07-02,West,Product A,Core,CUST1351,Loyal,Online,3,500,10,1350.0,900.0,450.0
16636,2026-07-02,North,Product A,Core,CUST1075,Loyal,Online,3,500,0,1500.0,900.0,600.0
16637,2026-07-02,West,Product D,Accessory,CUST1398,New,Retail Store,3,1200,20,2880.0,2160.0,720.0
16638,2026-07-02,East,Product B,Core,CUST1501,Lost,Retail Store,2,750,5,1425.0,900.0,525.0
16639,2026-07-02,South,Product A,Core,CUST1283,Loyal,Retail Store,4,500,0,2000.0,1200.0,800.0
16640,2026-07-02,North,Product D,Accessory,CUST1293,Champions,Retail Store,1,1200,5,1140.0,720.0,420.0
16641,2026-07-02,North,Product A,Core,CUST1413,Lost,Online,3,500,20,1200.0,900.0,300.0
16642,2026-07-02,West,Product B,Core,CUST1302,New,Online,2,750,5,1425.0,900.0,525.0
16643,2026-07-02,West,Product C,Accessory,CUST1184,At Risk,Online,1,300,10,270.0,180.0,90.0
16644,2026-07-02,West,Product B,Core,CUST1229,Champions,Online,3,750,5,2137.5,1350.0,787.5
16645,2026-07-02,East,Product B,Core,CUST1297,At Risk,Retail Store,4,750,5,2850.0,1800.0,1050.0
16646,2026-07-02,North,Product C,Accessory,CUST1125,New,Online,4,300,15,1020.0,720.0,300.0
16647,2026-07-02,West,Product B,Core,CUST1070,Loyal,Online,3,750,15,1912.5,1350.0,562.5
16648,2026-07-02,East,Product A,Core,CUST1349,Champions,Online,2,500,0,1000.0,600.0,400.0
16649,2026-07-02,West,Product A,Core,CUST1493,Loyal,Retail Store,2,500,0,1000.0,600.0,400.0
16650,2026-07-03,South,Product B,Core,CUST1068,Champions,Partner,3,750,0,2250.0,1350.0,900.0
16651,2026-07-03,East,Product C,Accessory,CUST1499,New,Online,2,300,5,570.0,360.0,210.0
16652,2026-07-03,South,Product D,Accessory,CUST1205,Loyal,Online,1,1200,15,1020.0,720.0,300.0
16653,2026-07-03,West,Product B,Core,CUST1509,Champions,Retail Store,4,750,10,2700.0,1800.0,900.0
16654,2026-07-03,East,Product B,Core,CUST1433,At Risk,Partner,4,750,0,3000.0,1800.0,1200.0
16655,2026-07-03,West,Product B,Core,CUST1317,At Risk,Retail Store,1,750,0,750.0,450.0,300.0
16656,2026-07-03,North,Product D,Accessory,CUST1418,Loyal,Online,4,1200,0,4800.0,2880.0,1920.0
16657,2026-07-03,South,Product A,Core,CUST1083,Loyal,Online,3,500,10,1350.0,900.0,450.0
16658,2026-07-03,West,Product C,Accessory,CUST1230,Champions,Retail Store,2,300,0,600.0,360.0,240.0
16659,2026-07-03,South,Product C,Accessory,CUST1238,Champions,Retail Store,4,300,0,1200.0,720.0,480.0
16660,2026-07-03,East,Product A,Core,CUST1270,Champions,Online,3,500,10,1350.0,900.0,450.0
16661,2026-07-03,West,Product A,Core,CUST1333,Lost,Retail Store,4,500,5,1900.0,1200.0,700.0
16662,2026-07-03,South,Product A,Core,CUST1506,Loyal,Online,1,500,10,450.0,300.0,150.0
16663,2026-07-03,North,Product B,Core,CUST1067,Loyal,Retail Store,4,750,0,3000.0,1800.0,1200.0
16664,2026-07-03,East,Product A,Core,CUST1298,At Risk,Partner,1,500,0,500.0,300.0,200.0
16665,2026-07-03,North,Product A,Core,CUST1381,Lost,Retail Store,2,500,0,1000.0,600.0,400.0
16666,2026-07-03,West,Product A,Core,CUST1505,At Risk,Online,1,500,15,425.0,300.0,125.0
16667,2026-07-03,South,Product B,Core,CUST1194,Loyal,Online,3,750,15,1912.5,1350.0,562.5
16668,2026-07-03,East,Product C,Accessory,CUST1484,Champions,Online,1,300,5,285.0,180.0,105.0
16669,2026-07-03,North,Product A,Core,CUST1054,At Risk,Online,1,500,0,500.0,300.0,200.0
16670,2026-07-03,East,Product A,Core,CUST1527,Lost,Online,3,500,0,1500.0,900.0,600.0
16671,2026-07-03,South,Product A,Core,CUST1566,At Risk,Retail Store,2,500,15,850.0,600.0,250.0
16672,2026-07-03,East,Product B,Core,CUST1382,At Risk,Online,3,750,5,2137.5,1350.0,787.5
16673,2026-07-03,South,Product C,Accessory,CUST1380,New,Online,2,300,5,570.0,360.0,210.0
16674,2026-07-03,East,Product C,Accessory,CUST1159,At Risk,Retail Store,2,300,20,480.0,360.0,120.0
16675,2026-07-03,North,Product B,Core,CUST1220,Loyal,Retail Store,2,750,0,1500.0,900.0,600.0
16676,2026-07-03,North,Product A,Core,CUST1161,Lost,Retail Store,2,500,0,1000.0,600.0,400.0
16677,2026-07-03,West,Product B,Core,CUST1183,Loyal,Online,3,750,5,2137.5,1350.0,787.5
16678,2026-07-03,North,Product B,Core,CUST1062,New,Online,2,750,5,1425.0,900.0,525.0
16679,2026-07-03,North,Product C,Accessory,CUST1118,New,Retail Store,1,300,5,285.0,180.0,105.0
16680,2026-07-03,East,Product B,Core,CUST1036,Champions,Online,4,750,20,2400.0,1800.0,600.0
16681,2026-07-03,West,Product A,Core,CUST1485,New,Retail Store,1,500,0,500.0,300.0,200.0
16682,2026-07-03,East,Product A,Core,CUST1309,Champions,Online,4,500,15,1700.0,1200.0,500.0
16683,2026-07-03,East,Product A,Core,CUST1156,Loyal,Online,3,500,15,1275.0,900.0,375.0
16684,2026-07-03,South,Product B,Core,CUST1173,Lost,Retail Store,2,750,20,1200.0,900.0,300.0
16685,2026-07-03,East,Product C,Accessory,CUST1532,Loyal,Online,4,300,0,1200.0,720.0,480.0
16686,2026-07-03,North,Product A,Core,CUST1415,Loyal,Retail Store,1,500,5,475.0,300.0,175.0
16687,2026-07-03,South,Product A,Core,CUST1279,Lost,Online,2,500,15,850.0,600.0,250.0
16688,2026-07-03,East,Product A,Core,CUST1473,Champions,Online,3,500,0,1500.0,900.0,600.0
16689,2026-07-03,North,Product A,Core,CUST1024,At Risk,Retail Store,4,500,0,2000.0,1200.0,800.0
16690,2026-07-03,South,Product B,Core,CUST1139,Champions,Retail Store,2,750,0,1500.0,900.0,600.0
16691,2026-07-03,East,Product A,Core,CUST1383,New,Retail Store,3,500,5,1425.0,900.0,525.0
16692,2026-07-03,West,Product B,Core,CUST1111,Loyal,Retail Store,4,750,0,3000.0,1800.0,1200.0
16693,2026-07-03,South,Product A,Core,CUST1293,Champions,Online,3,500,20,1200.0,900.0,300.0
16694,2026-07-03,East,Product A,Core,CUST1030,At Risk,Retail Store,3,500,10,1350.0,900.0,450.0
16695,2026-07-03,East,Product A,Core,CUST1429,At Risk,Partner,4,500,15,1700.0,1200.0,500.0
16696,2026-07-03,East,Product A,Core,CUST1271,Loyal,Online,4,500,0,2000.0,1200.0,800.0
16697,2026-07-03,East,Product B,Core,CUST1303,New,Retail Store,4,750,5,2850.0,1800.0,1050.0
16698,2026-07-03,West,Product D,Accessory,CUST1363,Champions,Online,1,1200,0,1200.0,720.0,480.0
16699,2026-07-03,East,Product B,Core,CUST1181,Lost,Online,2,750,10,1350.0,900.0,450.0
16700,2026-07-03,South,Product A,Core,CUST1339,Lost,Retail Store,2,500,5,950.0,600.0,350.0
16701,2026-07-03,East,Product A,Core,CUST1250,At Risk,Online,2,500,0,1000.0,600.0,400.0
16702,2026-07-03,North,Product B,Core,CUST1590,Lost,Retail Store,2,750,0,1500.0,900.0,600.0
16703,2026-07-03,North,Product C,Accessory,CUST1004,Champions,Retail Store,3,300,0,900.0,540.0,360.0
16704,2026-07-03,South,Product A,Core,CUST1294,At Risk,Online,1,500,10,450.0,300.0,150.0
16705,2026-07-03,West,Product A,Core,CUST1132,New,Retail Store,2,500,10,900.0,600.0,300.0
16706,2026-07-03,East,Product B,Core,CUST1578,Lost,Retail Store,2,750,5,1425.0,900.0,525.0
16707,2026-07-03,North,Product B,Core,CUST1170,Loyal,Online,3,750,10,2025.0,1350.0,675.0
16708,2026-07-03,West,Product A,Core,CUST1407,At Risk,Retail Store,1,500,10,450.0,300.0,150.0
16709,2026-07-03,East,Product B,Core,CUST1318,Loyal,Partner,1,750,0,750.0,450.0,300.0
16710,2026-07-03,East,Product C,Accessory,CUST1037,New,Partner,1,300,5,285.0,180.0,105.0
16711,2026-07-03,North,Product A,Core,CUST1353,New,Retail Store,3,500,5,1425.0,900.0,525.0
16712,2026-07-03,South,Product B,Core,CUST1516,Loyal,Online,4,750,0,3000.0,1800.0,1200.0
16713,2026-07-03,North,Product A,Core,CUST1547,Champions,Online,4,500,0,2000.0,1200.0,800.0
16714,2026-07-03,East,Product B,Core,CUST1494,At Risk,Online,1,750,15,637.5,450.0,187.5
16715,2026-07-03,West,Product A,Core,CUST1039,At Risk,Online,1,500,15,425.0,300.0,125.0
16716,2026-07-04,South,Product B,Core,CUST1184,At Risk,Online,2,750,0,1500.0,900.0,600.0
16717,2026-07-04,North,Product A,Core,CUST1587,Loyal,Partner,4,500,10,1800.0,1200.0,600.0
16718,2026-07-04,North,Product A,Core,CUST1055,At Risk,Online,1,500,0,500.0,300.0,200.0
16719,2026-07-04,West,Product C,Accessory,CUST1307,At Risk,Retail Store,1,300,10,270.0,180.0,90.0
16720,2026-07-04,East,Product A,Core,CUST1120,New,Online,2,500,10,900.0,600.0,300.0
16721,2026-07-04,North,Product D,Accessory,CUST1209,New,Partner,2,1200,10,2160.0,1440.0,720.0
16722,2026-07-04,North,Product C,Accessory,CUST1524,Champions,Online,4,300,20,960.0,720.0,240.0
16723,2026-07-04,West,Product C,Accessory,CUST1238,Champions,Online,2,300,5,570.0,360.0,210.0
16724,2026-07-04,East,Product A,Core,CUST1366,At Risk,Partner,1,500,10,450.0,300.0,150.0
16725,2026-07-04,East,Product D,Accessory,CUST1528,At Risk,Online,3,1200,15,3060.0,2160.0,900.0
16726,2026-07-04,West,Product A,Core,CUST1315,Loyal,Online,2,500,0,1000.0,600.0,400.0
16727,2026-07-04,North,Product A,Core,CUST1407,At Risk,Online,3,500,5,1425.0,900.0,525.0
16728,2026-07-04,South,Product C,Accessory,CUST1003,At Risk,Retail Store,3,300,15,765.0,540.0,225.0
16729,2026-07-04,West,Product C,Accessory,CUST1226,Champions,Online,3,300,10,810.0,540.0,270.0
16730,2026-07-04,East,Product D,Accessory,CUST1330,At Risk,Online,3,1200,5,3420.0,2160.0,1260.0
16731,2026-07-04,South,Product B,Core,CUST1185,At Risk,Partner,3,750,20,1800.0,1350.0,450.0
16732,2026-07-04,East,Product A,Core,CUST1336,Champions,Partner,2,500,10,900.0,600.0,300.0
16733,2026-07-04,North,Product B,Core,CUST1374,Loyal,Retail Store,2,750,0,1500.0,900.0,600.0
16734,2026-07-04,South,Product A,Core,CUST1302,New,Retail Store,3,500,5,1425.0,900.0,525.0
16735,2026-07-04,West,Product C,Accessory,CUST1486,New,Online,1,300,10,270.0,180.0,90.0
16736,2026-07-04,East,Product D,Accessory,CUST1009,New,Online,1,1200,10,1080.0,720.0,360.0
16737,2026-07-04,West,Product B,Core,CUST1475,Loyal,Retail Store,2,750,10,1350.0,900.0,450.0
16738,2026-07-04,West,Product A,Core,CUST1151,Lost,Partner,2,500,5,950.0,600.0,350.0
16739,2026-07-04,North,Product B,Core,CUST1526,Lost,Online,3,750,0,2250.0,1350.0,900.0
16740,2026-07-04,North,Product B,Core,CUST1488,New,Online,4,750,0,3000.0,1800.0,1200.0
16741,2026-07-04,South,Product C,Accessory,CUST1343,New,Retail Store,3,300,0,900.0,540.0,360.0
16742,2026-07-04,West,Product C,Accessory,CUST1476,New,Online,4,300,0,1200.0,720.0,480.0
16743,2026-07-04,East,Product B,Core,CUST1429,At Risk,Online,4,750,0,3000.0,1800.0,1200.0
16744,2026-07-04,South,Product A,Core,CUST1380,New,Online,4,500,5,1900.0,1200.0,700.0
16745,2026-07-04,North,Product A,Core,CUST1473,Champions,Online,2,500,0,1000.0,600.0,400.0
16746,2026-07-04,East,Product D,Accessory,CUST1095,At Risk,Online,4,1200,5,4560.0,2880.0,1680.0
16747,2026-07-04,North,Product B,Core,CUST1176,New,Online,4,750,5,2850.0,1800.0,1050.0
16748,2026-07-04,North,Product D,Accessory,CUST1021,Loyal,Retail Store,1,1200,20,960.0,720.0,240.0
16749,2026-07-04,East,Product A,Core,CUST1185,At Risk,Online,4,500,15,1700.0,1200.0,500.0
16750,2026-07-04,East,Product A,Core,CUST1068,Champions,Online,3,500,5,1425.0,900.0,525.0
16751,2026-07-04,East,Product B,Core,CUST1592,Loyal,Partner,4,750,10,2700.0,1800.0,900.0
16752,2026-07-04,North,Product D,Accessory,CUST1458,At Risk,Partner,4,1200,0,4800.0,2880.0,1920.0
16753,2026-07-04,North,Product B,Core,CUST1041,At Risk,Retail Store,1,750,5,712.5,450.0,262.5
16754,2026-07-04,North,Product C,Accessory,CUST1143,New,Online,2,300,0,600.0,360.0,240.0
16755,2026-07-04,South,Product A,Core,CUST1088,Loyal,Online,1,500,5,475.0,300.0,175.0
16756,2026-07-04,West,Product A,Core,CUST1018,At Risk,Online,2,500,0,1000.0,600.0,400.0
16757,2026-07-04,South,Product B,Core,CUST1447,At Risk,Retail Store,3,750,15,1912.5,1350.0,562.5
16758,2026-07-04,North,Product A,Core,CUST1581,New,Retail Store,2,500,5,950.0,600.0,350.0
16759,2026-07-04,West,Product B,Core,CUST1483,Loyal,Partner,4,750,0,3000.0,1800.0,1200.0
16760,2026-07-04,South,Product B,Core,CUST1556,Loyal,Partner,4,750,0,3000.0,1800.0,1200.0
16761,2026-07-04,West,Product B,Core,CUST1466,At Risk,Online,4,750,0,3000.0,1800.0,1200.0
16762,2026-07-04,North,Product B,Core,CUST1463,Loyal,Online,1,750,15,637.5,450.0,187.5
16763,2026-07-04,North,Product C,Accessory,CUST1122,Champions,Retail Store,1,300,5,285.0,180.0,105.0
16764,2026-07-04,West,Product A,Core,CUST1401,Lost,Retail Store,4,500,0,2000.0,1200.0,800.0
16765,2026-07-04,North,Product C,Accessory,CUST1591,New,Online,4,300,10,1080.0,720.0,360.0
16766,2026-07-04,East,Product C,Accessory,CUST1435,Loyal,Online,1,300,20,240.0,180.0,60.0
16767,2026-07-04,East,Product A,Core,CUST1103,Lost,Online,3,500,0,1500.0,900.0,600.0
16768,2026-07-04,North,Product A,Core,CUST1245,Lost,Online,2,500,15,850.0,600.0,250.0
16769,2026-07-04,South,Product A,Core,CUST1049,Champions,Online,4,500,5,1900.0,1200.0,700.0
16770,2026-07-04,North,Product D,Accessory,CUST1525,Loyal,Partner,2,1200,15,2040.0,1440.0,600.0
16771,2026-07-04,East,Product C,Accessory,CUST1284,New,Online,4,300,10,1080.0,720.0,360.0
16772,2026-07-04,North,Product B,Core,CUST1058,Champions,Partner,2,750,5,1425.0,900.0,525.0
16773,2026-07-04,East,Product A,Core,CUST1532,Loyal,Retail Store,3,500,15,1275.0,900.0,375.0
16774,2026-07-04,West,Product A,Core,CUST1175,Champions,Retail Store,1,500,5,475.0,300.0,175.0
16775,2026-07-04,East,Product C,Accessory,CUST1287,Loyal,Retail Store,1,300,0,300.0,180.0,120.0
16776,2026-07-04,West,Product B,Core,CUST1407,At Risk,Online,4,750,0,3000.0,1800.0,1200.0
16777,2026-07-04,East,Product D,Accessory,CUST1258,Champions,Retail Store,4,1200,0,4800.0,2880.0,1920.0
16778,2026-07-04,West,Product A,Core,CUST1358,New,Online,3,500,10,1350.0,900.0,450.0
16779,2026-07-04,South,Product B,Core,CUST1355,New,Retail Store,1,750,15,637.5,450.0,187.5
16780,2026-07-04,East,Product D,Accessory,CUST1440,Lost,Retail Store,2,1200,5,2280.0,1440.0,840.0
16781,2026-07-04,West,Product A,Core,CUST1265,Loyal,Online,2,500,5,950.0,600.0,350.0
16782,2026-07-04,West,Product A,Core,CUST1111,Loyal,Online,3,500,0,1500.0,900.0,600.0
16783,2026-07-04,West,Product C,Accessory,CUST1199,Loyal,Online,4,300,10,1080.0,720.0,360.0
16784,2026-07-04,East,Product B,Core,CUST1082,At Risk,Online,1,750,10,675.0,450.0,225.0
16785,2026-07-04,East,Product B,Core,CUST1401,Lost,Retail Store,1,750,15,637.5,450.0,187.5
16786,2026-07-04,South,Product C,Accessory,CUST1202,New,Online,1,300,5,285.0,180.0,105.0
16787,2026-07-04,South,Product A,Core,CUST1466,At Risk,Online,3,500,15,1275.0,900.0,375.0
16788,2026-07-04,South,Product B,Core,CUST1501,Lost,Retail Store,3,750,10,2025.0,1350.0,675.0
16789,2026-07-04,West,Product B,Core,CUST1042,At Risk,Online,1,750,0,750.0,450.0,300.0
16790,2026-07-04,North,Product D,Accessory,CUST1234,Lost,Online,4,1200,5,4560.0,2880.0,1680.0
16791,2026-07-05,North,Product D,Accessory,CUST1234,Lost,Online,4,1200,5,4560.0,2880.0,1680.0
16792,2026-07-05,West,Product A,Core,CUST1067,Loyal,Retail Store,2,500,5,950.0,600.0,350.0
16793,2026-07-05,South,Product C,Accessory,CUST1101,At Risk,Online,3,300,5,855.0,540.0,315.0
16794,2026-07-05,East,Product B,Core,CUST1409,Lost,Online,2,750,10,1350.0,900.0,450.0
16795,2026-07-05,West,Product B,Core,CUST1430,Lost,Online,3,750,5,2137.5,1350.0,787.5
16796,2026-07-05,South,Product A,Core,CUST1483,Loyal,Partner,1,500,5,475.0,300.0,175.0
16797,2026-07-05,West,Product C,Accessory,CUST1059,Champions,Online,4,300,0,1200.0,720.0,480.0
16798,2026-07-05,East,Product B,Core,CUST1335,At Risk,Retail Store,1,750,0,750.0,450.0,300.0
16799,2026-07-05,West,Product B,Core,CUST1115,Lost,Online,2,750,15,1275.0,900.0,375.0
16800,2026-07-05,North,Product B,Core,CUST1069,New,Online,3,750,0,2250.0,1350.0,900.0
16801,2026-07-05,East,Product A,Core,CUST1052,At Risk,Online,3,500,5,1425.0,900.0,525.0
16802,2026-07-05,West,Product B,Core,CUST1350,At Risk,Online,3,750,10,2025.0,1350.0,675.0
16803,2026-07-05,North,Product A,Core,CUST1050,Loyal,Retail Store,3,500,5,1425.0,900.0,525.0
16804,2026-07-05,East,Product B,Core,CUST1429,At Risk,Online,3,750,10,2025.0,1350.0,675.0
16805,2026-07-05,West,Product B,Core,CUST1159,At Risk,Retail Store,2,750,5,1425.0,900.0,525.0
16806,2026-07-05,South,Product A,Core,CUST1396,At Risk,Online,3,500,0,1500.0,900.0,600.0
16807,2026-07-05,East,Product D,Accessory,CUST1166,At Risk,Online,1,1200,15,1020.0,720.0,300.0
16808,2026-07-05,West,Product A,Core,CUST1127,Champions,Online,1,500,0,500.0,300.0,200.0
16809,2026-07-05,South,Product B,Core,CUST1279,Lost,Retail Store,4,750,10,2700.0,1800.0,900.0
16810,2026-07-05,South,Product A,Core,CUST1551,Loyal,Retail Store,4,500,0,2000.0,1200.0,800.0
16811,2026-07-05,North,Product C,Accessory,CUST1109,Lost,Retail Store,1,300,5,285.0,180.0,105.0
16812,2026-07-05,South,Product B,Core,CUST1470,New,Online,4,750,0,3000.0,1800.0,1200.0
16813,2026-07-05,North,Product B,Core,CUST1570,Loyal,Online,1,750,0,750.0,450.0,300.0
16814,2026-07-05,West,Product D,Accessory,CUST1549,New,Retail Store,3,1200,5,3420.0,2160.0,1260.0
16815,2026-07-05,North,Product D,Accessory,CUST1473,Champions,Online,4,1200,0,4800.0,2880.0,1920.0
16816,2026-07-05,South,Product D,Accessory,CUST1017,Champions,Retail Store,1,1200,10,1080.0,720.0,360.0
16817,2026-07-05,South,Product B,Core,CUST1310,New,Online,2,750,0,1500.0,900.0,600.0
16818,2026-07-05,East,Product A,Core,CUST1010,Loyal,Retail Store,4,500,15,1700.0,1200.0,500.0
16819,2026-07-05,East,Product C,Accessory,CUST1361,Champions,Online,2,300,10,540.0,360.0,180.0
16820,2026-07-05,East,Product C,Accessory,CUST1213,At Risk,Online,1,300,0,300.0,180.0,120.0
16821,2026-07-05,North,Product C,Accessory,CUST1439,At Risk,Online,3,300,10,810.0,540.0,270.0
16822,2026-07-05,North,Product A,Core,CUST1247,New,Retail Store,4,500,0,2000.0,1200.0,800.0
16823,2026-07-05,South,Product B,Core,CUST1062,New,Retail Store,1,750,5,712.5,450.0,262.5
16824,2026-07-05,East,Product C,Accessory,CUST1383,New,Online,1,300,0,300.0,180.0,120.0
16825,2026-07-05,North,Product A,Core,CUST1394,Champions,Retail Store,1,500,10,450.0,300.0,150.0
16826,2026-07-05,South,Product C,Accessory,CUST1315,Loyal,Retail Store,3,300,0,900.0,540.0,360.0
16827,2026-07-05,West,Product A,Core,CUST1375,Champions,Online,2,500,0,1000.0,600.0,400.0
16828,2026-07-05,West,Product B,Core,CUST1361,Champions,Partner,4,750,10,2700.0,1800.0,900.0
16829,2026-07-05,West,Product A,Core,CUST1136,Lost,Online,2,500,5,950.0,600.0,350.0
16830,2026-07-05,East,Product A,Core,CUST1064,At Risk,Retail Store,4,500,0,2000.0,1200.0,800.0
16831,2026-07-05,East,Product D,Accessory,CUST1267,Loyal,Online,2,1200,10,2160.0,1440.0,720.0
16832,2026-07-05,South,Product A,Core,CUST1003,At Risk,Online,4,500,0,2000.0,1200.0,800.0
16833,2026-07-05,West,Product B,Core,CUST1232,Lost,Online,2,750,0,1500.0,900.0,600.0
16834,2026-07-05,West,Product A,Core,CUST1287,Loyal,Retail Store,1,500,15,425.0,300.0,125.0
16835,2026-07-05,East,Product A,Core,CUST1258,Champions,Partner,2,500,10,900.0,600.0,300.0
16836,2026-07-05,West,Product B,Core,CUST1071,New,Partner,4,750,0,3000.0,1800.0,1200.0
16837,2026-07-05,North,Product C,Accessory,CUST1533,At Risk,Online,1,300,10,270.0,180.0,90.0
16838,2026-07-05,South,Product D,Accessory,CUST1317,At Risk,Online,1,1200,5,1140.0,720.0,420.0
16839,2026-07-05,East,Product C,Accessory,CUST1172,Loyal,Retail Store,3,300,10,810.0,540.0,270.0
16840,2026-07-05,West,Product D,Accessory,CUST1175,Champions,Retail Store,3,1200,5,3420.0,2160.0,1260.0
16841,2026-07-05,East,Product A,Core,CUST1175,Champions,Partner,2,500,10,900.0,600.0,300.0
16842,2026-07-05,North,Product B,Core,CUST1223,Lost,Retail Store,2,750,10,1350.0,900.0,450.0
16843,2026-07-05,East,Product A,Core,CUST1205,Loyal,Retail Store,4,500,0,2000.0,1200.0,800.0
16844,2026-07-05,North,Product C,Accessory,CUST1581,New,Online,2,300,5,570.0,360.0,210.0
16845,2026-07-05,West,Product D,Accessory,CUST1058,Champions,Online,3,1200,0,3600.0,2160.0,1440.0
16846,2026-07-05,North,Product C,Accessory,CUST1314,Loyal,Partner,3,300,0,900.0,540.0,360.0
16847,2026-07-05,East,Product B,Core,CUST1557,New,Online,1,750,0,750.0,450.0,300.0
16848,2026-07-05,South,Product C,Accessory,CUST1198,Loyal,Online,4,300,5,1140.0,720.0,420.0
16849,2026-07-05,West,Product D,Accessory,CUST1556,Loyal,Online,4,1200,15,4080.0,2880.0,1200.0
16850,2026-07-05,East,Product A,Core,CUST1074,Champions,Partner,1,500,15,425.0,300.0,125.0
16851,2026-07-06,South,Product C,Accessory,CUST1426,Loyal,Online,2,300,5,570.0,360.0,210.0
16852,2026-07-06,South,Product D,Accessory,CUST1213,At Risk,Online,4,1200,0,4800.0,2880.0,1920.0
16853,2026-07-06,North,Product A,Core,CUST1226,Champions,Online,3,500,20,1200.0,900.0,300.0
16854,2026-07-06,East,Product A,Core,CUST1311,New,Online,3,500,5,1425.0,900.0,525.0
16855,2026-07-06,South,Product A,Core,CUST1003,At Risk,Partner,2,500,10,900.0,600.0,300.0
16856,2026-07-06,East,Product C,Accessory,CUST1307,At Risk,Retail Store,4,300,0,1200.0,720.0,480.0
16857,2026-07-06,North,Product C,Accessory,CUST1495,New,Retail Store,4,300,10,1080.0,720.0,360.0
16858,2026-07-06,North,Product D,Accessory,CUST1111,Loyal,Online,4,1200,0,4800.0,2880.0,1920.0
16859,2026-07-06,East,Product B,Core,CUST1185,At Risk,Retail Store,3,750,0,2250.0,1350.0,900.0
16860,2026-07-06,North,Product B,Core,CUST1012,At Risk,Online,2,750,10,1350.0,900.0,450.0
16861,2026-07-06,East,Product C,Accessory,CUST1540,Lost,Retail Store,1,300,5,285.0,180.0,105.0
16862,2026-07-06,East,Product A,Core,CUST1302,New,Partner,3,500,15,1275.0,900.0,375.0
16863,2026-07-06,West,Product A,Core,CUST1562,At Risk,Online,3,500,5,1425.0,900.0,525.0
16864,2026-07-06,East,Product C,Accessory,CUST1347,Loyal,Partner,4,300,0,1200.0,720.0,480.0
16865,2026-07-06,West,Product D,Accessory,CUST1313,Loyal,Online,3,1200,0,3600.0,2160.0,1440.0
16866,2026-07-06,South,Product A,Core,CUST1196,New,Online,2,500,5,950.0,600.0,350.0
16867,2026-07-06,East,Product A,Core,CUST1198,Loyal,Online,4,500,0,2000.0,1200.0,800.0
16868,2026-07-06,South,Product B,Core,CUST1519,At Risk,Retail Store,2,750,0,1500.0,900.0,600.0
16869,2026-07-06,South,Product A,Core,CUST1380,New,Retail Store,4,500,0,2000.0,1200.0,800.0
16870,2026-07-06,East,Product C,Accessory,CUST1557,New,Partner,2,300,5,570.0,360.0,210.0
16871,2026-07-06,North,Product C,Accessory,CUST1311,New,Online,4,300,5,1140.0,720.0,420.0
16872,2026-07-06,East,Product A,Core,CUST1089,New,Online,4,500,10,1800.0,1200.0,600.0
16873,2026-07-06,West,Product A,Core,CUST1008,Champions,Online,3,500,5,1425.0,900.0,525.0
16874,2026-07-06,South,Product C,Accessory,CUST1346,Lost,Online,3,300,0,900.0,540.0,360.0
16875,2026-07-06,North,Product B,Core,CUST1537,Loyal,Retail Store,4,750,0,3000.0,1800.0,1200.0
16876,2026-07-06,West,Product A,Core,CUST1313,Loyal,Retail Store,1,500,5,475.0,300.0,175.0
16877,2026-07-06,West,Product C,Accessory,CUST1011,Lost,Online,1,300,5,285.0,180.0,105.0
16878,2026-07-06,East,Product B,Core,CUST1183,Loyal,Online,1,750,0,750.0,450.0,300.0
16879,2026-07-06,South,Product A,Core,CUST1538,Loyal,Retail Store,4,500,0,2000.0,1200.0,800.0
16880,2026-07-06,East,Product B,Core,CUST1084,Champions,Online,3,750,15,1912.5,1350.0,562.5
16881,2026-07-06,North,Product B,Core,CUST1068,Champions,Online,1,750,0,750.0,450.0,300.0
16882,2026-07-06,South,Product B,Core,CUST1430,Lost,Retail Store,4,750,15,2550.0,1800.0,750.0
16883,2026-07-06,North,Product D,Accessory,CUST1114,Loyal,Online,4,1200,0,4800.0,2880.0,1920.0
16884,2026-07-06,North,Product A,Core,CUST1082,At Risk,Online,1,500,0,500.0,300.0,200.0
16885,2026-07-06,North,Product A,Core,CUST1520,Lost,Retail Store,4,500,10,1800.0,1200.0,600.0
16886,2026-07-06,West,Product C,Accessory,CUST1580,New,Online,4,300,0,1200.0,720.0,480.0
16887,2026-07-06,West,Product C,Accessory,CUST1297,At Risk,Retail Store,2,300,5,570.0,360.0,210.0
16888,2026-07-06,South,Product B,Core,CUST1503,New,Online,1,750,0,750.0,450.0,300.0
16889,2026-07-06,South,Product B,Core,CUST1529,Loyal,Online,2,750,0,1500.0,900.0,600.0
16890,2026-07-06,North,Product C,Accessory,CUST1466,At Risk,Online,3,300,0,900.0,540.0,360.0
16891,2026-07-06,North,Product B,Core,CUST1567,Champions,Retail Store,4,750,0,3000.0,1800.0,1200.0
16892,2026-07-06,West,Product C,Accessory,CUST1309,Champions,Online,3,300,5,855.0,540.0,315.0
16893,2026-07-06,North,Product A,Core,CUST1375,Champions,Online,2,500,0,1000.0,600.0,400.0
16894,2026-07-06,West,Product A,Core,CUST1137,New,Online,4,500,0,2000.0,1200.0,800.0
16895,2026-07-06,North,Product A,Core,CUST1079,At Risk,Online,2,500,0,1000.0,600.0,400.0
16896,2026-07-06,South,Product B,Core,CUST1233,New,Partner,3,750,0,2250.0,1350.0,900.0
16897,2026-07-06,West,Product D,Accessory,CUST1310,New,Retail Store,4,1200,5,4560.0,2880.0,1680.0
16898,2026-07-06,South,Product B,Core,CUST1034,New,Retail Store,3,750,5,2137.5,1350.0,787.5
16899,2026-07-06,East,Product A,Core,CUST1044,At Risk,Retail Store,3,500,0,1500.0,900.0,600.0
16900,2026-07-06,North,Product A,Core,CUST1219,Loyal,Online,1,500,0,500.0,300.0,200.0
16901,2026-07-06,East,Product A,Core,CUST1314,Loyal,Online,4,500,10,1800.0,1200.0,600.0
16902,2026-07-06,North,Product C,Accessory,CUST1404,Lost,Partner,3,300,15,765.0,540.0,225.0
16903,2026-07-07,East,Product A,Core,CUST1516,Loyal,Online,4,500,10,1800.0,1200.0,600.0
16904,2026-07-07,South,Product B,Core,CUST1112,Loyal,Retail Store,3,750,10,2025.0,1350.0,675.0
16905,2026-07-07,East,Product C,Accessory,CUST1285,New,Online,2,300,10,540.0,360.0,180.0
16906,2026-07-07,South,Product D,Accessory,CUST1543,Lost,Retail Store,4,1200,5,4560.0,2880.0,1680.0
16907,2026-07-07,East,Product A,Core,CUST1567,Champions,Retail Store,1,500,10,450.0,300.0,150.0
16908,2026-07-07,North,Product D,Accessory,CUST1399,New,Online,4,1200,15,4080.0,2880.0,1200.0
16909,2026-07-07,North,Product A,Core,CUST1110,New,Retail Store,3,500,10,1350.0,900.0,450.0
16910,2026-07-07,West,Product C,Accessory,CUST1080,At Risk,Online,3,300,5,855.0,540.0,315.0
16911,2026-07-07,South,Product A,Core,CUST1257,Champions,Online,2,500,0,1000.0,600.0,400.0
16912,2026-07-07,South,Product A,Core,CUST1244,At Risk,Retail Store,1,500,10,450.0,300.0,150.0
16913,2026-07-07,East,Product A,Core,CUST1173,Lost,Retail Store,3,500,0,1500.0,900.0,600.0
16914,2026-07-07,North,Product B,Core,CUST1483,Loyal,Online,2,750,5,1425.0,900.0,525.0
16915,2026-07-07,South,Product D,Accessory,CUST1181,Lost,Retail Store,1,1200,0,1200.0,720.0,480.0
16916,2026-07-07,East,Product C,Accessory,CUST1177,Lost,Retail Store,3,300,10,810.0,540.0,270.0
16917,2026-07-07,East,Product A,Core,CUST1585,At Risk,Retail Store,2,500,5,950.0,600.0,350.0
16918,2026-07-07,North,Product D,Accessory,CUST1403,Champions,Online,4,1200,0,4800.0,2880.0,1920.0
16919,2026-07-07,South,Product D,Accessory,CUST1255,At Risk,Online,2,1200,15,2040.0,1440.0,600.0
16920,2026-07-07,South,Product D,Accessory,CUST1091,At Risk,Online,2,1200,20,1920.0,1440.0,480.0
16921,2026-07-07,North,Product C,Accessory,CUST1006,At Risk,Retail Store,1,300,10,270.0,180.0,90.0
16922,2026-07-07,West,Product A,Core,CUST1411,At Risk,Retail Store,2,500,20,800.0,600.0,200.0
16923,2026-07-07,South,Product D,Accessory,CUST1580,New,Retail Store,4,1200,0,4800.0,2880.0,1920.0
16924,2026-07-07,South,Product C,Accessory,CUST1348,New,Online,3,300,5,855.0,540.0,315.0
16925,2026-07-07,West,Product B,Core,CUST1189,Loyal,Online,3,750,0,2250.0,1350.0,900.0
16926,2026-07-07,South,Product B,Core,CUST1563,At Risk,Online,4,750,10,2700.0,1800.0,900.0
16927,2026-07-07,North,Product D,Accessory,CUST1460,New,Partner,3,1200,20,2880.0,2160.0,720.0
16928,2026-07-07,East,Product A,Core,CUST1092,New,Online,4,500,5,1900.0,1200.0,700.0
16929,2026-07-07,South,Product C,Accessory,CUST1004,Champions,Retail Store,4,300,0,1200.0,720.0,480.0
16930,2026-07-07,West,Product C,Accessory,CUST1153,New,Online,2,300,0,600.0,360.0,240.0
16931,2026-07-07,North,Product B,Core,CUST1164,New,Online,1,750,15,637.5,450.0,187.5
16932,2026-07-07,North,Product B,Core,CUST1562,At Risk,Online,4,750,5,2850.0,1800.0,1050.0
16933,2026-07-07,West,Product D,Accessory,CUST1287,Loyal,Retail Store,2,1200,10,2160.0,1440.0,720.0
16934,2026-07-07,West,Product B,Core,CUST1213,At Risk,Online,4,750,10,2700.0,1800.0,900.0
16935,2026-07-07,West,Product A,Core,CUST1103,Lost,Partner,1,500,5,475.0,300.0,175.0
16936,2026-07-07,North,Product B,Core,CUST1255,At Risk,Partner,4,750,5,2850.0,1800.0,1050.0
16937,2026-07-07,South,Product C,Accessory,CUST1487,Loyal,Online,2,300,0,600.0,360.0,240.0
16938,2026-07-07,North,Product B,Core,CUST1111,Loyal,Online,4,750,15,2550.0,1800.0,750.0
16939,2026-07-07,East,Product D,Accessory,CUST1144,New,Online,2,1200,0,2400.0,1440.0,960.0
16940,2026-07-07,North,Product B,Core,CUST1120,New,Online,4,750,5,2850.0,1800.0,1050.0
16941,2026-07-07,East,Product B,Core,CUST1452,At Risk,Retail Store,4,750,0,3000.0,1800.0,1200.0
16942,2026-07-07,West,Product D,Accessory,CUST1350,At Risk,Online,1,1200,15,1020.0,720.0,300.0
16943,2026-07-07,South,Product B,Core,CUST1159,At Risk,Retail Store,3,750,0,2250.0,1350.0,900.0
16944,2026-07-07,South,Product A,Core,CUST1279,Lost,Retail Store,1,500,15,425.0,300.0,125.0
16945,2026-07-07,West,Product D,Accessory,CUST1259,New,Online,4,1200,0,4800.0,2880.0,1920.0
16946,2026-07-07,North,Product C,Accessory,CUST1416,Champions,Online,4,300,5,1140.0,720.0,420.0
16947,2026-07-07,North,Product C,Accessory,CUST1067,Loyal,Online,2,300,0,600.0,360.0,240.0
16948,2026-07-07,South,Product C,Accessory,CUST1334,Champions,Retail Store,2,300,5,570.0,360.0,210.0
16949,2026-07-07,North,Product A,Core,CUST1049,Champions,Online,4,500,0,2000.0,1200.0,800.0
16950,2026-07-07,West,Product D,Accessory,CUST1457,New,Retail Store,1,1200,10,1080.0,720.0,360.0
16951,2026-07-07,East,Product D,Accessory,CUST1186,Loyal,Partner,1,1200,5,1140.0,720.0,420.0
16952,2026-07-07,South,Product B,Core,CUST1591,New,Online,2,750,10,1350.0,900.0,450.0
16953,2026-07-07,South,Product B,Core,CUST1354,New,Partner,4,750,0,3000.0,1800.0,1200.0
16954,2026-07-08,South,Product D,Accessory,CUST1327,New,Online,1,1200,5,1140.0,720.0,420.0
16955,2026-07-08,South,Product B,Core,CUST1509,Champions,Retail Store,4,750,0,3000.0,1800.0,1200.0
16956,2026-07-08,East,Product D,Accessory,CUST1322,Loyal,Online,1,1200,0,1200.0,720.0,480.0
16957,2026-07-08,North,Product A,Core,CUST1427,At Risk,Retail Store,3,500,5,1425.0,900.0,525.0
16958,2026-07-08,North,Product A,Core,CUST1287,Loyal,Online,4,500,0,2000.0,1200.0,800.0
16959,2026-07-08,North,Product D,Accessory,CUST1135,Champions,Online,1,1200,5,1140.0,720.0,420.0
16960,2026-07-08,West,Product D,Accessory,CUST1407,At Risk,Online,1,1200,5,1140.0,720.0,420.0
16961,2026-07-08,North,Product B,Core,CUST1408,Champions,Retail Store,2,750,0,1500.0,900.0,600.0
16962,2026-07-08,West,Product A,Core,CUST1082,At Risk,Online,1,500,0,500.0,300.0,200.0
16963,2026-07-08,North,Product A,Core,CUST1423,Champions,Retail Store,1,500,10,450.0,300.0,150.0
16964,2026-07-08,East,Product B,Core,CUST1089,New,Online,4,750,5,2850.0,1800.0,1050.0
16965,2026-07-08,North,Product A,Core,CUST1548,At Risk,Retail Store,4,500,5,1900.0,1200.0,700.0
16966,2026-07-08,East,Product A,Core,CUST1598,Lost,Retail Store,2,500,0,1000.0,600.0,400.0
16967,2026-07-08,North,Product B,Core,CUST1593,New,Online,3,750,5,2137.5,1350.0,787.5
16968,2026-07-08,North,Product B,Core,CUST1382,At Risk,Retail Store,3,750,0,2250.0,1350.0,900.0
16969,2026-07-08,West,Product A,Core,CUST1000,At Risk,Retail Store,3,500,0,1500.0,900.0,600.0
16970,2026-07-08,West,Product D,Accessory,CUST1588,Loyal,Retail Store,3,1200,15,3060.0,2160.0,900.0
16971,2026-07-08,North,Product C,Accessory,CUST1440,Lost,Retail Store,2,300,10,540.0,360.0,180.0
16972,2026-07-08,North,Product A,Core,CUST1528,At Risk,Online,4,500,10,1800.0,1200.0,600.0
16973,2026-07-08,North,Product A,Core,CUST1480,New,Partner,2,500,0,1000.0,600.0,400.0
16974,2026-07-08,West,Product C,Accessory,CUST1212,Loyal,Online,3,300,10,810.0,540.0,270.0
16975,2026-07-08,West,Product D,Accessory,CUST1148,New,Retail Store,3,1200,10,3240.0,2160.0,1080.0
16976,2026-07-08,West,Product C,Accessory,CUST1282,Loyal,Retail Store,1,300,0,300.0,180.0,120.0
16977,2026-07-08,North,Product A,Core,CUST1013,At Risk,Online,1,500,10,450.0,300.0,150.0
16978,2026-07-08,West,Product A,Core,CUST1562,At Risk,Online,1,500,10,450.0,300.0,150.0
16979,2026-07-08,North,Product A,Core,CUST1532,Loyal,Online,1,500,10,450.0,300.0,150.0
16980,2026-07-08,South,Product B,Core,CUST1124,Champions,Partner,3,750,10,2025.0,1350.0,675.0
16981,2026-07-08,West,Product B,Core,CUST1560,Champions,Retail Store,1,750,5,712.5,450.0,262.5
16982,2026-07-08,East,Product B,Core,CUST1097,Champions,Online,2,750,0,1500.0,900.0,600.0
16983,2026-07-08,South,Product A,Core,CUST1401,Lost,Online,4,500,15,1700.0,1200.0,500.0
16984,2026-07-08,West,Product B,Core,CUST1187,Champions,Retail Store,2,750,5,1425.0,900.0,525.0
16985,2026-07-08,North,Product C,Accessory,CUST1341,Lost,Retail Store,4,300,5,1140.0,720.0,420.0
16986,2026-07-08,East,Product B,Core,CUST1328,At Risk,Online,4,750,0,3000.0,1800.0,1200.0
16987,2026-07-08,East,Product D,Accessory,CUST1514,Loyal,Online,2,1200,20,1920.0,1440.0,480.0
16988,2026-07-08,North,Product D,Accessory,CUST1570,Loyal,Retail Store,4,1200,10,4320.0,2880.0,1440.0
16989,2026-07-08,North,Product A,Core,CUST1114,Loyal,Online,1,500,10,450.0,300.0,150.0
16990,2026-07-08,South,Product B,Core,CUST1456,Lost,Online,3,750,5,2137.5,1350.0,787.5
16991,2026-07-08,West,Product A,Core,CUST1466,At Risk,Retail Store,4,500,5,1900.0,1200.0,700.0
16992,2026-07-08,North,Product B,Core,CUST1104,At Risk,Online,2,750,0,1500.0,900.0,600.0
16993,2026-07-08,South,Product A,Core,CUST1452,At Risk,Online,4,500,5,1900.0,1200.0,700.0
16994,2026-07-08,East,Product A,Core,CUST1321,New,Retail Store,2,500,15,850.0,600.0,250.0
16995,2026-07-08,East,Product A,Core,CUST1432,At Risk,Online,2,500,0,1000.0,600.0,400.0
16996,2026-07-08,West,Product A,Core,CUST1298,At Risk,Online,2,500,0,1000.0,600.0,400.0
16997,2026-07-08,South,Product A,Core,CUST1181,Lost,Online,4,500,5,1900.0,1200.0,700.0
16998,2026-07-08,East,Product A,Core,CUST1102,Loyal,Online,2,500,10,900.0,600.0,300.0
16999,2026-07-08,South,Product B,Core,CUST1082,At Risk,Online,3,750,0,2250.0,1350.0,900.0
17000,2026-07-08,South,Product D,Accessory,CUST1422,Champions,Online,3,1200,10,3240.0,2160.0,1080.0
17001,2026-07-08,South,Product B,Core,CUST1564,At Risk,Online,1,750,10,675.0,450.0,225.0
17002,2026-07-08,South,Product D,Accessory,CUST1498,Loyal,Online,1,1200,5,1140.0,720.0,420.0
17003,2026-07-08,North,Product B,Core,CUST1403,Champions,Online,1,750,0,750.0,450.0,300.0
17004,2026-07-08,North,Product A,Core,CUST1300,At Risk,Partner,1,500,0,500.0,300.0,200.0
17005,2026-07-08,South,Product A,Core,CUST1159,At Risk,Partner,1,500,0,500.0,300.0,200.0
17006,2026-07-08,West,Product C,Accessory,CUST1002,Lost,Online,3,300,0,900.0,540.0,360.0
17007,2026-07-08,West,Product C,Accessory,CUST1046,Loyal,Online,3,300,0,900.0,540.0,360.0
17008,2026-07-08,North,Product A,Core,CUST1309,Champions,Retail Store,3,500,5,1425.0,900.0,525.0
17009,2026-07-08,East,Product B,Core,CUST1592,Loyal,Retail Store,2,750,15,1275.0,900.0,375.0
17010,2026-07-08,North,Product B,Core,CUST1252,New,Online,3,750,10,2025.0,1350.0,675.0
17011,2026-07-08,South,Product B,Core,CUST1492,At Risk,Retail Store,4,750,0,3000.0,1800.0,1200.0
17012,2026-07-08,North,Product A,Core,CUST1020,At Risk,Retail Store,4,500,5,1900.0,1200.0,700.0
17013,2026-07-08,North,Product B,Core,CUST1163,Champions,Online,3,750,0,2250.0,1350.0,900.0
17014,2026-07-08,East,Product B,Core,CUST1552,Loyal,Online,1,750,10,675.0,450.0,225.0
17015,2026-07-08,South,Product A,Core,CUST1201,Lost,Retail Store,1,500,0,500.0,300.0,200.0
17016,2026-07-08,East,Product A,Core,CUST1505,At Risk,Online,4,500,0,2000.0,1200.0,800.0
17017,2026-07-08,South,Product C,Accessory,CUST1594,Champions,Partner,4,300,5,1140.0,720.0,420.0
17018,2026-07-08,East,Product B,Core,CUST1408,Champions,Online,3,750,20,1800.0,1350.0,450.0
17019,2026-07-09,North,Product B,Core,CUST1483,Loyal,Online,2,750,0,1500.0,900.0,600.0
17020,2026-07-09,East,Product C,Accessory,CUST1341,Lost,Online,3,300,15,765.0,540.0,225.0
17021,2026-07-09,South,Product A,Core,CUST1391,Champions,Retail Store,1,500,0,500.0,300.0,200.0
17022,2026-07-09,South,Product C,Accessory,CUST1594,Champions,Retail Store,3,300,0,900.0,540.0,360.0
17023,2026-07-09,East,Product A,Core,CUST1165,Loyal,Online,2,500,5,950.0,600.0,350.0
17024,2026-07-09,North,Product B,Core,CUST1443,Loyal,Online,1,750,10,675.0,450.0,225.0
17025,2026-07-09,South,Product C,Accessory,CUST1014,New,Online,2,300,0,600.0,360.0,240.0
17026,2026-07-09,South,Product C,Accessory,CUST1297,At Risk,Partner,1,300,10,270.0,180.0,90.0
17027,2026-07-09,South,Product D,Accessory,CUST1339,Lost,Retail Store,1,1200,0,1200.0,720.0,480.0
17028,2026-07-09,South,Product A,Core,CUST1491,At Risk,Online,4,500,5,1900.0,1200.0,700.0
17029,2026-07-09,West,Product A,Core,CUST1099,Lost,Online,4,500,10,1800.0,1200.0,600.0
17030,2026-07-09,South,Product C,Accessory,CUST1485,New,Online,4,300,10,1080.0,720.0,360.0
17031,2026-07-09,West,Product C,Accessory,CUST1303,New,Retail Store,4,300,0,1200.0,720.0,480.0
17032,2026-07-09,West,Product C,Accessory,CUST1310,New,Online,1,300,0,300.0,180.0,120.0
17033,2026-07-09,East,Product C,Accessory,CUST1126,Loyal,Online,4,300,0,1200.0,720.0,480.0
17034,2026-07-09,North,Product C,Accessory,CUST1511,At Risk,Retail Store,4,300,10,1080.0,720.0,360.0
17035,2026-07-09,East,Product D,Accessory,CUST1429,At Risk,Online,4,1200,10,4320.0,2880.0,1440.0
17036,2026-07-09,South,Product C,Accessory,CUST1462,Lost,Retail Store,4,300,0,1200.0,720.0,480.0
17037,2026-07-09,West,Product A,Core,CUST1585,At Risk,Partner,4,500,0,2000.0,1200.0,800.0
17038,2026-07-09,East,Product C,Accessory,CUST1061,New,Online,4,300,15,1020.0,720.0,300.0
17039,2026-07-09,West,Product C,Accessory,CUST1112,Loyal,Retail Store,2,300,0,600.0,360.0,240.0
17040,2026-07-09,East,Product A,Core,CUST1253,Loyal,Online,2,500,10,900.0,600.0,300.0
17041,2026-07-09,East,Product C,Accessory,CUST1018,At Risk,Online,1,300,5,285.0,180.0,105.0
17042,2026-07-09,East,Product A,Core,CUST1399,New,Online,3,500,15,1275.0,900.0,375.0
17043,2026-07-09,South,Product A,Core,CUST1178,Lost,Online,1,500,0,500.0,300.0,200.0
17044,2026-07-09,East,Product C,Accessory,CUST1396,At Risk,Retail Store,1,300,0,300.0,180.0,120.0
17045,2026-07-09,East,Product A,Core,CUST1078,New,Retail Store,2,500,0,1000.0,600.0,400.0
17046,2026-07-09,North,Product C,Accessory,CUST1540,Lost,Retail Store,3,300,0,900.0,540.0,360.0
17047,2026-07-09,East,Product C,Accessory,CUST1228,At Risk,Online,1,300,10,270.0,180.0,90.0
17048,2026-07-09,East,Product B,Core,CUST1061,New,Online,3,750,10,2025.0,1350.0,675.0
17049,2026-07-09,North,Product A,Core,CUST1284,New,Online,3,500,20,1200.0,900.0,300.0
17050,2026-07-09,East,Product C,Accessory,CUST1405,Lost,Retail Store,4,300,10,1080.0,720.0,360.0
17051,2026-07-09,North,Product C,Accessory,CUST1522,Loyal,Online,2,300,0,600.0,360.0,240.0
17052,2026-07-09,North,Product B,Core,CUST1167,At Risk,Retail Store,1,750,0,750.0,450.0,300.0
17053,2026-07-09,East,Product A,Core,CUST1510,Champions,Online,3,500,5,1425.0,900.0,525.0
17054,2026-07-09,North,Product D,Accessory,CUST1506,Loyal,Online,1,1200,5,1140.0,720.0,420.0
17055,2026-07-09,West,Product A,Core,CUST1337,At Risk,Online,1,500,5,475.0,300.0,175.0
17056,2026-07-09,East,Product C,Accessory,CUST1435,Loyal,Online,4,300,15,1020.0,720.0,300.0
17057,2026-07-09,West,Product B,Core,CUST1427,At Risk,Retail Store,2,750,0,1500.0,900.0,600.0
17058,2026-07-09,North,Product B,Core,CUST1426,Loyal,Online,3,750,0,2250.0,1350.0,900.0
17059,2026-07-09,South,Product C,Accessory,CUST1363,Champions,Retail Store,1,300,5,285.0,180.0,105.0
17060,2026-07-09,North,Product A,Core,CUST1581,New,Online,2,500,5,950.0,600.0,350.0
17061,2026-07-09,South,Product D,Accessory,CUST1075,Loyal,Online,3,1200,5,3420.0,2160.0,1260.0
17062,2026-07-10,South,Product C,Accessory,CUST1212,Loyal,Online,3,300,0,900.0,540.0,360.0
17063,2026-07-10,North,Product C,Accessory,CUST1282,Loyal,Online,4,300,0,1200.0,720.0,480.0
17064,2026-07-10,South,Product D,Accessory,CUST1247,New,Online,1,1200,10,1080.0,720.0,360.0
17065,2026-07-10,South,Product A,Core,CUST1081,New,Retail Store,2,500,20,800.0,600.0,200.0
17066,2026-07-10,West,Product B,Core,CUST1310,New,Retail Store,4,750,0,3000.0,1800.0,1200.0
17067,2026-07-10,North,Product B,Core,CUST1156,Loyal,Retail Store,4,750,0,3000.0,1800.0,1200.0
17068,2026-07-10,West,Product A,Core,CUST1032,Loyal,Online,3,500,15,1275.0,900.0,375.0
17069,2026-07-10,North,Product D,Accessory,CUST1554,Champions,Online,1,1200,0,1200.0,720.0,480.0
17070,2026-07-10,North,Product B,Core,CUST1550,New,Online,2,750,0,1500.0,900.0,600.0
17071,2026-07-10,West,Product C,Accessory,CUST1103,Lost,Online,2,300,5,570.0,360.0,210.0
17072,2026-07-10,East,Product B,Core,CUST1045,At Risk,Online,3,750,0,2250.0,1350.0,900.0
17073,2026-07-10,West,Product B,Core,CUST1238,Champions,Online,3,750,0,2250.0,1350.0,900.0
17074,2026-07-10,North,Product C,Accessory,CUST1143,New,Online,3,300,0,900.0,540.0,360.0
17075,2026-07-10,East,Product A,Core,CUST1517,At Risk,Online,4,500,5,1900.0,1200.0,700.0
17076,2026-07-10,East,Product C,Accessory,CUST1331,Loyal,Online,2,300,0,600.0,360.0,240.0
17077,2026-07-10,South,Product C,Accessory,CUST1579,Loyal,Online,3,300,0,900.0,540.0,360.0
17078,2026-07-10,East,Product B,Core,CUST1565,At Risk,Retail Store,4,750,10,2700.0,1800.0,900.0
17079,2026-07-10,South,Product B,Core,CUST1297,At Risk,Retail Store,2,750,0,1500.0,900.0,600.0
17080,2026-07-10,North,Product C,Accessory,CUST1308,Loyal,Online,3,300,0,900.0,540.0,360.0
17081,2026-07-10,East,Product B,Core,CUST1124,Champions,Retail Store,3,750,5,2137.5,1350.0,787.5
17082,2026-07-10,West,Product B,Core,CUST1111,Loyal,Retail Store,3,750,0,2250.0,1350.0,900.0
17083,2026-07-10,East,Product B,Core,CUST1339,Lost,Online,4,750,0,3000.0,1800.0,1200.0
17084,2026-07-10,West,Product C,Accessory,CUST1220,Loyal,Online,3,300,10,810.0,540.0,270.0
17085,2026-07-10,East,Product A,Core,CUST1283,Loyal,Online,4,500,0,2000.0,1200.0,800.0
17086,2026-07-10,East,Product A,Core,CUST1359,New,Online,3,500,5,1425.0,900.0,525.0
17087,2026-07-10,North,Product C,Accessory,CUST1032,Loyal,Retail Store,3,300,5,855.0,540.0,315.0
17088,2026-07-10,South,Product A,Core,CUST1051,Champions,Online,1,500,10,450.0,300.0,150.0
17089,2026-07-10,South,Product C,Accessory,CUST1011,Lost,Online,3,300,0,900.0,540.0,360.0
17090,2026-07-10,South,Product B,Core,CUST1067,Loyal,Retail Store,1,750,0,750.0,450.0,300.0
17091,2026-07-10,North,Product B,Core,CUST1508,New,Partner,4,750,20,2400.0,1800.0,600.0
17092,2026-07-10,South,Product A,Core,CUST1069,New,Retail Store,3,500,10,1350.0,900.0,450.0
17093,2026-07-10,East,Product C,Accessory,CUST1153,New,Online,2,300,10,540.0,360.0,180.0
17094,2026-07-10,South,Product A,Core,CUST1118,New,Retail Store,2,500,15,850.0,600.0,250.0
17095,2026-07-10,East,Product C,Accessory,CUST1273,New,Online,4,300,5,1140.0,720.0,420.0
17096,2026-07-10,East,Product D,Accessory,CUST1332,At Risk,Partner,1,1200,10,1080.0,720.0,360.0
17097,2026-07-10,North,Product B,Core,CUST1365,New,Retail Store,1,750,5,712.5,450.0,262.5
17098,2026-07-10,East,Product B,Core,CUST1484,Champions,Retail Store,4,750,0,3000.0,1800.0,1200.0
17099,2026-07-10,West,Product C,Accessory,CUST1190,Lost,Online,4,300,10,1080.0,720.0,360.0
17100,2026-07-10,North,Product B,Core,CUST1032,Loyal,Online,3,750,0,2250.0,1350.0,900.0
17101,2026-07-10,East,Product A,Core,CUST1296,Lost,Retail Store,2,500,20,800.0,600.0,200.0
17102,2026-07-10,South,Product B,Core,CUST1125,New,Partner,4,750,5,2850.0,1800.0,1050.0
17103,2026-07-10,North,Product B,Core,CUST1481,Loyal,Partner,4,750,15,2550.0,1800.0,750.0
17104,2026-07-10,West,Product C,Accessory,CUST1100,Lost,Retail Store,1,300,5,285.0,180.0,105.0
17105,2026-07-10,South,Product A,Core,CUST1218,Lost,Online,2,500,0,1000.0,600.0,400.0
17106,2026-07-10,South,Product A,Core,CUST1051,Champions,Partner,2,500,10,900.0,600.0,300.0
17107,2026-07-10,North,Product C,Accessory,CUST1458,At Risk,Online,1,300,15,255.0,180.0,75.0
17108,2026-07-10,North,Product D,Accessory,CUST1539,At Risk,Online,3,1200,5,3420.0,2160.0,1260.0
17109,2026-07-10,East,Product C,Accessory,CUST1040,New,Online,2,300,15,510.0,360.0,150.0
17110,2026-07-10,North,Product D,Accessory,CUST1363,Champions,Online,2,1200,5,2280.0,1440.0,840.0
17111,2026-07-10,West,Product A,Core,CUST1181,Lost,Online,3,500,0,1500.0,900.0,600.0
17112,2026-07-10,North,Product B,Core,CUST1276,Loyal,Online,3,750,10,2025.0,1350.0,675.0
17113,2026-07-10,North,Product C,Accessory,CUST1152,Champions,Online,2,300,10,540.0,360.0,180.0
17114,2026-07-10,South,Product C,Accessory,CUST1336,Champions,Online,2,300,10,540.0,360.0,180.0
17115,2026-07-10,West,Product A,Core,CUST1392,New,Retail Store,3,500,5,1425.0,900.0,525.0
17116,2026-07-10,South,Product A,Core,CUST1561,Loyal,Online,1,500,5,475.0,300.0,175.0
17117,2026-07-10,South,Product B,Core,CUST1063,At Risk,Online,3,750,5,2137.5,1350.0,787.5
17118,2026-07-10,East,Product B,Core,CUST1155,At Risk,Online,2,750,10,1350.0,900.0,450.0
17119,2026-07-10,East,Product A,Core,CUST1151,Lost,Online,4,500,0,2000.0,1200.0,800.0
17120,2026-07-10,North,Product C,Accessory,CUST1568,Loyal,Retail Store,3,300,15,765.0,540.0,225.0
17121,2026-07-10,East,Product B,Core,CUST1079,At Risk,Retail Store,1,750,0,750.0,450.0,300.0
17122,2026-07-10,North,Product A,Core,CUST1448,Champions,Retail Store,1,500,15,425.0,300.0,125.0
17123,2026-07-10,South,Product C,Accessory,CUST1328,At Risk,Retail Store,3,300,0,900.0,540.0,360.0
17124,2026-07-10,South,Product A,Core,CUST1206,Champions,Online,3,500,5,1425.0,900.0,525.0
17125,2026-07-10,West,Product C,Accessory,CUST1229,Champions,Online,2,300,5,570.0,360.0,210.0
17126,2026-07-10,West,Product C,Accessory,CUST1197,Lost,Partner,2,300,0,600.0,360.0,240.0
17127,2026-07-11,South,Product B,Core,CUST1062,New,Online,1,750,15,637.5,450.0,187.5
17128,2026-07-11,East,Product C,Accessory,CUST1463,Loyal,Retail Store,4,300,0,1200.0,720.0,480.0
17129,2026-07-11,West,Product B,Core,CUST1550,New,Retail Store,2,750,0,1500.0,900.0,600.0
17130,2026-07-11,West,Product B,Core,CUST1426,Loyal,Partner,2,750,15,1275.0,900.0,375.0
17131,2026-07-11,North,Product C,Accessory,CUST1080,At Risk,Retail Store,3,300,5,855.0,540.0,315.0
17132,2026-07-11,North,Product D,Accessory,CUST1502,Lost,Retail Store,3,1200,5,3420.0,2160.0,1260.0
17133,2026-07-11,South,Product C,Accessory,CUST1377,New,Online,3,300,5,855.0,540.0,315.0
17134,2026-07-11,North,Product B,Core,CUST1183,Loyal,Online,2,750,5,1425.0,900.0,525.0
17135,2026-07-11,North,Product B,Core,CUST1178,Lost,Online,3,750,10,2025.0,1350.0,675.0
17136,2026-07-11,North,Product D,Accessory,CUST1198,Loyal,Retail Store,3,1200,0,3600.0,2160.0,1440.0
17137,2026-07-11,East,Product A,Core,CUST1105,At Risk,Retail Store,1,500,0,500.0,300.0,200.0
17138,2026-07-11,West,Product C,Accessory,CUST1517,At Risk,Retail Store,3,300,10,810.0,540.0,270.0
17139,2026-07-11,North,Product C,Accessory,CUST1567,Champions,Online,1,300,0,300.0,180.0,120.0
17140,2026-07-11,North,Product C,Accessory,CUST1525,Loyal,Partner,3,300,10,810.0,540.0,270.0
17141,2026-07-11,West,Product C,Accessory,CUST1218,Lost,Online,1,300,5,285.0,180.0,105.0
17142,2026-07-11,South,Product D,Accessory,CUST1196,New,Retail Store,3,1200,0,3600.0,2160.0,1440.0
17143,2026-07-11,West,Product A,Core,CUST1560,Champions,Partner,2,500,5,950.0,600.0,350.0
17144,2026-07-11,East,Product B,Core,CUST1421,Champions,Retail Store,4,750,5,2850.0,1800.0,1050.0
17145,2026-07-11,East,Product B,Core,CUST1419,Lost,Retail Store,3,750,10,2025.0,1350.0,675.0
17146,2026-07-11,South,Product A,Core,CUST1266,Loyal,Retail Store,3,500,10,1350.0,900.0,450.0
17147,2026-07-11,West,Product B,Core,CUST1567,Champions,Retail Store,4,750,10,2700.0,1800.0,900.0
17148,2026-07-11,North,Product D,Accessory,CUST1542,At Risk,Online,2,1200,0,2400.0,1440.0,960.0
17149,2026-07-11,North,Product A,Core,CUST1594,Champions,Online,4,500,5,1900.0,1200.0,700.0
17150,2026-07-11,West,Product D,Accessory,CUST1396,At Risk,Online,4,1200,5,4560.0,2880.0,1680.0
17151,2026-07-11,West,Product A,Core,CUST1118,New,Partner,1,500,0,500.0,300.0,200.0
17152,2026-07-11,South,Product A,Core,CUST1405,Lost,Partner,1,500,0,500.0,300.0,200.0
17153,2026-07-11,South,Product A,Core,CUST1451,Lost,Retail Store,2,500,10,900.0,600.0,300.0
17154,2026-07-11,East,Product B,Core,CUST1219,Loyal,Online,1,750,10,675.0,450.0,225.0
17155,2026-07-11,North,Product C,Accessory,CUST1339,Lost,Retail Store,4,300,20,960.0,720.0,240.0
17156,2026-07-11,North,Product B,Core,CUST1152,Champions,Retail Store,4,750,0,3000.0,1800.0,1200.0
17157,2026-07-11,West,Product B,Core,CUST1108,Champions,Online,3,750,0,2250.0,1350.0,900.0
17158,2026-07-11,West,Product A,Core,CUST1178,Lost,Online,4,500,15,1700.0,1200.0,500.0
17159,2026-07-11,East,Product A,Core,CUST1052,At Risk,Retail Store,2,500,10,900.0,600.0,300.0
17160,2026-07-11,South,Product A,Core,CUST1041,At Risk,Retail Store,4,500,10,1800.0,1200.0,600.0
17161,2026-07-11,South,Product B,Core,CUST1540,Lost,Online,2,750,0,1500.0,900.0,600.0
17162,2026-07-11,South,Product B,Core,CUST1289,Champions,Retail Store,2,750,10,1350.0,900.0,450.0
17163,2026-07-11,North,Product D,Accessory,CUST1152,Champions,Partner,4,1200,5,4560.0,2880.0,1680.0
17164,2026-07-11,West,Product C,Accessory,CUST1564,At Risk,Retail Store,1,300,10,270.0,180.0,90.0
17165,2026-07-11,East,Product B,Core,CUST1525,Loyal,Retail Store,3,750,10,2025.0,1350.0,675.0
17166,2026-07-11,North,Product A,Core,CUST1561,Loyal,Online,4,500,10,1800.0,1200.0,600.0
17167,2026-07-11,East,Product C,Accessory,CUST1046,Loyal,Retail Store,2,300,0,600.0,360.0,240.0
17168,2026-07-11,North,Product A,Core,CUST1559,New,Retail Store,3,500,15,1275.0,900.0,375.0
17169,2026-07-11,West,Product A,Core,CUST1099,Lost,Retail Store,4,500,5,1900.0,1200.0,700.0
17170,2026-07-11,South,Product C,Accessory,CUST1554,Champions,Retail Store,1,300,0,300.0,180.0,120.0
17171,2026-07-11,North,Product B,Core,CUST1172,Loyal,Retail Store,2,750,15,1275.0,900.0,375.0
17172,2026-07-11,South,Product C,Accessory,CUST1182,New,Online,2,300,15,510.0,360.0,150.0
17173,2026-07-11,West,Product B,Core,CUST1338,Champions,Retail Store,2,750,15,1275.0,900.0,375.0
17174,2026-07-11,North,Product A,Core,CUST1595,Loyal,Online,1,500,5,475.0,300.0,175.0
17175,2026-07-11,North,Product A,Core,CUST1471,New,Retail Store,2,500,0,1000.0,600.0,400.0
17176,2026-07-11,East,Product B,Core,CUST1563,At Risk,Retail Store,4,750,0,3000.0,1800.0,1200.0
17177,2026-07-11,West,Product A,Core,CUST1247,New,Online,2,500,5,950.0,600.0,350.0
17178,2026-07-11,East,Product C,Accessory,CUST1182,New,Retail Store,1,300,15,255.0,180.0,75.0
17179,2026-07-11,North,Product A,Core,CUST1415,Loyal,Online,4,500,0,2000.0,1200.0,800.0
17180,2026-07-11,East,Product C,Accessory,CUST1179,At Risk,Online,4,300,0,1200.0,720.0,480.0
17181,2026-07-11,South,Product B,Core,CUST1203,Champions,Retail Store,3,750,0,2250.0,1350.0,900.0
17182,2026-07-11,North,Product C,Accessory,CUST1148,New,Online,3,300,10,810.0,540.0,270.0
17183,2026-07-11,South,Product C,Accessory,CUST1394,Champions,Online,3,300,0,900.0,540.0,360.0
17184,2026-07-11,South,Product B,Core,CUST1341,Lost,Online,3,750,10,2025.0,1350.0,675.0
17185,2026-07-11,North,Product C,Accessory,CUST1437,New,Retail Store,3,300,0,900.0,540.0,360.0
17186,2026-07-11,East,Product A,Core,CUST1585,At Risk,Online,3,500,5,1425.0,900.0,525.0
17187,2026-07-11,North,Product A,Core,CUST1042,At Risk,Retail Store,2,500,5,950.0,600.0,350.0
17188,2026-07-11,East,Product B,Core,CUST1364,At Risk,Online,3,750,0,2250.0,1350.0,900.0
17189,2026-07-11,West,Product A,Core,CUST1492,At Risk,Online,1,500,10,450.0,300.0,150.0
17190,2026-07-11,South,Product C,Accessory,CUST1511,At Risk,Retail Store,2,300,15,510.0,360.0,150.0
17191,2026-07-12,East,Product C,Accessory,CUST1006,At Risk,Retail Store,4,300,10,1080.0,720.0,360.0
17192,2026-07-12,North,Product C,Accessory,CUST1192,Champions,Retail Store,1,300,10,270.0,180.0,90.0
17193,2026-07-12,East,Product A,Core,CUST1126,Loyal,Retail Store,4,500,0,2000.0,1200.0,800.0
17194,2026-07-12,South,Product A,Core,CUST1086,At Risk,Retail Store,1,500,0,500.0,300.0,200.0
17195,2026-07-12,East,Product A,Core,CUST1178,Lost,Retail Store,1,500,0,500.0,300.0,200.0
17196,2026-07-12,West,Product A,Core,CUST1320,Lost,Retail Store,3,500,5,1425.0,900.0,525.0
17197,2026-07-12,East,Product A,Core,CUST1222,At Risk,Retail Store,4,500,10,1800.0,1200.0,600.0
17198,2026-07-12,North,Product A,Core,CUST1094,Loyal,Online,2,500,0,1000.0,600.0,400.0
17199,2026-07-12,North,Product A,Core,CUST1118,New,Retail Store,1,500,5,475.0,300.0,175.0
17200,2026-07-12,North,Product A,Core,CUST1557,New,Partner,4,500,0,2000.0,1200.0,800.0
17201,2026-07-12,South,Product B,Core,CUST1053,At Risk,Retail Store,1,750,0,750.0,450.0,300.0
17202,2026-07-12,East,Product C,Accessory,CUST1530,At Risk,Retail Store,1,300,0,300.0,180.0,120.0
17203,2026-07-12,South,Product A,Core,CUST1543,Lost,Online,1,500,10,450.0,300.0,150.0
17204,2026-07-12,West,Product A,Core,CUST1505,At Risk,Online,2,500,0,1000.0,600.0,400.0
17205,2026-07-12,West,Product A,Core,CUST1028,Loyal,Online,3,500,10,1350.0,900.0,450.0
17206,2026-07-12,South,Product A,Core,CUST1443,Loyal,Retail Store,1,500,5,475.0,300.0,175.0
17207,2026-07-12,East,Product A,Core,CUST1341,Lost,Retail Store,1,500,0,500.0,300.0,200.0
17208,2026-07-12,West,Product C,Accessory,CUST1393,At Risk,Retail Store,1,300,0,300.0,180.0,120.0
17209,2026-07-12,West,Product B,Core,CUST1085,Champions,Retail Store,2,750,0,1500.0,900.0,600.0
17210,2026-07-12,North,Product A,Core,CUST1443,Loyal,Partner,1,500,15,425.0,300.0,125.0
17211,2026-07-12,North,Product C,Accessory,CUST1584,Lost,Retail Store,3,300,5,855.0,540.0,315.0
17212,2026-07-12,East,Product D,Accessory,CUST1002,Lost,Online,1,1200,20,960.0,720.0,240.0
17213,2026-07-12,West,Product B,Core,CUST1553,Lost,Retail Store,4,750,0,3000.0,1800.0,1200.0
17214,2026-07-12,South,Product B,Core,CUST1476,New,Partner,1,750,10,675.0,450.0,225.0
17215,2026-07-12,East,Product A,Core,CUST1167,At Risk,Retail Store,3,500,5,1425.0,900.0,525.0
17216,2026-07-12,North,Product C,Accessory,CUST1268,Champions,Online,2,300,20,480.0,360.0,120.0
17217,2026-07-12,South,Product A,Core,CUST1406,Loyal,Partner,4,500,0,2000.0,1200.0,800.0
17218,2026-07-12,West,Product D,Accessory,CUST1366,At Risk,Retail Store,1,1200,0,1200.0,720.0,480.0
17219,2026-07-12,West,Product A,Core,CUST1050,Loyal,Retail Store,3,500,0,1500.0,900.0,600.0
17220,2026-07-12,East,Product A,Core,CUST1483,Loyal,Partner,1,500,15,425.0,300.0,125.0
17221,2026-07-12,East,Product D,Accessory,CUST1135,Champions,Online,1,1200,15,1020.0,720.0,300.0
17222,2026-07-12,West,Product B,Core,CUST1489,New,Retail Store,2,750,10,1350.0,900.0,450.0
17223,2026-07-12,North,Product B,Core,CUST1226,Champions,Retail Store,1,750,20,600.0,450.0,150.0
17224,2026-07-12,South,Product A,Core,CUST1218,Lost,Online,4,500,0,2000.0,1200.0,800.0
17225,2026-07-12,East,Product A,Core,CUST1590,Lost,Online,4,500,0,2000.0,1200.0,800.0
17226,2026-07-12,South,Product A,Core,CUST1259,New,Online,3,500,15,1275.0,900.0,375.0
17227,2026-07-12,North,Product A,Core,CUST1243,New,Online,3,500,5,1425.0,900.0,525.0
17228,2026-07-12,North,Product B,Core,CUST1333,Lost,Online,4,750,15,2550.0,1800.0,750.0
17229,2026-07-12,North,Product A,Core,CUST1234,Lost,Retail Store,2,500,10,900.0,600.0,300.0
17230,2026-07-12,South,Product D,Accessory,CUST1007,At Risk,Retail Store,4,1200,10,4320.0,2880.0,1440.0
17231,2026-07-12,East,Product C,Accessory,CUST1479,New,Retail Store,1,300,5,285.0,180.0,105.0
17232,2026-07-12,East,Product B,Core,CUST1571,At Risk,Online,3,750,0,2250.0,1350.0,900.0
17233,2026-07-12,East,Product A,Core,CUST1089,New,Retail Store,4,500,15,1700.0,1200.0,500.0
17234,2026-07-12,West,Product B,Core,CUST1149,Champions,Online,4,750,0,3000.0,1800.0,1200.0
17235,2026-07-12,North,Product A,Core,CUST1217,Champions,Partner,2,500,15,850.0,600.0,250.0
17236,2026-07-12,West,Product D,Accessory,CUST1087,New,Partner,4,1200,0,4800.0,2880.0,1920.0
17237,2026-07-12,South,Product A,Core,CUST1480,New,Online,2,500,5,950.0,600.0,350.0
17238,2026-07-12,West,Product A,Core,CUST1456,Lost,Online,4,500,10,1800.0,1200.0,600.0
17239,2026-07-12,South,Product D,Accessory,CUST1000,At Risk,Online,3,1200,15,3060.0,2160.0,900.0
17240,2026-07-12,North,Product D,Accessory,CUST1335,At Risk,Online,1,1200,10,1080.0,720.0,360.0
17241,2026-07-12,East,Product B,Core,CUST1452,At Risk,Online,1,750,0,750.0,450.0,300.0
17242,2026-07-12,South,Product B,Core,CUST1594,Champions,Retail Store,3,750,15,1912.5,1350.0,562.5
17243,2026-07-12,West,Product C,Accessory,CUST1427,At Risk,Online,4,300,20,960.0,720.0,240.0
17244,2026-07-12,South,Product B,Core,CUST1149,Champions,Retail Store,4,750,10,2700.0,1800.0,900.0
17245,2026-07-12,East,Product B,Core,CUST1573,At Risk,Online,4,750,10,2700.0,1800.0,900.0
17246,2026-07-12,North,Product D,Accessory,CUST1018,At Risk,Retail Store,1,1200,10,1080.0,720.0,360.0
17247,2026-07-12,West,Product B,Core,CUST1273,New,Retail Store,2,750,0,1500.0,900.0,600.0
17248,2026-07-12,North,Product B,Core,CUST1108,Champions,Retail Store,4,750,15,2550.0,1800.0,750.0
17249,2026-07-12,East,Product B,Core,CUST1158,At Risk,Partner,2,750,5,1425.0,900.0,525.0
17250,2026-07-12,West,Product D,Accessory,CUST1565,At Risk,Online,2,1200,10,2160.0,1440.0,720.0
17251,2026-07-12,North,Product C,Accessory,CUST1444,Loyal,Online,1,300,10,270.0,180.0,90.0
17252,2026-07-12,North,Product B,Core,CUST1567,Champions,Online,2,750,0,1500.0,900.0,600.0
17253,2026-07-12,North,Product B,Core,CUST1015,Loyal,Retail Store,2,750,0,1500.0,900.0,600.0
17254,2026-07-12,South,Product D,Accessory,CUST1309,Champions,Retail Store,1,1200,20,960.0,720.0,240.0
17255,2026-07-12,North,Product A,Core,CUST1524,Champions,Partner,4,500,5,1900.0,1200.0,700.0
17256,2026-07-12,East,Product B,Core,CUST1591,New,Online,3,750,5,2137.5,1350.0,787.5
17257,2026-07-12,South,Product C,Accessory,CUST1429,At Risk,Online,1,300,0,300.0,180.0,120.0
17258,2026-07-13,West,Product C,Accessory,CUST1004,Champions,Retail Store,2,300,0,600.0,360.0,240.0
17259,2026-07-13,South,Product A,Core,CUST1449,At Risk,Retail Store,1,500,20,400.0,300.0,100.0
17260,2026-07-13,South,Product A,Core,CUST1545,New,Online,1,500,15,425.0,300.0,125.0
17261,2026-07-13,South,Product D,Accessory,CUST1263,Champions,Retail Store,2,1200,10,2160.0,1440.0,720.0
17262,2026-07-13,North,Product C,Accessory,CUST1035,Loyal,Online,4,300,5,1140.0,720.0,420.0
17263,2026-07-13,West,Product D,Accessory,CUST1090,Loyal,Retail Store,1,1200,10,1080.0,720.0,360.0
17264,2026-07-13,West,Product A,Core,CUST1301,Champions,Retail Store,4,500,5,1900.0,1200.0,700.0
17265,2026-07-13,North,Product A,Core,CUST1434,Champions,Retail Store,2,500,15,850.0,600.0,250.0
17266,2026-07-13,South,Product D,Accessory,CUST1361,Champions,Online,4,1200,0,4800.0,2880.0,1920.0
17267,2026-07-13,East,Product C,Accessory,CUST1324,At Risk,Retail Store,1,300,0,300.0,180.0,120.0
17268,2026-07-13,East,Product D,Accessory,CUST1237,At Risk,Online,1,1200,10,1080.0,720.0,360.0
17269,2026-07-13,East,Product A,Core,CUST1460,New,Online,2,500,10,900.0,600.0,300.0
17270,2026-07-13,East,Product A,Core,CUST1484,Champions,Online,2,500,0,1000.0,600.0,400.0
17271,2026-07-13,North,Product C,Accessory,CUST1057,New,Online,4,300,5,1140.0,720.0,420.0
17272,2026-07-13,East,Product D,Accessory,CUST1442,At Risk,Retail Store,2,1200,0,2400.0,1440.0,960.0
17273,2026-07-13,West,Product A,Core,CUST1039,At Risk,Online,3,500,0,1500.0,900.0,600.0
17274,2026-07-13,South,Product C,Accessory,CUST1451,Lost,Online,2,300,0,600.0,360.0,240.0
17275,2026-07-13,South,Product A,Core,CUST1179,At Risk,Online,3,500,20,1200.0,900.0,300.0
17276,2026-07-13,South,Product A,Core,CUST1246,At Risk,Online,4,500,10,1800.0,1200.0,600.0
17277,2026-07-13,South,Product A,Core,CUST1456,Lost,Online,4,500,15,1700.0,1200.0,500.0
17278,2026-07-13,South,Product B,Core,CUST1271,Loyal,Online,2,750,0,1500.0,900.0,600.0
17279,2026-07-13,South,Product A,Core,CUST1106,New,Online,3,500,0,1500.0,900.0,600.0
17280,2026-07-13,South,Product C,Accessory,CUST1075,Loyal,Online,4,300,5,1140.0,720.0,420.0
17281,2026-07-13,South,Product B,Core,CUST1474,Loyal,Online,2,750,0,1500.0,900.0,600.0
17282,2026-07-13,North,Product D,Accessory,CUST1202,New,Retail Store,4,1200,0,4800.0,2880.0,1920.0
17283,2026-07-13,South,Product C,Accessory,CUST1544,Champions,Online,4,300,5,1140.0,720.0,420.0
17284,2026-07-13,North,Product C,Accessory,CUST1029,At Risk,Retail Store,2,300,0,600.0,360.0,240.0
17285,2026-07-13,West,Product C,Accessory,CUST1321,New,Online,3,300,0,900.0,540.0,360.0
17286,2026-07-13,North,Product B,Core,CUST1169,Lost,Retail Store,2,750,15,1275.0,900.0,375.0
17287,2026-07-13,East,Product B,Core,CUST1586,Loyal,Online,4,750,0,3000.0,1800.0,1200.0
17288,2026-07-13,East,Product C,Accessory,CUST1145,Loyal,Online,3,300,15,765.0,540.0,225.0
17289,2026-07-13,South,Product C,Accessory,CUST1550,New,Online,1,300,15,255.0,180.0,75.0
17290,2026-07-13,East,Product A,Core,CUST1445,At Risk,Online,3,500,0,1500.0,900.0,600.0
17291,2026-07-13,North,Product A,Core,CUST1044,At Risk,Retail Store,1,500,0,500.0,300.0,200.0
17292,2026-07-13,East,Product B,Core,CUST1253,Loyal,Retail Store,4,750,10,2700.0,1800.0,900.0
17293,2026-07-13,East,Product A,Core,CUST1389,Lost,Retail Store,4,500,0,2000.0,1200.0,800.0
17294,2026-07-13,North,Product B,Core,CUST1496,New,Partner,2,750,0,1500.0,900.0,600.0
17295,2026-07-13,East,Product C,Accessory,CUST1417,At Risk,Online,3,300,15,765.0,540.0,225.0
17296,2026-07-13,South,Product A,Core,CUST1212,Loyal,Online,1,500,5,475.0,300.0,175.0
17297,2026-07-13,East,Product A,Core,CUST1016,New,Online,4,500,0,2000.0,1200.0,800.0
17298,2026-07-13,East,Product B,Core,CUST1575,New,Online,4,750,20,2400.0,1800.0,600.0
17299,2026-07-13,South,Product C,Accessory,CUST1328,At Risk,Online,1,300,20,240.0,180.0,60.0
17300,2026-07-13,West,Product D,Accessory,CUST1142,Lost,Online,4,1200,5,4560.0,2880.0,1680.0
17301,2026-07-13,North,Product C,Accessory,CUST1551,Loyal,Retail Store,3,300,0,900.0,540.0,360.0
17302,2026-07-13,West,Product D,Accessory,CUST1011,Lost,Online,2,1200,15,2040.0,1440.0,600.0
17303,2026-07-13,East,Product C,Accessory,CUST1271,Loyal,Retail Store,4,300,5,1140.0,720.0,420.0
17304,2026-07-13,East,Product B,Core,CUST1327,New,Online,2,750,0,1500.0,900.0,600.0
17305,2026-07-13,West,Product B,Core,CUST1418,Loyal,Online,3,750,0,2250.0,1350.0,900.0
17306,2026-07-13,East,Product A,Core,CUST1358,New,Retail Store,2,500,10,900.0,600.0,300.0
17307,2026-07-13,East,Product C,Accessory,CUST1024,At Risk,Online,3,300,0,900.0,540.0,360.0
17308,2026-07-13,North,Product A,Core,CUST1238,Champions,Retail Store,3,500,0,1500.0,900.0,600.0
17309,2026-07-13,West,Product B,Core,CUST1050,Loyal,Online,2,750,5,1425.0,900.0,525.0
17310,2026-07-13,East,Product C,Accessory,CUST1319,Lost,Online,3,300,5,855.0,540.0,315.0
17311,2026-07-13,North,Product A,Core,CUST1232,Lost,Online,3,500,0,1500.0,900.0,600.0
17312,2026-07-13,South,Product B,Core,CUST1115,Lost,Online,3,750,5,2137.5,1350.0,787.5
17313,2026-07-13,North,Product A,Core,CUST1061,New,Online,4,500,0,2000.0,1200.0,800.0
17314,2026-07-14,North,Product C,Accessory,CUST1532,Loyal,Online,4,300,0,1200.0,720.0,480.0
17315,2026-07-14,West,Product B,Core,CUST1473,Champions,Retail Store,1,750,0,750.0,450.0,300.0
17316,2026-07-14,West,Product A,Core,CUST1006,At Risk,Retail Store,2,500,5,950.0,600.0,350.0
17317,2026-07-14,North,Product B,Core,CUST1407,At Risk,Retail Store,3,750,15,1912.5,1350.0,562.5
17318,2026-07-14,East,Product B,Core,CUST1097,Champions,Online,3,750,10,2025.0,1350.0,675.0
17319,2026-07-14,West,Product B,Core,CUST1389,Lost,Online,4,750,0,3000.0,1800.0,1200.0
17320,2026-07-14,West,Product C,Accessory,CUST1124,Champions,Online,2,300,5,570.0,360.0,210.0
17321,2026-07-14,East,Product B,Core,CUST1099,Lost,Online,3,750,0,2250.0,1350.0,900.0
17322,2026-07-14,North,Product A,Core,CUST1429,At Risk,Online,4,500,5,1900.0,1200.0,700.0
17323,2026-07-14,South,Product C,Accessory,CUST1213,At Risk,Retail Store,4,300,0,1200.0,720.0,480.0
17324,2026-07-14,North,Product A,Core,CUST1188,At Risk,Online,3,500,20,1200.0,900.0,300.0
17325,2026-07-14,East,Product B,Core,CUST1360,Lost,Online,4,750,0,3000.0,1800.0,1200.0
17326,2026-07-14,East,Product A,Core,CUST1344,At Risk,Online,3,500,0,1500.0,900.0,600.0
17327,2026-07-14,South,Product A,Core,CUST1401,Lost,Retail Store,1,500,0,500.0,300.0,200.0
17328,2026-07-14,East,Product A,Core,CUST1548,At Risk,Partner,3,500,5,1425.0,900.0,525.0
17329,2026-07-14,West,Product B,Core,CUST1574,Lost,Online,3,750,15,1912.5,1350.0,562.5
17330,2026-07-14,North,Product A,Core,CUST1444,Loyal,Online,2,500,20,800.0,600.0,200.0
17331,2026-07-14,West,Product B,Core,CUST1346,Lost,Retail Store,2,750,10,1350.0,900.0,450.0
17332,2026-07-14,West,Product C,Accessory,CUST1291,Champions,Online,3,300,10,810.0,540.0,270.0
17333,2026-07-14,East,Product C,Accessory,CUST1071,New,Online,3,300,0,900.0,540.0,360.0
17334,2026-07-14,West,Product B,Core,CUST1376,Lost,Retail Store,1,750,5,712.5,450.0,262.5
17335,2026-07-14,East,Product C,Accessory,CUST1258,Champions,Online,4,300,20,960.0,720.0,240.0
17336,2026-07-14,East,Product D,Accessory,CUST1048,At Risk,Online,4,1200,5,4560.0,2880.0,1680.0
17337,2026-07-14,North,Product C,Accessory,CUST1308,Loyal,Online,1,300,15,255.0,180.0,75.0
17338,2026-07-14,East,Product B,Core,CUST1580,New,Partner,4,750,0,3000.0,1800.0,1200.0
17339,2026-07-14,West,Product A,Core,CUST1513,Loyal,Retail Store,3,500,5,1425.0,900.0,525.0
17340,2026-07-14,North,Product C,Accessory,CUST1114,Loyal,Partner,3,300,15,765.0,540.0,225.0
17341,2026-07-14,North,Product A,Core,CUST1302,New,Online,4,500,0,2000.0,1200.0,800.0
17342,2026-07-14,East,Product C,Accessory,CUST1109,Lost,Online,4,300,0,1200.0,720.0,480.0
17343,2026-07-14,South,Product D,Accessory,CUST1003,At Risk,Online,3,1200,0,3600.0,2160.0,1440.0
17344,2026-07-14,South,Product C,Accessory,CUST1175,Champions,Retail Store,3,300,5,855.0,540.0,315.0
17345,2026-07-14,North,Product C,Accessory,CUST1306,Loyal,Online,3,300,15,765.0,540.0,225.0
17346,2026-07-14,East,Product C,Accessory,CUST1213,At Risk,Online,3,300,0,900.0,540.0,360.0
17347,2026-07-14,South,Product A,Core,CUST1290,At Risk,Retail Store,3,500,0,1500.0,900.0,600.0
17348,2026-07-14,West,Product D,Accessory,CUST1309,Champions,Online,1,1200,0,1200.0,720.0,480.0
17349,2026-07-14,West,Product B,Core,CUST1019,At Risk,Partner,3,750,15,1912.5,1350.0,562.5
17350,2026-07-14,North,Product A,Core,CUST1133,Loyal,Retail Store,2,500,5,950.0,600.0,350.0
17351,2026-07-14,West,Product A,Core,CUST1084,Champions,Online,3,500,0,1500.0,900.0,600.0
17352,2026-07-14,South,Product C,Accessory,CUST1301,Champions,Online,1,300,10,270.0,180.0,90.0
17353,2026-07-14,South,Product B,Core,CUST1495,New,Partner,3,750,0,2250.0,1350.0,900.0
17354,2026-07-14,East,Product B,Core,CUST1008,Champions,Online,2,750,10,1350.0,900.0,450.0
17355,2026-07-14,East,Product A,Core,CUST1326,At Risk,Online,3,500,5,1425.0,900.0,525.0
17356,2026-07-14,West,Product D,Accessory,CUST1030,At Risk,Retail Store,4,1200,5,4560.0,2880.0,1680.0
17357,2026-07-14,South,Product D,Accessory,CUST1064,At Risk,Online,2,1200,0,2400.0,1440.0,960.0
17358,2026-07-14,West,Product A,Core,CUST1396,At Risk,Retail Store,4,500,0,2000.0,1200.0,800.0
17359,2026-07-14,West,Product C,Accessory,CUST1376,Lost,Online,1,300,5,285.0,180.0,105.0
17360,2026-07-14,North,Product A,Core,CUST1417,At Risk,Online,4,500,0,2000.0,1200.0,800.0
17361,2026-07-14,South,Product B,Core,CUST1283,Loyal,Retail Store,2,750,5,1425.0,900.0,525.0
17362,2026-07-14,West,Product A,Core,CUST1469,New,Retail Store,3,500,5,1425.0,900.0,525.0
17363,2026-07-14,West,Product B,Core,CUST1321,New,Online,4,750,0,3000.0,1800.0,1200.0
17364,2026-07-14,West,Product A,Core,CUST1541,New,Partner,2,500,5,950.0,600.0,350.0
17365,2026-07-14,South,Product A,Core,CUST1388,Champions,Partner,4,500,10,1800.0,1200.0,600.0
17366,2026-07-14,North,Product B,Core,CUST1430,Lost,Partner,2,750,5,1425.0,900.0,525.0
17367,2026-07-14,North,Product C,Accessory,CUST1120,New,Online,3,300,0,900.0,540.0,360.0
17368,2026-07-15,North,Product C,Accessory,CUST1431,At Risk,Online,2,300,15,510.0,360.0,150.0
17369,2026-07-15,South,Product C,Accessory,CUST1184,At Risk,Retail Store,3,300,0,900.0,540.0,360.0
17370,2026-07-15,South,Product A,Core,CUST1305,New,Partner,4,500,0,2000.0,1200.0,800.0
17371,2026-07-15,East,Product B,Core,CUST1139,Champions,Online,1,750,0,750.0,450.0,300.0
17372,2026-07-15,South,Product D,Accessory,CUST1072,Lost,Online,1,1200,20,960.0,720.0,240.0
17373,2026-07-15,West,Product A,Core,CUST1051,Champions,Retail Store,1,500,0,500.0,300.0,200.0
17374,2026-07-15,East,Product A,Core,CUST1111,Loyal,Online,4,500,5,1900.0,1200.0,700.0
17375,2026-07-15,East,Product A,Core,CUST1079,At Risk,Partner,3,500,10,1350.0,900.0,450.0
17376,2026-07-15,North,Product D,Accessory,CUST1243,New,Online,1,1200,10,1080.0,720.0,360.0
17377,2026-07-15,North,Product A,Core,CUST1441,Loyal,Online,2,500,5,950.0,600.0,350.0
17378,2026-07-15,East,Product A,Core,CUST1591,New,Online,4,500,0,2000.0,1200.0,800.0
17379,2026-07-15,North,Product D,Accessory,CUST1391,Champions,Online,3,1200,5,3420.0,2160.0,1260.0
17380,2026-07-15,North,Product B,Core,CUST1208,Champions,Online,2,750,0,1500.0,900.0,600.0
17381,2026-07-15,South,Product D,Accessory,CUST1076,Loyal,Retail Store,4,1200,10,4320.0,2880.0,1440.0
17382,2026-07-15,North,Product A,Core,CUST1341,Lost,Online,1,500,0,500.0,300.0,200.0
17383,2026-07-15,South,Product A,Core,CUST1285,New,Retail Store,4,500,10,1800.0,1200.0,600.0
17384,2026-07-15,South,Product D,Accessory,CUST1103,Lost,Retail Store,4,1200,5,4560.0,2880.0,1680.0
17385,2026-07-15,South,Product C,Accessory,CUST1290,At Risk,Online,4,300,0,1200.0,720.0,480.0
17386,2026-07-15,North,Product D,Accessory,CUST1512,Champions,Partner,3,1200,0,3600.0,2160.0,1440.0
17387,2026-07-15,East,Product A,Core,CUST1226,Champions,Online,2,500,5,950.0,600.0,350.0
17388,2026-07-15,South,Product B,Core,CUST1178,Lost,Online,4,750,5,2850.0,1800.0,1050.0
17389,2026-07-15,East,Product A,Core,CUST1353,New,Retail Store,1,500,15,425.0,300.0,125.0
17390,2026-07-15,South,Product A,Core,CUST1471,New,Partner,4,500,10,1800.0,1200.0,600.0
17391,2026-07-15,North,Product B,Core,CUST1016,New,Online,4,750,5,2850.0,1800.0,1050.0
17392,2026-07-15,North,Product B,Core,CUST1205,Loyal,Retail Store,4,750,5,2850.0,1800.0,1050.0
17393,2026-07-15,North,Product A,Core,CUST1105,At Risk,Online,4,500,10,1800.0,1200.0,600.0
17394,2026-07-15,East,Product A,Core,CUST1243,New,Retail Store,3,500,10,1350.0,900.0,450.0
17395,2026-07-15,East,Product A,Core,CUST1168,Loyal,Retail Store,4,500,5,1900.0,1200.0,700.0
17396,2026-07-15,North,Product B,Core,CUST1414,Champions,Online,1,750,0,750.0,450.0,300.0
17397,2026-07-15,East,Product B,Core,CUST1464,New,Partner,2,750,10,1350.0,900.0,450.0
17398,2026-07-15,South,Product C,Accessory,CUST1300,At Risk,Online,4,300,20,960.0,720.0,240.0
17399,2026-07-15,North,Product C,Accessory,CUST1066,New,Online,3,300,0,900.0,540.0,360.0
17400,2026-07-15,West,Product C,Accessory,CUST1549,New,Online,3,300,20,720.0,540.0,180.0
17401,2026-07-15,West,Product C,Accessory,CUST1062,New,Online,2,300,0,600.0,360.0,240.0
17402,2026-07-15,West,Product A,Core,CUST1059,Champions,Online,1,500,5,475.0,300.0,175.0
17403,2026-07-15,East,Product C,Accessory,CUST1329,Loyal,Online,4,300,0,1200.0,720.0,480.0
17404,2026-07-15,South,Product C,Accessory,CUST1164,New,Online,4,300,0,1200.0,720.0,480.0
17405,2026-07-15,West,Product B,Core,CUST1203,Champions,Online,2,750,0,1500.0,900.0,600.0
17406,2026-07-15,East,Product C,Accessory,CUST1344,At Risk,Retail Store,2,300,0,600.0,360.0,240.0
17407,2026-07-15,North,Product A,Core,CUST1485,New,Partner,1,500,0,500.0,300.0,200.0
17408,2026-07-15,East,Product B,Core,CUST1153,New,Online,1,750,0,750.0,450.0,300.0
17409,2026-07-15,East,Product B,Core,CUST1162,Loyal,Retail Store,1,750,5,712.5,450.0,262.5
17410,2026-07-15,North,Product A,Core,CUST1222,At Risk,Online,3,500,5,1425.0,900.0,525.0
17411,2026-07-15,West,Product B,Core,CUST1046,Loyal,Online,1,750,0,750.0,450.0,300.0
17412,2026-07-15,South,Product B,Core,CUST1011,Lost,Retail Store,4,750,10,2700.0,1800.0,900.0
17413,2026-07-15,South,Product C,Accessory,CUST1294,At Risk,Retail Store,3,300,0,900.0,540.0,360.0
17414,2026-07-15,East,Product B,Core,CUST1513,Loyal,Online,3,750,5,2137.5,1350.0,787.5
17415,2026-07-15,North,Product A,Core,CUST1400,Loyal,Online,2,500,0,1000.0,600.0,400.0
17416,2026-07-15,South,Product D,Accessory,CUST1030,At Risk,Retail Store,2,1200,5,2280.0,1440.0,840.0
17417,2026-07-15,North,Product A,Core,CUST1077,At Risk,Partner,2,500,0,1000.0,600.0,400.0
17418,2026-07-15,East,Product C,Accessory,CUST1482,New,Online,3,300,15,765.0,540.0,225.0
17419,2026-07-15,South,Product A,Core,CUST1307,At Risk,Partner,4,500,20,1600.0,1200.0,400.0
17420,2026-07-15,South,Product D,Accessory,CUST1154,Champions,Retail Store,1,1200,10,1080.0,720.0,360.0
17421,2026-07-15,South,Product A,Core,CUST1095,At Risk,Online,4,500,20,1600.0,1200.0,400.0
17422,2026-07-15,West,Product C,Accessory,CUST1569,New,Retail Store,2,300,10,540.0,360.0,180.0
17423,2026-07-15,South,Product A,Core,CUST1112,Loyal,Online,3,500,0,1500.0,900.0,600.0
17424,2026-07-15,North,Product A,Core,CUST1542,At Risk,Online,3,500,15,1275.0,900.0,375.0
17425,2026-07-15,East,Product B,Core,CUST1105,At Risk,Online,1,750,15,637.5,450.0,187.5
17426,2026-07-15,West,Product B,Core,CUST1504,New,Retail Store,1,750,20,600.0,450.0,150.0
17427,2026-07-16,North,Product C,Accessory,CUST1029,At Risk,Online,1,300,0,300.0,180.0,120.0
17428,2026-07-16,North,Product B,Core,CUST1465,At Risk,Retail Store,2,750,10,1350.0,900.0,450.0
17429,2026-07-16,North,Product D,Accessory,CUST1253,Loyal,Partner,4,1200,10,4320.0,2880.0,1440.0
17430,2026-07-16,North,Product D,Accessory,CUST1538,Loyal,Retail Store,1,1200,10,1080.0,720.0,360.0
17431,2026-07-16,East,Product A,Core,CUST1512,Champions,Retail Store,1,500,20,400.0,300.0,100.0
17432,2026-07-16,North,Product C,Accessory,CUST1449,At Risk,Online,3,300,10,810.0,540.0,270.0
17433,2026-07-16,North,Product D,Accessory,CUST1596,At Risk,Retail Store,2,1200,10,2160.0,1440.0,720.0
17434,2026-07-16,North,Product A,Core,CUST1457,New,Retail Store,3,500,0,1500.0,900.0,600.0
17435,2026-07-16,North,Product A,Core,CUST1354,New,Online,1,500,5,475.0,300.0,175.0
17436,2026-07-16,North,Product B,Core,CUST1358,New,Retail Store,4,750,5,2850.0,1800.0,1050.0
17437,2026-07-16,North,Product B,Core,CUST1240,At Risk,Retail Store,4,750,0,3000.0,1800.0,1200.0
17438,2026-07-16,North,Product A,Core,CUST1584,Lost,Partner,1,500,15,425.0,300.0,125.0
17439,2026-07-16,West,Product C,Accessory,CUST1126,Loyal,Online,4,300,15,1020.0,720.0,300.0
17440,2026-07-16,East,Product B,Core,CUST1321,New,Partner,3,750,0,2250.0,1350.0,900.0
17441,2026-07-16,North,Product A,Core,CUST1118,New,Online,4,500,0,2000.0,1200.0,800.0
17442,2026-07-16,West,Product C,Accessory,CUST1019,At Risk,Online,3,300,10,810.0,540.0,270.0
17443,2026-07-16,North,Product B,Core,CUST1436,Champions,Retail Store,4,750,5,2850.0,1800.0,1050.0
17444,2026-07-16,West,Product C,Accessory,CUST1573,At Risk,Retail Store,4,300,0,1200.0,720.0,480.0
17445,2026-07-16,North,Product C,Accessory,CUST1400,Loyal,Retail Store,4,300,5,1140.0,720.0,420.0
17446,2026-07-16,East,Product B,Core,CUST1237,At Risk,Partner,3,750,0,2250.0,1350.0,900.0
17447,2026-07-16,South,Product A,Core,CUST1090,Loyal,Partner,3,500,10,1350.0,900.0,450.0
17448,2026-07-16,West,Product C,Accessory,CUST1346,Lost,Online,2,300,5,570.0,360.0,210.0
17449,2026-07-16,South,Product A,Core,CUST1138,At Risk,Online,3,500,0,1500.0,900.0,600.0
17450,2026-07-16,South,Product D,Accessory,CUST1157,At Risk,Retail Store,2,1200,5,2280.0,1440.0,840.0
17451,2026-07-16,North,Product A,Core,CUST1517,At Risk,Online,1,500,5,475.0,300.0,175.0
17452,2026-07-16,North,Product A,Core,CUST1131,Lost,Retail Store,1,500,5,475.0,300.0,175.0
17453,2026-07-16,East,Product A,Core,CUST1402,At Risk,Retail Store,1,500,15,425.0,300.0,125.0
17454,2026-07-16,West,Product A,Core,CUST1258,Champions,Online,2,500,0,1000.0,600.0,400.0
17455,2026-07-16,West,Product A,Core,CUST1508,New,Online,1,500,15,425.0,300.0,125.0
17456,2026-07-16,South,Product A,Core,CUST1071,New,Online,2,500,0,1000.0,600.0,400.0
17457,2026-07-16,West,Product C,Accessory,CUST1277,New,Online,3,300,5,855.0,540.0,315.0
17458,2026-07-16,East,Product A,Core,CUST1162,Loyal,Retail Store,3,500,0,1500.0,900.0,600.0
17459,2026-07-16,North,Product D,Accessory,CUST1047,Loyal,Online,4,1200,10,4320.0,2880.0,1440.0
17460,2026-07-16,East,Product B,Core,CUST1067,Loyal,Retail Store,4,750,0,3000.0,1800.0,1200.0
17461,2026-07-16,North,Product D,Accessory,CUST1176,New,Partner,3,1200,10,3240.0,2160.0,1080.0
17462,2026-07-16,North,Product A,Core,CUST1402,At Risk,Online,4,500,0,2000.0,1200.0,800.0
17463,2026-07-16,East,Product B,Core,CUST1569,New,Online,1,750,5,712.5,450.0,262.5
17464,2026-07-16,South,Product C,Accessory,CUST1492,At Risk,Retail Store,4,300,5,1140.0,720.0,420.0
17465,2026-07-16,South,Product B,Core,CUST1453,Loyal,Partner,4,750,0,3000.0,1800.0,1200.0
17466,2026-07-16,West,Product A,Core,CUST1304,Lost,Online,1,500,10,450.0,300.0,150.0
17467,2026-07-16,North,Product A,Core,CUST1005,Lost,Retail Store,4,500,0,2000.0,1200.0,800.0
17468,2026-07-16,East,Product A,Core,CUST1508,New,Partner,1,500,5,475.0,300.0,175.0
17469,2026-07-16,South,Product B,Core,CUST1200,At Risk,Online,3,750,10,2025.0,1350.0,675.0
17470,2026-07-16,North,Product B,Core,CUST1541,New,Retail Store,2,750,5,1425.0,900.0,525.0
17471,2026-07-16,East,Product C,Accessory,CUST1103,Lost,Partner,2,300,0,600.0,360.0,240.0
17472,2026-07-16,South,Product C,Accessory,CUST1081,New,Online,3,300,5,855.0,540.0,315.0
17473,2026-07-16,East,Product B,Core,CUST1243,New,Retail Store,3,750,10,2025.0,1350.0,675.0
17474,2026-07-16,North,Product C,Accessory,CUST1598,Lost,Online,1,300,0,300.0,180.0,120.0
17475,2026-07-16,East,Product B,Core,CUST1069,New,Partner,2,750,0,1500.0,900.0,600.0
17476,2026-07-16,South,Product C,Accessory,CUST1106,New,Online,2,300,10,540.0,360.0,180.0
17477,2026-07-16,South,Product D,Accessory,CUST1051,Champions,Online,1,1200,5,1140.0,720.0,420.0
17478,2026-07-16,North,Product B,Core,CUST1358,New,Online,1,750,0,750.0,450.0,300.0
17479,2026-07-16,North,Product D,Accessory,CUST1125,New,Retail Store,3,1200,0,3600.0,2160.0,1440.0
17480,2026-07-16,South,Product D,Accessory,CUST1067,Loyal,Retail Store,2,1200,15,2040.0,1440.0,600.0
17481,2026-07-16,South,Product D,Accessory,CUST1181,Lost,Partner,2,1200,0,2400.0,1440.0,960.0
17482,2026-07-16,North,Product C,Accessory,CUST1302,New,Retail Store,4,300,20,960.0,720.0,240.0
17483,2026-07-16,East,Product D,Accessory,CUST1060,At Risk,Online,1,1200,0,1200.0,720.0,480.0
17484,2026-07-16,West,Product A,Core,CUST1238,Champions,Online,2,500,0,1000.0,600.0,400.0
17485,2026-07-16,East,Product A,Core,CUST1257,Champions,Retail Store,4,500,5,1900.0,1200.0,700.0
17486,2026-07-16,South,Product D,Accessory,CUST1358,New,Online,2,1200,0,2400.0,1440.0,960.0
17487,2026-07-16,South,Product B,Core,CUST1181,Lost,Retail Store,2,750,0,1500.0,900.0,600.0
17488,2026-07-16,South,Product C,Accessory,CUST1200,At Risk,Online,1,300,10,270.0,180.0,90.0
17489,2026-07-17,South,Product B,Core,CUST1039,At Risk,Retail Store,1,750,0,750.0,450.0,300.0
17490,2026-07-17,West,Product B,Core,CUST1343,New,Online,4,750,10,2700.0,1800.0,900.0
17491,2026-07-17,West,Product C,Accessory,CUST1420,At Risk,Retail Store,3,300,0,900.0,540.0,360.0
17492,2026-07-17,East,Product B,Core,CUST1483,Loyal,Online,2,750,0,1500.0,900.0,600.0
17493,2026-07-17,North,Product A,Core,CUST1386,At Risk,Online,3,500,10,1350.0,900.0,450.0
17494,2026-07-17,North,Product B,Core,CUST1028,Loyal,Retail Store,4,750,0,3000.0,1800.0,1200.0
17495,2026-07-17,South,Product A,Core,CUST1240,At Risk,Partner,2,500,10,900.0,600.0,300.0
17496,2026-07-17,East,Product C,Accessory,CUST1006,At Risk,Online,3,300,15,765.0,540.0,225.0
17497,2026-07-17,East,Product C,Accessory,CUST1095,At Risk,Online,1,300,0,300.0,180.0,120.0
17498,2026-07-17,North,Product B,Core,CUST1278,Lost,Retail Store,4,750,0,3000.0,1800.0,1200.0
17499,2026-07-17,North,Product A,Core,CUST1441,Loyal,Online,1,500,0,500.0,300.0,200.0
17500,2026-07-17,West,Product D,Accessory,CUST1112,Loyal,Online,4,1200,0,4800.0,2880.0,1920.0
17501,2026-07-17,East,Product C,Accessory,CUST1338,Champions,Retail Store,3,300,5,855.0,540.0,315.0
17502,2026-07-17,West,Product C,Accessory,CUST1366,At Risk,Online,1,300,5,285.0,180.0,105.0
17503,2026-07-17,North,Product B,Core,CUST1431,At Risk,Retail Store,3,750,15,1912.5,1350.0,562.5
17504,2026-07-17,South,Product D,Accessory,CUST1568,Loyal,Online,1,1200,15,1020.0,720.0,300.0
17505,2026-07-17,North,Product C,Accessory,CUST1565,At Risk,Online,3,300,0,900.0,540.0,360.0
17506,2026-07-17,East,Product A,Core,CUST1440,Lost,Retail Store,3,500,0,1500.0,900.0,600.0
17507,2026-07-17,North,Product B,Core,CUST1086,At Risk,Retail Store,1,750,5,712.5,450.0,262.5
17508,2026-07-17,West,Product D,Accessory,CUST1011,Lost,Retail Store,1,1200,0,1200.0,720.0,480.0
17509,2026-07-17,East,Product B,Core,CUST1034,New,Online,1,750,5,712.5,450.0,262.5
17510,2026-07-17,South,Product D,Accessory,CUST1267,Loyal,Retail Store,3,1200,0,3600.0,2160.0,1440.0
17511,2026-07-17,West,Product B,Core,CUST1402,At Risk,Retail Store,1,750,0,750.0,450.0,300.0
17512,2026-07-17,South,Product B,Core,CUST1231,New,Retail Store,2,750,0,1500.0,900.0,600.0
17513,2026-07-17,North,Product B,Core,CUST1111,Loyal,Online,1,750,0,750.0,450.0,300.0
17514,2026-07-17,North,Product B,Core,CUST1371,Loyal,Online,2,750,5,1425.0,900.0,525.0
17515,2026-07-17,South,Product C,Accessory,CUST1471,New,Partner,1,300,0,300.0,180.0,120.0
17516,2026-07-17,South,Product A,Core,CUST1249,New,Retail Store,3,500,5,1425.0,900.0,525.0
17517,2026-07-17,North,Product C,Accessory,CUST1538,Loyal,Online,4,300,5,1140.0,720.0,420.0
17518,2026-07-17,East,Product A,Core,CUST1040,New,Retail Store,1,500,10,450.0,300.0,150.0
17519,2026-07-17,North,Product B,Core,CUST1406,Loyal,Online,4,750,10,2700.0,1800.0,900.0
17520,2026-07-17,East,Product C,Accessory,CUST1161,Lost,Online,3,300,5,855.0,540.0,315.0
17521,2026-07-17,South,Product C,Accessory,CUST1381,Lost,Online,4,300,5,1140.0,720.0,420.0
17522,2026-07-17,North,Product B,Core,CUST1598,Lost,Retail Store,3,750,5,2137.5,1350.0,787.5
17523,2026-07-17,West,Product C,Accessory,CUST1594,Champions,Online,3,300,20,720.0,540.0,180.0
17524,2026-07-17,West,Product B,Core,CUST1465,At Risk,Online,2,750,10,1350.0,900.0,450.0
17525,2026-07-17,South,Product B,Core,CUST1170,Loyal,Retail Store,2,750,15,1275.0,900.0,375.0
17526,2026-07-17,South,Product A,Core,CUST1041,At Risk,Retail Store,1,500,15,425.0,300.0,125.0
17527,2026-07-17,South,Product A,Core,CUST1164,New,Retail Store,3,500,10,1350.0,900.0,450.0
17528,2026-07-17,North,Product D,Accessory,CUST1558,New,Retail Store,3,1200,0,3600.0,2160.0,1440.0
17529,2026-07-17,North,Product B,Core,CUST1530,At Risk,Retail Store,4,750,0,3000.0,1800.0,1200.0
17530,2026-07-17,East,Product B,Core,CUST1498,Loyal,Online,4,750,10,2700.0,1800.0,900.0
17531,2026-07-17,East,Product B,Core,CUST1137,New,Online,1,750,0,750.0,450.0,300.0
17532,2026-07-17,East,Product A,Core,CUST1102,Loyal,Online,2,500,0,1000.0,600.0,400.0
17533,2026-07-17,South,Product C,Accessory,CUST1137,New,Online,2,300,10,540.0,360.0,180.0
17534,2026-07-17,South,Product B,Core,CUST1094,Loyal,Online,4,750,0,3000.0,1800.0,1200.0
17535,2026-07-17,South,Product A,Core,CUST1390,At Risk,Online,4,500,10,1800.0,1200.0,600.0
17536,2026-07-17,East,Product A,Core,CUST1198,Loyal,Online,2,500,0,1000.0,600.0,400.0
17537,2026-07-17,West,Product A,Core,CUST1245,Lost,Online,2,500,10,900.0,600.0,300.0
17538,2026-07-17,South,Product A,Core,CUST1259,New,Partner,1,500,5,475.0,300.0,175.0
17539,2026-07-17,North,Product C,Accessory,CUST1385,Lost,Online,4,300,0,1200.0,720.0,480.0
17540,2026-07-17,West,Product C,Accessory,CUST1387,Lost,Online,3,300,0,900.0,540.0,360.0
17541,2026-07-17,North,Product B,Core,CUST1593,New,Online,4,750,0,3000.0,1800.0,1200.0
17542,2026-07-17,South,Product D,Accessory,CUST1405,Lost,Online,1,1200,0,1200.0,720.0,480.0
17543,2026-07-17,South,Product B,Core,CUST1562,At Risk,Online,1,750,0,750.0,450.0,300.0
17544,2026-07-17,West,Product C,Accessory,CUST1319,Lost,Retail Store,2,300,0,600.0,360.0,240.0
17545,2026-07-17,North,Product B,Core,CUST1323,New,Online,3,750,0,2250.0,1350.0,900.0
17546,2026-07-17,South,Product C,Accessory,CUST1061,New,Retail Store,1,300,20,240.0,180.0,60.0
17547,2026-07-17,North,Product B,Core,CUST1306,Loyal,Retail Store,2,750,5,1425.0,900.0,525.0
17548,2026-07-17,East,Product B,Core,CUST1048,At Risk,Retail Store,4,750,0,3000.0,1800.0,1200.0
17549,2026-07-17,North,Product C,Accessory,CUST1112,Loyal,Online,1,300,10,270.0,180.0,90.0
17550,2026-07-17,West,Product A,Core,CUST1469,New,Retail Store,3,500,0,1500.0,900.0,600.0
17551,2026-07-17,South,Product B,Core,CUST1364,At Risk,Online,2,750,10,1350.0,900.0,450.0
17552,2026-07-17,North,Product B,Core,CUST1026,New,Online,3,750,0,2250.0,1350.0,900.0
17553,2026-07-17,South,Product B,Core,CUST1245,Lost,Online,2,750,0,1500.0,900.0,600.0
17554,2026-07-17,North,Product A,Core,CUST1298,At Risk,Online,1,500,0,500.0,300.0,200.0
17555,2026-07-17,East,Product A,Core,CUST1443,Loyal,Online,2,500,0,1000.0,600.0,400.0
17556,2026-07-18,West,Product B,Core,CUST1250,At Risk,Online,3,750,10,2025.0,1350.0,675.0
17557,2026-07-18,South,Product B,Core,CUST1083,Loyal,Retail Store,2,750,0,1500.0,900.0,600.0
17558,2026-07-18,West,Product C,Accessory,CUST1521,Loyal,Online,1,300,10,270.0,180.0,90.0
17559,2026-07-18,East,Product D,Accessory,CUST1102,Loyal,Online,3,1200,0,3600.0,2160.0,1440.0
17560,2026-07-18,South,Product B,Core,CUST1380,New,Retail Store,4,750,10,2700.0,1800.0,900.0
17561,2026-07-18,East,Product B,Core,CUST1116,At Risk,Online,3,750,0,2250.0,1350.0,900.0
17562,2026-07-18,West,Product B,Core,CUST1160,Champions,Online,2,750,5,1425.0,900.0,525.0
17563,2026-07-18,North,Product A,Core,CUST1382,At Risk,Online,2,500,5,950.0,600.0,350.0
17564,2026-07-18,South,Product D,Accessory,CUST1361,Champions,Partner,2,1200,15,2040.0,1440.0,600.0
17565,2026-07-18,East,Product B,Core,CUST1362,Champions,Online,4,750,0,3000.0,1800.0,1200.0
17566,2026-07-18,North,Product A,Core,CUST1012,At Risk,Online,4,500,0,2000.0,1200.0,800.0
17567,2026-07-18,South,Product C,Accessory,CUST1001,New,Retail Store,4,300,10,1080.0,720.0,360.0
17568,2026-07-18,West,Product B,Core,CUST1388,Champions,Online,2,750,15,1275.0,900.0,375.0
17569,2026-07-18,East,Product B,Core,CUST1188,At Risk,Retail Store,1,750,15,637.5,450.0,187.5
17570,2026-07-18,East,Product B,Core,CUST1251,Lost,Online,1,750,5,712.5,450.0,262.5
17571,2026-07-18,West,Product D,Accessory,CUST1463,Loyal,Online,2,1200,0,2400.0,1440.0,960.0
17572,2026-07-18,South,Product C,Accessory,CUST1342,At Risk,Retail Store,4,300,5,1140.0,720.0,420.0
17573,2026-07-18,East,Product D,Accessory,CUST1460,New,Online,3,1200,0,3600.0,2160.0,1440.0
17574,2026-07-18,North,Product A,Core,CUST1569,New,Retail Store,2,500,0,1000.0,600.0,400.0
17575,2026-07-18,South,Product C,Accessory,CUST1545,New,Online,1,300,5,285.0,180.0,105.0
17576,2026-07-18,South,Product A,Core,CUST1142,Lost,Online,4,500,5,1900.0,1200.0,700.0
17577,2026-07-18,East,Product A,Core,CUST1231,New,Online,1,500,0,500.0,300.0,200.0
17578,2026-07-18,North,Product A,Core,CUST1273,New,Retail Store,2,500,15,850.0,600.0,250.0
17579,2026-07-18,South,Product B,Core,CUST1363,Champions,Online,2,750,0,1500.0,900.0,600.0
17580,2026-07-18,East,Product A,Core,CUST1033,Loyal,Retail Store,1,500,0,500.0,300.0,200.0
17581,2026-07-18,West,Product C,Accessory,CUST1510,Champions,Online,2,300,20,480.0,360.0,120.0
17582,2026-07-18,West,Product D,Accessory,CUST1166,At Risk,Retail Store,1,1200,0,1200.0,720.0,480.0
17583,2026-07-18,South,Product A,Core,CUST1524,Champions,Online,3,500,10,1350.0,900.0,450.0
17584,2026-07-18,North,Product D,Accessory,CUST1065,New,Partner,2,1200,0,2400.0,1440.0,960.0
17585,2026-07-18,East,Product B,Core,CUST1499,New,Online,1,750,20,600.0,450.0,150.0
17586,2026-07-18,East,Product A,Core,CUST1050,Loyal,Online,2,500,5,950.0,600.0,350.0
17587,2026-07-18,South,Product B,Core,CUST1463,Loyal,Partner,4,750,5,2850.0,1800.0,1050.0
17588,2026-07-18,South,Product A,Core,CUST1436,Champions,Online,2,500,0,1000.0,600.0,400.0
17589,2026-07-18,East,Product A,Core,CUST1419,Lost,Online,3,500,10,1350.0,900.0,450.0
17590,2026-07-18,East,Product C,Accessory,CUST1293,Champions,Retail Store,1,300,15,255.0,180.0,75.0
17591,2026-07-18,North,Product A,Core,CUST1131,Lost,Partner,2,500,0,1000.0,600.0,400.0
17592,2026-07-18,West,Product B,Core,CUST1381,Lost,Retail Store,1,750,5,712.5,450.0,262.5
17593,2026-07-18,North,Product B,Core,CUST1287,Loyal,Online,3,750,0,2250.0,1350.0,900.0
17594,2026-07-18,West,Product D,Accessory,CUST1483,Loyal,Retail Store,1,1200,10,1080.0,720.0,360.0
17595,2026-07-18,East,Product C,Accessory,CUST1082,At Risk,Partner,2,300,0,600.0,360.0,240.0
17596,2026-07-18,East,Product D,Accessory,CUST1543,Lost,Retail Store,2,1200,10,2160.0,1440.0,720.0
17597,2026-07-18,West,Product B,Core,CUST1204,Champions,Online,3,750,0,2250.0,1350.0,900.0
17598,2026-07-18,South,Product B,Core,CUST1135,Champions,Online,1,750,15,637.5,450.0,187.5
17599,2026-07-18,North,Product B,Core,CUST1527,Lost,Retail Store,4,750,0,3000.0,1800.0,1200.0
17600,2026-07-18,North,Product C,Accessory,CUST1046,Loyal,Online,2,300,5,570.0,360.0,210.0
17601,2026-07-18,South,Product B,Core,CUST1376,Lost,Online,1,750,5,712.5,450.0,262.5
17602,2026-07-18,East,Product B,Core,CUST1018,At Risk,Retail Store,1,750,0,750.0,450.0,300.0
17603,2026-07-18,North,Product D,Accessory,CUST1477,At Risk,Online,2,1200,10,2160.0,1440.0,720.0
17604,2026-07-18,North,Product C,Accessory,CUST1114,Loyal,Online,1,300,0,300.0,180.0,120.0
17605,2026-07-18,North,Product C,Accessory,CUST1473,Champions,Online,4,300,0,1200.0,720.0,480.0
17606,2026-07-18,East,Product C,Accessory,CUST1105,At Risk,Online,3,300,0,900.0,540.0,360.0
17607,2026-07-18,South,Product C,Accessory,CUST1353,New,Online,3,300,0,900.0,540.0,360.0
17608,2026-07-18,East,Product A,Core,CUST1049,Champions,Online,4,500,10,1800.0,1200.0,600.0
17609,2026-07-18,South,Product B,Core,CUST1542,At Risk,Retail Store,4,750,20,2400.0,1800.0,600.0
17610,2026-07-18,South,Product C,Accessory,CUST1293,Champions,Retail Store,1,300,20,240.0,180.0,60.0
17611,2026-07-18,South,Product A,Core,CUST1006,At Risk,Online,3,500,5,1425.0,900.0,525.0
17612,2026-07-18,East,Product A,Core,CUST1293,Champions,Retail Store,4,500,0,2000.0,1200.0,800.0
17613,2026-07-18,South,Product C,Accessory,CUST1008,Champions,Partner,2,300,0,600.0,360.0,240.0
17614,2026-07-18,North,Product B,Core,CUST1557,New,Online,1,750,0,750.0,450.0,300.0
17615,2026-07-18,North,Product A,Core,CUST1421,Champions,Online,1,500,0,500.0,300.0,200.0
17616,2026-07-18,North,Product D,Accessory,CUST1234,Lost,Online,4,1200,15,4080.0,2880.0,1200.0
17617,2026-07-18,East,Product B,Core,CUST1222,At Risk,Partner,3,750,10,2025.0,1350.0,675.0
17618,2026-07-18,North,Product C,Accessory,CUST1146,Loyal,Online,4,300,10,1080.0,720.0,360.0
17619,2026-07-18,East,Product C,Accessory,CUST1401,Lost,Online,4,300,10,1080.0,720.0,360.0
17620,2026-07-18,East,Product A,Core,CUST1503,New,Retail Store,1,500,10,450.0,300.0,150.0
17621,2026-07-18,East,Product B,Core,CUST1101,At Risk,Online,3,750,5,2137.5,1350.0,787.5
17622,2026-07-18,East,Product C,Accessory,CUST1164,New,Retail Store,2,300,15,510.0,360.0,150.0
17623,2026-07-18,South,Product B,Core,CUST1163,Champions,Online,4,750,5,2850.0,1800.0,1050.0
17624,2026-07-18,South,Product D,Accessory,CUST1443,Loyal,Online,1,1200,0,1200.0,720.0,480.0
17625,2026-07-18,West,Product A,Core,CUST1275,Loyal,Online,3,500,5,1425.0,900.0,525.0
17626,2026-07-18,South,Product A,Core,CUST1026,New,Online,2,500,0,1000.0,600.0,400.0
17627,2026-07-18,South,Product B,Core,CUST1183,Loyal,Online,1,750,15,637.5,450.0,187.5
17628,2026-07-18,East,Product D,Accessory,CUST1170,Loyal,Retail Store,3,1200,0,3600.0,2160.0,1440.0
17629,2026-07-19,East,Product D,Accessory,CUST1240,At Risk,Online,3,1200,5,3420.0,2160.0,1260.0
17630,2026-07-19,East,Product A,Core,CUST1495,New,Retail Store,1,500,0,500.0,300.0,200.0
17631,2026-07-19,North,Product D,Accessory,CUST1120,New,Online,4,1200,15,4080.0,2880.0,1200.0
17632,2026-07-19,East,Product C,Accessory,CUST1302,New,Retail Store,4,300,0,1200.0,720.0,480.0
17633,2026-07-19,North,Product B,Core,CUST1402,At Risk,Online,1,750,0,750.0,450.0,300.0
17634,2026-07-19,West,Product A,Core,CUST1350,At Risk,Retail Store,3,500,20,1200.0,900.0,300.0
17635,2026-07-19,North,Product A,Core,CUST1540,Lost,Retail Store,3,500,0,1500.0,900.0,600.0
17636,2026-07-19,South,Product A,Core,CUST1036,Champions,Online,3,500,0,1500.0,900.0,600.0
17637,2026-07-19,East,Product A,Core,CUST1013,At Risk,Online,1,500,10,450.0,300.0,150.0
17638,2026-07-19,East,Product B,Core,CUST1123,New,Partner,2,750,0,1500.0,900.0,600.0
17639,2026-07-19,West,Product B,Core,CUST1388,Champions,Retail Store,4,750,5,2850.0,1800.0,1050.0
17640,2026-07-19,North,Product D,Accessory,CUST1596,At Risk,Online,3,1200,0,3600.0,2160.0,1440.0
17641,2026-07-19,North,Product A,Core,CUST1129,New,Retail Store,2,500,0,1000.0,600.0,400.0
17642,2026-07-19,North,Product C,Accessory,CUST1393,At Risk,Online,3,300,0,900.0,540.0,360.0
17643,2026-07-19,North,Product A,Core,CUST1207,At Risk,Retail Store,4,500,5,1900.0,1200.0,700.0
17644,2026-07-19,South,Product A,Core,CUST1155,At Risk,Retail Store,2,500,10,900.0,600.0,300.0
17645,2026-07-19,South,Product D,Accessory,CUST1033,Loyal,Online,1,1200,0,1200.0,720.0,480.0
17646,2026-07-19,West,Product A,Core,CUST1315,Loyal,Online,1,500,20,400.0,300.0,100.0
17647,2026-07-19,South,Product C,Accessory,CUST1301,Champions,Retail Store,4,300,0,1200.0,720.0,480.0
17648,2026-07-19,North,Product A,Core,CUST1559,New,Retail Store,4,500,0,2000.0,1200.0,800.0
17649,2026-07-19,North,Product B,Core,CUST1265,Loyal,Partner,2,750,5,1425.0,900.0,525.0
17650,2026-07-19,West,Product B,Core,CUST1218,Lost,Online,4,750,5,2850.0,1800.0,1050.0
17651,2026-07-19,West,Product B,Core,CUST1568,Loyal,Retail Store,2,750,0,1500.0,900.0,600.0
17652,2026-07-19,North,Product B,Core,CUST1520,Lost,Retail Store,4,750,20,2400.0,1800.0,600.0
17653,2026-07-19,North,Product A,Core,CUST1140,New,Retail Store,4,500,5,1900.0,1200.0,700.0
17654,2026-07-19,East,Product A,Core,CUST1555,Loyal,Online,4,500,5,1900.0,1200.0,700.0
17655,2026-07-19,North,Product A,Core,CUST1295,Lost,Online,1,500,5,475.0,300.0,175.0
17656,2026-07-19,South,Product B,Core,CUST1004,Champions,Retail Store,2,750,0,1500.0,900.0,600.0
17657,2026-07-19,East,Product B,Core,CUST1495,New,Retail Store,4,750,0,3000.0,1800.0,1200.0
17658,2026-07-19,North,Product D,Accessory,CUST1275,Loyal,Partner,4,1200,15,4080.0,2880.0,1200.0
17659,2026-07-19,South,Product B,Core,CUST1335,At Risk,Retail Store,2,750,10,1350.0,900.0,450.0
17660,2026-07-19,East,Product D,Accessory,CUST1394,Champions,Online,1,1200,10,1080.0,720.0,360.0
17661,2026-07-19,East,Product B,Core,CUST1244,At Risk,Online,2,750,10,1350.0,900.0,450.0
17662,2026-07-19,East,Product A,Core,CUST1429,At Risk,Online,1,500,0,500.0,300.0,200.0
17663,2026-07-19,North,Product A,Core,CUST1165,Loyal,Online,2,500,5,950.0,600.0,350.0
17664,2026-07-19,South,Product D,Accessory,CUST1316,Loyal,Retail Store,2,1200,0,2400.0,1440.0,960.0
17665,2026-07-19,North,Product A,Core,CUST1050,Loyal,Partner,4,500,10,1800.0,1200.0,600.0
17666,2026-07-19,North,Product B,Core,CUST1493,Loyal,Retail Store,1,750,5,712.5,450.0,262.5
17667,2026-07-19,East,Product A,Core,CUST1429,At Risk,Online,3,500,0,1500.0,900.0,600.0
17668,2026-07-19,South,Product A,Core,CUST1566,At Risk,Online,2,500,5,950.0,600.0,350.0
17669,2026-07-19,South,Product A,Core,CUST1401,Lost,Retail Store,2,500,10,900.0,600.0,300.0
17670,2026-07-19,North,Product A,Core,CUST1428,Champions,Online,4,500,0,2000.0,1200.0,800.0
17671,2026-07-19,West,Product B,Core,CUST1375,Champions,Online,1,750,0,750.0,450.0,300.0
17672,2026-07-19,West,Product B,Core,CUST1234,Lost,Retail Store,3,750,0,2250.0,1350.0,900.0
17673,2026-07-19,North,Product C,Accessory,CUST1089,New,Online,2,300,0,600.0,360.0,240.0
17674,2026-07-19,South,Product A,Core,CUST1575,New,Partner,4,500,15,1700.0,1200.0,500.0
17675,2026-07-19,South,Product A,Core,CUST1579,Loyal,Online,2,500,15,850.0,600.0,250.0
17676,2026-07-19,East,Product A,Core,CUST1202,New,Online,4,500,10,1800.0,1200.0,600.0
17677,2026-07-19,South,Product D,Accessory,CUST1420,At Risk,Online,4,1200,5,4560.0,2880.0,1680.0
17678,2026-07-19,North,Product C,Accessory,CUST1121,At Risk,Partner,2,300,0,600.0,360.0,240.0
17679,2026-07-19,North,Product B,Core,CUST1001,New,Online,2,750,5,1425.0,900.0,525.0
17680,2026-07-19,North,Product A,Core,CUST1312,Loyal,Retail Store,1,500,5,475.0,300.0,175.0
17681,2026-07-19,West,Product D,Accessory,CUST1345,At Risk,Retail Store,1,1200,0,1200.0,720.0,480.0
17682,2026-07-19,East,Product A,Core,CUST1272,Champions,Partner,1,500,5,475.0,300.0,175.0
17683,2026-07-19,South,Product D,Accessory,CUST1012,At Risk,Online,2,1200,0,2400.0,1440.0,960.0
17684,2026-07-20,South,Product B,Core,CUST1159,At Risk,Online,3,750,0,2250.0,1350.0,900.0
17685,2026-07-20,East,Product C,Accessory,CUST1435,Loyal,Online,2,300,5,570.0,360.0,210.0
17686,2026-07-20,North,Product B,Core,CUST1588,Loyal,Online,2,750,0,1500.0,900.0,600.0
17687,2026-07-20,North,Product B,Core,CUST1401,Lost,Retail Store,4,750,5,2850.0,1800.0,1050.0
17688,2026-07-20,North,Product A,Core,CUST1399,New,Retail Store,2,500,20,800.0,600.0,200.0
17689,2026-07-20,South,Product C,Accessory,CUST1247,New,Online,4,300,5,1140.0,720.0,420.0
17690,2026-07-20,East,Product B,Core,CUST1439,At Risk,Retail Store,4,750,0,3000.0,1800.0,1200.0
17691,2026-07-20,West,Product A,Core,CUST1090,Loyal,Online,1,500,5,475.0,300.0,175.0
17692,2026-07-20,North,Product A,Core,CUST1249,New,Online,3,500,5,1425.0,900.0,525.0
17693,2026-07-20,West,Product C,Accessory,CUST1271,Loyal,Retail Store,2,300,15,510.0,360.0,150.0
17694,2026-07-20,South,Product A,Core,CUST1246,At Risk,Retail Store,1,500,15,425.0,300.0,125.0
17695,2026-07-20,North,Product B,Core,CUST1274,At Risk,Online,1,750,20,600.0,450.0,150.0
17696,2026-07-20,South,Product C,Accessory,CUST1316,Loyal,Retail Store,4,300,20,960.0,720.0,240.0
17697,2026-07-20,North,Product A,Core,CUST1491,At Risk,Retail Store,1,500,10,450.0,300.0,150.0
17698,2026-07-20,South,Product C,Accessory,CUST1226,Champions,Online,3,300,0,900.0,540.0,360.0
17699,2026-07-20,East,Product D,Accessory,CUST1396,At Risk,Online,1,1200,15,1020.0,720.0,300.0
17700,2026-07-20,North,Product A,Core,CUST1252,New,Retail Store,4,500,20,1600.0,1200.0,400.0
17701,2026-07-20,East,Product A,Core,CUST1575,New,Retail Store,2,500,10,900.0,600.0,300.0
17702,2026-07-20,East,Product B,Core,CUST1271,Loyal,Retail Store,1,750,10,675.0,450.0,225.0
17703,2026-07-20,North,Product A,Core,CUST1274,At Risk,Retail Store,1,500,0,500.0,300.0,200.0
17704,2026-07-20,South,Product B,Core,CUST1498,Loyal,Online,4,750,15,2550.0,1800.0,750.0
17705,2026-07-20,South,Product B,Core,CUST1420,At Risk,Retail Store,1,750,5,712.5,450.0,262.5
17706,2026-07-20,North,Product A,Core,CUST1417,At Risk,Online,2,500,5,950.0,600.0,350.0
17707,2026-07-20,North,Product A,Core,CUST1357,At Risk,Online,4,500,5,1900.0,1200.0,700.0
17708,2026-07-20,North,Product B,Core,CUST1286,Champions,Retail Store,4,750,5,2850.0,1800.0,1050.0
17709,2026-07-20,North,Product A,Core,CUST1339,Lost,Retail Store,4,500,5,1900.0,1200.0,700.0
17710,2026-07-20,North,Product A,Core,CUST1203,Champions,Online,4,500,0,2000.0,1200.0,800.0
17711,2026-07-20,South,Product A,Core,CUST1412,Champions,Retail Store,1,500,10,450.0,300.0,150.0
17712,2026-07-20,West,Product D,Accessory,CUST1155,At Risk,Online,3,1200,5,3420.0,2160.0,1260.0
17713,2026-07-20,North,Product C,Accessory,CUST1138,At Risk,Online,4,300,0,1200.0,720.0,480.0
17714,2026-07-20,North,Product A,Core,CUST1588,Loyal,Online,4,500,5,1900.0,1200.0,700.0
17715,2026-07-20,South,Product A,Core,CUST1035,Loyal,Online,1,500,5,475.0,300.0,175.0
17716,2026-07-20,South,Product A,Core,CUST1387,Lost,Online,1,500,10,450.0,300.0,150.0
17717,2026-07-20,East,Product A,Core,CUST1043,Loyal,Online,4,500,10,1800.0,1200.0,600.0
17718,2026-07-20,South,Product C,Accessory,CUST1034,New,Retail Store,1,300,10,270.0,180.0,90.0
17719,2026-07-20,North,Product A,Core,CUST1075,Loyal,Online,3,500,0,1500.0,900.0,600.0
17720,2026-07-20,North,Product C,Accessory,CUST1534,Champions,Online,1,300,10,270.0,180.0,90.0
17721,2026-07-20,South,Product B,Core,CUST1364,At Risk,Online,3,750,0,2250.0,1350.0,900.0
17722,2026-07-20,North,Product D,Accessory,CUST1522,Loyal,Retail Store,3,1200,0,3600.0,2160.0,1440.0
17723,2026-07-20,East,Product B,Core,CUST1445,At Risk,Partner,4,750,5,2850.0,1800.0,1050.0
17724,2026-07-20,South,Product D,Accessory,CUST1133,Loyal,Online,2,1200,15,2040.0,1440.0,600.0
17725,2026-07-20,North,Product B,Core,CUST1363,Champions,Retail Store,3,750,5,2137.5,1350.0,787.5
17726,2026-07-20,South,Product D,Accessory,CUST1218,Lost,Retail Store,4,1200,0,4800.0,2880.0,1920.0
17727,2026-07-20,West,Product A,Core,CUST1086,At Risk,Partner,4,500,20,1600.0,1200.0,400.0
17728,2026-07-20,North,Product A,Core,CUST1119,At Risk,Online,3,500,5,1425.0,900.0,525.0
17729,2026-07-20,East,Product A,Core,CUST1292,Lost,Retail Store,2,500,0,1000.0,600.0,400.0
17730,2026-07-20,East,Product C,Accessory,CUST1015,Loyal,Retail Store,4,300,5,1140.0,720.0,420.0
17731,2026-07-20,West,Product B,Core,CUST1484,Champions,Online,4,750,0,3000.0,1800.0,1200.0
17732,2026-07-20,North,Product B,Core,CUST1216,Champions,Online,1,750,10,675.0,450.0,225.0
17733,2026-07-20,East,Product B,Core,CUST1257,Champions,Online,4,750,0,3000.0,1800.0,1200.0
17734,2026-07-20,East,Product A,Core,CUST1129,New,Retail Store,2,500,10,900.0,600.0,300.0
17735,2026-07-20,West,Product A,Core,CUST1262,Loyal,Retail Store,2,500,15,850.0,600.0,250.0
17736,2026-07-20,North,Product C,Accessory,CUST1263,Champions,Online,1,300,10,270.0,180.0,90.0
17737,2026-07-20,East,Product B,Core,CUST1461,Champions,Online,3,750,10,2025.0,1350.0,675.0
17738,2026-07-20,North,Product D,Accessory,CUST1386,At Risk,Retail Store,4,1200,10,4320.0,2880.0,1440.0
17739,2026-07-20,North,Product B,Core,CUST1363,Champions,Retail Store,2,750,0,1500.0,900.0,600.0
17740,2026-07-20,East,Product D,Accessory,CUST1416,Champions,Online,3,1200,15,3060.0,2160.0,900.0
17741,2026-07-20,West,Product C,Accessory,CUST1510,Champions,Online,2,300,0,600.0,360.0,240.0
17742,2026-07-21,East,Product D,Accessory,CUST1335,At Risk,Online,3,1200,0,3600.0,2160.0,1440.0
17743,2026-07-21,East,Product A,Core,CUST1525,Loyal,Online,1,500,5,475.0,300.0,175.0
17744,2026-07-21,East,Product A,Core,CUST1258,Champions,Online,3,500,5,1425.0,900.0,525.0
17745,2026-07-21,West,Product A,Core,CUST1075,Loyal,Online,3,500,0,1500.0,900.0,600.0
17746,2026-07-21,East,Product C,Accessory,CUST1128,Champions,Partner,3,300,10,810.0,540.0,270.0
17747,2026-07-21,North,Product B,Core,CUST1025,Loyal,Retail Store,3,750,5,2137.5,1350.0,787.5
17748,2026-07-21,East,Product B,Core,CUST1489,New,Online,4,750,5,2850.0,1800.0,1050.0
17749,2026-07-21,South,Product A,Core,CUST1000,At Risk,Retail Store,3,500,15,1275.0,900.0,375.0
17750,2026-07-21,South,Product B,Core,CUST1492,At Risk,Partner,4,750,0,3000.0,1800.0,1200.0
17751,2026-07-21,North,Product B,Core,CUST1468,Champions,Online,4,750,0,3000.0,1800.0,1200.0
17752,2026-07-21,East,Product B,Core,CUST1271,Loyal,Online,2,750,15,1275.0,900.0,375.0
17753,2026-07-21,West,Product B,Core,CUST1307,At Risk,Retail Store,4,750,5,2850.0,1800.0,1050.0
17754,2026-07-21,West,Product C,Accessory,CUST1011,Lost,Online,4,300,15,1020.0,720.0,300.0
17755,2026-07-21,East,Product C,Accessory,CUST1448,Champions,Online,4,300,5,1140.0,720.0,420.0
17756,2026-07-21,North,Product D,Accessory,CUST1220,Loyal,Online,3,1200,0,3600.0,2160.0,1440.0
17757,2026-07-21,South,Product A,Core,CUST1288,New,Retail Store,4,500,20,1600.0,1200.0,400.0
17758,2026-07-21,North,Product B,Core,CUST1087,New,Retail Store,4,750,0,3000.0,1800.0,1200.0
17759,2026-07-21,North,Product C,Accessory,CUST1461,Champions,Retail Store,3,300,0,900.0,540.0,360.0
17760,2026-07-21,South,Product B,Core,CUST1264,Lost,Retail Store,1,750,20,600.0,450.0,150.0
17761,2026-07-21,East,Product A,Core,CUST1352,New,Partner,3,500,0,1500.0,900.0,600.0
17762,2026-07-21,North,Product A,Core,CUST1000,At Risk,Partner,3,500,5,1425.0,900.0,525.0
17763,2026-07-21,East,Product D,Accessory,CUST1398,New,Retail Store,2,1200,15,2040.0,1440.0,600.0
17764,2026-07-21,West,Product B,Core,CUST1508,New,Partner,1,750,0,750.0,450.0,300.0
17765,2026-07-21,North,Product A,Core,CUST1274,At Risk,Online,3,500,10,1350.0,900.0,450.0
17766,2026-07-21,North,Product D,Accessory,CUST1541,New,Online,2,1200,0,2400.0,1440.0,960.0
17767,2026-07-21,North,Product B,Core,CUST1151,Lost,Online,3,750,0,2250.0,1350.0,900.0
17768,2026-07-21,North,Product B,Core,CUST1463,Loyal,Online,4,750,20,2400.0,1800.0,600.0
17769,2026-07-21,North,Product B,Core,CUST1240,At Risk,Retail Store,1,750,0,750.0,450.0,300.0
17770,2026-07-21,North,Product A,Core,CUST1372,Loyal,Retail Store,4,500,0,2000.0,1200.0,800.0
17771,2026-07-21,South,Product A,Core,CUST1062,New,Online,4,500,10,1800.0,1200.0,600.0
17772,2026-07-21,East,Product D,Accessory,CUST1594,Champions,Online,3,1200,0,3600.0,2160.0,1440.0
17773,2026-07-21,South,Product A,Core,CUST1278,Lost,Partner,2,500,0,1000.0,600.0,400.0
17774,2026-07-21,East,Product A,Core,CUST1547,Champions,Online,1,500,0,500.0,300.0,200.0
17775,2026-07-21,North,Product D,Accessory,CUST1023,Lost,Online,3,1200,20,2880.0,2160.0,720.0
17776,2026-07-21,North,Product A,Core,CUST1166,At Risk,Retail Store,4,500,10,1800.0,1200.0,600.0
17777,2026-07-21,South,Product B,Core,CUST1481,Loyal,Retail Store,1,750,0,750.0,450.0,300.0
17778,2026-07-21,East,Product B,Core,CUST1500,At Risk,Online,4,750,10,2700.0,1800.0,900.0
17779,2026-07-21,North,Product A,Core,CUST1437,New,Retail Store,4,500,5,1900.0,1200.0,700.0
17780,2026-07-21,East,Product D,Accessory,CUST1589,Champions,Retail Store,3,1200,10,3240.0,2160.0,1080.0
17781,2026-07-21,South,Product B,Core,CUST1138,At Risk,Online,3,750,0,2250.0,1350.0,900.0
17782,2026-07-21,East,Product B,Core,CUST1335,At Risk,Online,4,750,0,3000.0,1800.0,1200.0
17783,2026-07-21,East,Product B,Core,CUST1454,Champions,Partner,2,750,0,1500.0,900.0,600.0
17784,2026-07-21,South,Product B,Core,CUST1589,Champions,Online,3,750,0,2250.0,1350.0,900.0
17785,2026-07-21,East,Product B,Core,CUST1327,New,Online,4,750,20,2400.0,1800.0,600.0
17786,2026-07-21,South,Product B,Core,CUST1515,Loyal,Online,4,750,0,3000.0,1800.0,1200.0
17787,2026-07-21,North,Product C,Accessory,CUST1146,Loyal,Retail Store,1,300,0,300.0,180.0,120.0
17788,2026-07-21,North,Product C,Accessory,CUST1261,At Risk,Online,2,300,5,570.0,360.0,210.0
17789,2026-07-21,North,Product D,Accessory,CUST1063,At Risk,Online,1,1200,0,1200.0,720.0,480.0
17790,2026-07-21,East,Product D,Accessory,CUST1552,Loyal,Retail Store,3,1200,10,3240.0,2160.0,1080.0
17791,2026-07-21,North,Product A,Core,CUST1277,New,Partner,3,500,5,1425.0,900.0,525.0
17792,2026-07-21,North,Product C,Accessory,CUST1173,Lost,Partner,3,300,0,900.0,540.0,360.0
17793,2026-07-21,East,Product B,Core,CUST1378,Loyal,Retail Store,2,750,10,1350.0,900.0,450.0
17794,2026-07-21,North,Product A,Core,CUST1586,Loyal,Retail Store,2,500,5,950.0,600.0,350.0
17795,2026-07-21,South,Product C,Accessory,CUST1259,New,Retail Store,1,300,10,270.0,180.0,90.0
17796,2026-07-21,North,Product A,Core,CUST1071,New,Online,3,500,15,1275.0,900.0,375.0
17797,2026-07-21,North,Product D,Accessory,CUST1201,Lost,Online,1,1200,10,1080.0,720.0,360.0
17798,2026-07-21,West,Product A,Core,CUST1183,Loyal,Retail Store,4,500,20,1600.0,1200.0,400.0
17799,2026-07-21,East,Product C,Accessory,CUST1504,New,Retail Store,4,300,10,1080.0,720.0,360.0
17800,2026-07-21,North,Product A,Core,CUST1500,At Risk,Online,3,500,15,1275.0,900.0,375.0
17801,2026-07-21,East,Product D,Accessory,CUST1440,Lost,Online,2,1200,0,2400.0,1440.0,960.0
17802,2026-07-21,West,Product B,Core,CUST1564,At Risk,Online,4,750,10,2700.0,1800.0,900.0
17803,2026-07-21,East,Product B,Core,CUST1433,At Risk,Online,2,750,0,1500.0,900.0,600.0
17804,2026-07-22,South,Product C,Accessory,CUST1099,Lost,Partner,3,300,5,855.0,540.0,315.0
17805,2026-07-22,South,Product B,Core,CUST1530,At Risk,Online,4,750,5,2850.0,1800.0,1050.0
17806,2026-07-22,West,Product A,Core,CUST1245,Lost,Retail Store,1,500,5,475.0,300.0,175.0
17807,2026-07-22,South,Product B,Core,CUST1355,New,Online,3,750,0,2250.0,1350.0,900.0
17808,2026-07-22,East,Product B,Core,CUST1406,Loyal,Online,3,750,10,2025.0,1350.0,675.0
17809,2026-07-22,South,Product A,Core,CUST1539,At Risk,Retail Store,4,500,10,1800.0,1200.0,600.0
17810,2026-07-22,East,Product B,Core,CUST1253,Loyal,Online,2,750,10,1350.0,900.0,450.0
17811,2026-07-22,South,Product D,Accessory,CUST1502,Lost,Online,2,1200,5,2280.0,1440.0,840.0
17812,2026-07-22,East,Product A,Core,CUST1576,Lost,Retail Store,2,500,5,950.0,600.0,350.0
17813,2026-07-22,South,Product C,Accessory,CUST1368,Loyal,Online,4,300,10,1080.0,720.0,360.0
17814,2026-07-22,North,Product B,Core,CUST1129,New,Partner,2,750,5,1425.0,900.0,525.0
17815,2026-07-22,South,Product B,Core,CUST1083,Loyal,Online,1,750,10,675.0,450.0,225.0
17816,2026-07-22,East,Product D,Accessory,CUST1271,Loyal,Retail Store,1,1200,0,1200.0,720.0,480.0
17817,2026-07-22,South,Product A,Core,CUST1119,At Risk,Online,4,500,5,1900.0,1200.0,700.0
17818,2026-07-22,South,Product B,Core,CUST1112,Loyal,Retail Store,1,750,0,750.0,450.0,300.0
17819,2026-07-22,North,Product A,Core,CUST1261,At Risk,Online,2,500,0,1000.0,600.0,400.0
17820,2026-07-22,South,Product B,Core,CUST1110,New,Online,3,750,5,2137.5,1350.0,787.5
17821,2026-07-22,South,Product D,Accessory,CUST1232,Lost,Retail Store,3,1200,5,3420.0,2160.0,1260.0
17822,2026-07-22,South,Product A,Core,CUST1123,New,Retail Store,1,500,15,425.0,300.0,125.0
17823,2026-07-22,West,Product B,Core,CUST1108,Champions,Retail Store,4,750,15,2550.0,1800.0,750.0
17824,2026-07-22,West,Product B,Core,CUST1169,Lost,Retail Store,4,750,5,2850.0,1800.0,1050.0
17825,2026-07-22,North,Product D,Accessory,CUST1107,Loyal,Online,1,1200,0,1200.0,720.0,480.0
17826,2026-07-22,North,Product A,Core,CUST1159,At Risk,Online,4,500,15,1700.0,1200.0,500.0
17827,2026-07-22,South,Product B,Core,CUST1325,At Risk,Partner,2,750,10,1350.0,900.0,450.0
17828,2026-07-22,West,Product A,Core,CUST1226,Champions,Retail Store,4,500,5,1900.0,1200.0,700.0
17829,2026-07-22,West,Product B,Core,CUST1330,At Risk,Online,2,750,10,1350.0,900.0,450.0
17830,2026-07-22,North,Product B,Core,CUST1332,At Risk,Retail Store,1,750,0,750.0,450.0,300.0
17831,2026-07-22,North,Product A,Core,CUST1125,New,Online,4,500,0,2000.0,1200.0,800.0
17832,2026-07-22,North,Product C,Accessory,CUST1188,At Risk,Retail Store,2,300,5,570.0,360.0,210.0
17833,2026-07-22,East,Product A,Core,CUST1133,Loyal,Online,2,500,10,900.0,600.0,300.0
17834,2026-07-22,East,Product B,Core,CUST1528,At Risk,Online,3,750,10,2025.0,1350.0,675.0
17835,2026-07-22,North,Product D,Accessory,CUST1185,At Risk,Online,2,1200,10,2160.0,1440.0,720.0
17836,2026-07-22,North,Product A,Core,CUST1317,At Risk,Partner,4,500,0,2000.0,1200.0,800.0
17837,2026-07-22,East,Product B,Core,CUST1277,New,Online,1,750,0,750.0,450.0,300.0
17838,2026-07-22,North,Product A,Core,CUST1098,Champions,Retail Store,3,500,10,1350.0,900.0,450.0
17839,2026-07-22,North,Product B,Core,CUST1519,At Risk,Online,1,750,0,750.0,450.0,300.0
17840,2026-07-22,West,Product C,Accessory,CUST1515,Loyal,Partner,2,300,10,540.0,360.0,180.0
17841,2026-07-22,East,Product A,Core,CUST1058,Champions,Retail Store,1,500,10,450.0,300.0,150.0
17842,2026-07-23,West,Product B,Core,CUST1551,Loyal,Online,2,750,5,1425.0,900.0,525.0
17843,2026-07-23,South,Product A,Core,CUST1530,At Risk,Online,3,500,5,1425.0,900.0,525.0
17844,2026-07-23,South,Product A,Core,CUST1400,Loyal,Online,3,500,5,1425.0,900.0,525.0
17845,2026-07-23,South,Product A,Core,CUST1295,Lost,Partner,4,500,0,2000.0,1200.0,800.0
17846,2026-07-23,North,Product C,Accessory,CUST1435,Loyal,Online,3,300,15,765.0,540.0,225.0
17847,2026-07-23,North,Product C,Accessory,CUST1146,Loyal,Online,4,300,20,960.0,720.0,240.0
17848,2026-07-23,East,Product B,Core,CUST1133,Loyal,Retail Store,3,750,0,2250.0,1350.0,900.0
17849,2026-07-23,North,Product B,Core,CUST1316,Loyal,Retail Store,3,750,5,2137.5,1350.0,787.5
17850,2026-07-23,South,Product C,Accessory,CUST1088,Loyal,Online,1,300,0,300.0,180.0,120.0
17851,2026-07-23,West,Product D,Accessory,CUST1362,Champions,Retail Store,3,1200,5,3420.0,2160.0,1260.0
17852,2026-07-23,South,Product A,Core,CUST1439,At Risk,Online,1,500,20,400.0,300.0,100.0
17853,2026-07-23,East,Product C,Accessory,CUST1063,At Risk,Retail Store,4,300,10,1080.0,720.0,360.0
17854,2026-07-23,East,Product A,Core,CUST1565,At Risk,Retail Store,1,500,0,500.0,300.0,200.0
17855,2026-07-23,East,Product C,Accessory,CUST1163,Champions,Online,4,300,0,1200.0,720.0,480.0
17856,2026-07-23,West,Product D,Accessory,CUST1089,New,Retail Store,2,1200,15,2040.0,1440.0,600.0
17857,2026-07-23,South,Product B,Core,CUST1175,Champions,Retail Store,4,750,20,2400.0,1800.0,600.0
17858,2026-07-23,West,Product A,Core,CUST1235,At Risk,Retail Store,2,500,0,1000.0,600.0,400.0
17859,2026-07-23,North,Product D,Accessory,CUST1489,New,Online,4,1200,10,4320.0,2880.0,1440.0
17860,2026-07-23,North,Product A,Core,CUST1518,Champions,Retail Store,4,500,5,1900.0,1200.0,700.0
17861,2026-07-23,South,Product A,Core,CUST1440,Lost,Online,4,500,5,1900.0,1200.0,700.0
17862,2026-07-23,South,Product B,Core,CUST1123,New,Online,2,750,10,1350.0,900.0,450.0
17863,2026-07-23,West,Product A,Core,CUST1028,Loyal,Online,3,500,5,1425.0,900.0,525.0
17864,2026-07-23,West,Product C,Accessory,CUST1361,Champions,Retail Store,2,300,0,600.0,360.0,240.0
17865,2026-07-23,North,Product A,Core,CUST1541,New,Online,2,500,5,950.0,600.0,350.0
17866,2026-07-23,North,Product B,Core,CUST1474,Loyal,Online,2,750,0,1500.0,900.0,600.0
17867,2026-07-23,East,Product A,Core,CUST1542,At Risk,Online,4,500,10,1800.0,1200.0,600.0
17868,2026-07-23,North,Product D,Accessory,CUST1339,Lost,Partner,1,1200,10,1080.0,720.0,360.0
17869,2026-07-23,South,Product A,Core,CUST1124,Champions,Online,1,500,5,475.0,300.0,175.0
17870,2026-07-23,East,Product B,Core,CUST1586,Loyal,Online,3,750,10,2025.0,1350.0,675.0
17871,2026-07-23,North,Product C,Accessory,CUST1589,Champions,Online,2,300,10,540.0,360.0,180.0
17872,2026-07-23,South,Product B,Core,CUST1198,Loyal,Online,3,750,10,2025.0,1350.0,675.0
17873,2026-07-23,North,Product B,Core,CUST1102,Loyal,Retail Store,3,750,5,2137.5,1350.0,787.5
17874,2026-07-23,North,Product A,Core,CUST1106,New,Retail Store,3,500,0,1500.0,900.0,600.0
17875,2026-07-23,North,Product B,Core,CUST1297,At Risk,Online,3,750,10,2025.0,1350.0,675.0
17876,2026-07-23,West,Product A,Core,CUST1458,At Risk,Retail Store,4,500,15,1700.0,1200.0,500.0
17877,2026-07-23,South,Product D,Accessory,CUST1495,New,Online,2,1200,20,1920.0,1440.0,480.0
17878,2026-07-23,West,Product A,Core,CUST1430,Lost,Partner,2,500,5,950.0,600.0,350.0
17879,2026-07-23,South,Product A,Core,CUST1311,New,Online,2,500,10,900.0,600.0,300.0
17880,2026-07-23,South,Product B,Core,CUST1023,Lost,Retail Store,1,750,5,712.5,450.0,262.5
17881,2026-07-23,West,Product C,Accessory,CUST1141,New,Retail Store,1,300,0,300.0,180.0,120.0
17882,2026-07-23,North,Product C,Accessory,CUST1556,Loyal,Online,1,300,0,300.0,180.0,120.0
17883,2026-07-23,East,Product B,Core,CUST1045,At Risk,Online,2,750,10,1350.0,900.0,450.0
17884,2026-07-23,West,Product B,Core,CUST1053,At Risk,Online,3,750,0,2250.0,1350.0,900.0
17885,2026-07-23,South,Product A,Core,CUST1449,At Risk,Online,3,500,5,1425.0,900.0,525.0
17886,2026-07-23,West,Product A,Core,CUST1132,New,Online,3,500,5,1425.0,900.0,525.0
17887,2026-07-23,North,Product D,Accessory,CUST1505,At Risk,Partner,2,1200,10,2160.0,1440.0,720.0
17888,2026-07-23,North,Product A,Core,CUST1287,Loyal,Online,4,500,10,1800.0,1200.0,600.0
17889,2026-07-23,South,Product A,Core,CUST1416,Champions,Retail Store,4,500,15,1700.0,1200.0,500.0
17890,2026-07-23,East,Product C,Accessory,CUST1131,Lost,Online,3,300,15,765.0,540.0,225.0
17891,2026-07-23,West,Product C,Accessory,CUST1163,Champions,Online,4,300,0,1200.0,720.0,480.0
17892,2026-07-23,North,Product B,Core,CUST1539,At Risk,Online,2,750,5,1425.0,900.0,525.0
17893,2026-07-23,North,Product A,Core,CUST1455,Loyal,Online,2,500,0,1000.0,600.0,400.0
17894,2026-07-23,West,Product A,Core,CUST1232,Lost,Retail Store,2,500,0,1000.0,600.0,400.0
17895,2026-07-23,South,Product C,Accessory,CUST1418,Loyal,Partner,1,300,5,285.0,180.0,105.0
17896,2026-07-23,East,Product D,Accessory,CUST1353,New,Online,4,1200,5,4560.0,2880.0,1680.0
17897,2026-07-23,South,Product B,Core,CUST1483,Loyal,Online,4,750,5,2850.0,1800.0,1050.0
17898,2026-07-23,North,Product B,Core,CUST1459,At Risk,Retail Store,1,750,0,750.0,450.0,300.0
17899,2026-07-23,East,Product B,Core,CUST1219,Loyal,Retail Store,2,750,0,1500.0,900.0,600.0
17900,2026-07-23,East,Product B,Core,CUST1440,Lost,Retail Store,3,750,0,2250.0,1350.0,900.0
17901,2026-07-23,South,Product B,Core,CUST1536,New,Retail Store,1,750,10,675.0,450.0,225.0
17902,2026-07-23,North,Product C,Accessory,CUST1491,At Risk,Online,2,300,5,570.0,360.0,210.0
17903,2026-07-23,South,Product C,Accessory,CUST1508,New,Online,1,300,0,300.0,180.0,120.0
17904,2026-07-24,East,Product B,Core,CUST1558,New,Online,2,750,0,1500.0,900.0,600.0
17905,2026-07-24,East,Product C,Accessory,CUST1290,At Risk,Online,4,300,5,1140.0,720.0,420.0
17906,2026-07-24,East,Product C,Accessory,CUST1437,New,Online,1,300,15,255.0,180.0,75.0
17907,2026-07-24,North,Product D,Accessory,CUST1267,Loyal,Online,3,1200,15,3060.0,2160.0,900.0
17908,2026-07-24,North,Product B,Core,CUST1407,At Risk,Online,1,750,5,712.5,450.0,262.5
17909,2026-07-24,East,Product B,Core,CUST1113,New,Online,3,750,0,2250.0,1350.0,900.0
17910,2026-07-24,East,Product C,Accessory,CUST1493,Loyal,Online,4,300,0,1200.0,720.0,480.0
17911,2026-07-24,West,Product D,Accessory,CUST1223,Lost,Online,3,1200,5,3420.0,2160.0,1260.0
17912,2026-07-24,West,Product A,Core,CUST1394,Champions,Online,4,500,10,1800.0,1200.0,600.0
17913,2026-07-24,North,Product A,Core,CUST1271,Loyal,Retail Store,2,500,5,950.0,600.0,350.0
17914,2026-07-24,West,Product A,Core,CUST1014,New,Online,4,500,0,2000.0,1200.0,800.0
17915,2026-07-24,South,Product D,Accessory,CUST1249,New,Online,3,1200,20,2880.0,2160.0,720.0
17916,2026-07-24,East,Product C,Accessory,CUST1581,New,Online,3,300,0,900.0,540.0,360.0
17917,2026-07-24,East,Product A,Core,CUST1264,Lost,Online,3,500,5,1425.0,900.0,525.0
17918,2026-07-24,West,Product B,Core,CUST1066,New,Online,2,750,0,1500.0,900.0,600.0
17919,2026-07-24,North,Product B,Core,CUST1446,Lost,Partner,2,750,10,1350.0,900.0,450.0
17920,2026-07-24,North,Product C,Accessory,CUST1193,At Risk,Retail Store,3,300,0,900.0,540.0,360.0
17921,2026-07-24,West,Product D,Accessory,CUST1194,Loyal,Online,3,1200,5,3420.0,2160.0,1260.0
17922,2026-07-24,East,Product A,Core,CUST1384,Loyal,Partner,4,500,0,2000.0,1200.0,800.0
17923,2026-07-24,North,Product B,Core,CUST1264,Lost,Online,2,750,0,1500.0,900.0,600.0
17924,2026-07-24,North,Product B,Core,CUST1144,New,Partner,3,750,0,2250.0,1350.0,900.0
17925,2026-07-24,East,Product A,Core,CUST1052,At Risk,Online,2,500,10,900.0,600.0,300.0
17926,2026-07-24,North,Product A,Core,CUST1094,Loyal,Retail Store,3,500,0,1500.0,900.0,600.0
17927,2026-07-24,East,Product B,Core,CUST1142,Lost,Online,1,750,20,600.0,450.0,150.0
17928,2026-07-24,East,Product C,Accessory,CUST1557,New,Online,3,300,20,720.0,540.0,180.0
17929,2026-07-24,North,Product C,Accessory,CUST1215,At Risk,Retail Store,2,300,10,540.0,360.0,180.0
17930,2026-07-24,West,Product C,Accessory,CUST1423,Champions,Online,2,300,5,570.0,360.0,210.0
17931,2026-07-24,North,Product B,Core,CUST1510,Champions,Retail Store,1,750,10,675.0,450.0,225.0
17932,2026-07-24,East,Product D,Accessory,CUST1184,At Risk,Retail Store,2,1200,0,2400.0,1440.0,960.0
17933,2026-07-24,West,Product D,Accessory,CUST1139,Champions,Online,1,1200,0,1200.0,720.0,480.0
17934,2026-07-24,South,Product A,Core,CUST1379,At Risk,Online,4,500,5,1900.0,1200.0,700.0
17935,2026-07-24,East,Product C,Accessory,CUST1568,Loyal,Retail Store,2,300,5,570.0,360.0,210.0
17936,2026-07-24,North,Product A,Core,CUST1298,At Risk,Online,4,500,5,1900.0,1200.0,700.0
17937,2026-07-24,West,Product C,Accessory,CUST1296,Lost,Online,4,300,10,1080.0,720.0,360.0
17938,2026-07-24,South,Product D,Accessory,CUST1022,Lost,Retail Store,3,1200,15,3060.0,2160.0,900.0
17939,2026-07-24,West,Product A,Core,CUST1216,Champions,Retail Store,1,500,0,500.0,300.0,200.0
17940,2026-07-24,South,Product A,Core,CUST1321,New,Retail Store,3,500,0,1500.0,900.0,600.0
17941,2026-07-24,South,Product B,Core,CUST1437,New,Online,4,750,20,2400.0,1800.0,600.0
17942,2026-07-24,South,Product C,Accessory,CUST1020,At Risk,Online,1,300,0,300.0,180.0,120.0
17943,2026-07-24,East,Product D,Accessory,CUST1286,Champions,Online,1,1200,10,1080.0,720.0,360.0
17944,2026-07-24,South,Product B,Core,CUST1435,Loyal,Retail Store,2,750,5,1425.0,900.0,525.0
17945,2026-07-24,South,Product A,Core,CUST1048,At Risk,Online,3,500,5,1425.0,900.0,525.0
17946,2026-07-24,East,Product B,Core,CUST1290,At Risk,Online,4,750,5,2850.0,1800.0,1050.0
17947,2026-07-24,South,Product C,Accessory,CUST1378,Loyal,Online,3,300,5,855.0,540.0,315.0
17948,2026-07-24,North,Product C,Accessory,CUST1541,New,Retail Store,4,300,0,1200.0,720.0,480.0
17949,2026-07-24,South,Product B,Core,CUST1582,Champions,Online,4,750,0,3000.0,1800.0,1200.0
17950,2026-07-24,North,Product B,Core,CUST1199,Loyal,Online,1,750,0,750.0,450.0,300.0
17951,2026-07-24,West,Product C,Accessory,CUST1269,Champions,Online,3,300,0,900.0,540.0,360.0
17952,2026-07-24,East,Product A,Core,CUST1158,At Risk,Online,2,500,5,950.0,600.0,350.0
17953,2026-07-24,East,Product B,Core,CUST1334,Champions,Online,3,750,5,2137.5,1350.0,787.5
17954,2026-07-24,East,Product A,Core,CUST1127,Champions,Online,4,500,0,2000.0,1200.0,800.0
17955,2026-07-25,South,Product A,Core,CUST1081,New,Online,2,500,0,1000.0,600.0,400.0
17956,2026-07-25,South,Product C,Accessory,CUST1077,At Risk,Online,4,300,20,960.0,720.0,240.0
17957,2026-07-25,North,Product D,Accessory,CUST1182,New,Retail Store,4,1200,15,4080.0,2880.0,1200.0
17958,2026-07-25,South,Product A,Core,CUST1530,At Risk,Online,4,500,5,1900.0,1200.0,700.0
17959,2026-07-25,East,Product D,Accessory,CUST1256,At Risk,Retail Store,3,1200,0,3600.0,2160.0,1440.0
17960,2026-07-25,East,Product B,Core,CUST1508,New,Online,2,750,0,1500.0,900.0,600.0
17961,2026-07-25,East,Product A,Core,CUST1160,Champions,Retail Store,3,500,10,1350.0,900.0,450.0
17962,2026-07-25,West,Product B,Core,CUST1522,Loyal,Retail Store,4,750,10,2700.0,1800.0,900.0
17963,2026-07-25,East,Product C,Accessory,CUST1060,At Risk,Online,2,300,15,510.0,360.0,150.0
17964,2026-07-25,West,Product B,Core,CUST1168,Loyal,Online,2,750,0,1500.0,900.0,600.0
17965,2026-07-25,West,Product B,Core,CUST1450,Champions,Online,2,750,5,1425.0,900.0,525.0
17966,2026-07-25,East,Product B,Core,CUST1423,Champions,Online,3,750,0,2250.0,1350.0,900.0
17967,2026-07-25,South,Product C,Accessory,CUST1024,At Risk,Retail Store,1,300,0,300.0,180.0,120.0
17968,2026-07-25,North,Product A,Core,CUST1538,Loyal,Online,2,500,0,1000.0,600.0,400.0
17969,2026-07-25,South,Product D,Accessory,CUST1085,Champions,Retail Store,2,1200,10,2160.0,1440.0,720.0
17970,2026-07-25,North,Product A,Core,CUST1398,New,Online,4,500,5,1900.0,1200.0,700.0
17971,2026-07-25,North,Product D,Accessory,CUST1582,Champions,Retail Store,4,1200,20,3840.0,2880.0,960.0
17972,2026-07-25,East,Product B,Core,CUST1012,At Risk,Retail Store,3,750,5,2137.5,1350.0,787.5
17973,2026-07-25,East,Product A,Core,CUST1442,At Risk,Online,1,500,5,475.0,300.0,175.0
17974,2026-07-25,East,Product C,Accessory,CUST1238,Champions,Online,3,300,5,855.0,540.0,315.0
17975,2026-07-25,North,Product C,Accessory,CUST1566,At Risk,Retail Store,2,300,10,540.0,360.0,180.0
17976,2026-07-25,South,Product A,Core,CUST1257,Champions,Online,3,500,0,1500.0,900.0,600.0
17977,2026-07-25,South,Product B,Core,CUST1205,Loyal,Online,2,750,0,1500.0,900.0,600.0
17978,2026-07-25,South,Product B,Core,CUST1156,Loyal,Online,2,750,0,1500.0,900.0,600.0
17979,2026-07-25,South,Product B,Core,CUST1044,At Risk,Online,3,750,5,2137.5,1350.0,787.5
17980,2026-07-25,South,Product C,Accessory,CUST1218,Lost,Online,3,300,10,810.0,540.0,270.0
17981,2026-07-25,West,Product D,Accessory,CUST1239,Champions,Retail Store,1,1200,0,1200.0,720.0,480.0
17982,2026-07-25,South,Product B,Core,CUST1460,New,Online,2,750,10,1350.0,900.0,450.0
17983,2026-07-25,East,Product B,Core,CUST1111,Loyal,Online,3,750,10,2025.0,1350.0,675.0
17984,2026-07-25,North,Product D,Accessory,CUST1082,At Risk,Retail Store,3,1200,10,3240.0,2160.0,1080.0
17985,2026-07-25,East,Product C,Accessory,CUST1128,Champions,Online,1,300,0,300.0,180.0,120.0
17986,2026-07-25,West,Product B,Core,CUST1228,At Risk,Online,2,750,15,1275.0,900.0,375.0
17987,2026-07-25,East,Product A,Core,CUST1190,Lost,Partner,4,500,10,1800.0,1200.0,600.0
17988,2026-07-25,East,Product C,Accessory,CUST1041,At Risk,Retail Store,3,300,10,810.0,540.0,270.0
17989,2026-07-25,South,Product A,Core,CUST1498,Loyal,Online,2,500,10,900.0,600.0,300.0
17990,2026-07-25,West,Product A,Core,CUST1507,At Risk,Retail Store,2,500,0,1000.0,600.0,400.0
17991,2026-07-25,South,Product C,Accessory,CUST1490,At Risk,Retail Store,2,300,5,570.0,360.0,210.0
17992,2026-07-25,East,Product A,Core,CUST1473,Champions,Online,1,500,5,475.0,300.0,175.0
17993,2026-07-25,North,Product C,Accessory,CUST1174,Loyal,Retail Store,3,300,0,900.0,540.0,360.0
17994,2026-07-25,North,Product A,Core,CUST1504,New,Online,4,500,10,1800.0,1200.0,600.0
17995,2026-07-25,North,Product B,Core,CUST1160,Champions,Online,2,750,5,1425.0,900.0,525.0
17996,2026-07-25,East,Product A,Core,CUST1109,Lost,Retail Store,2,500,0,1000.0,600.0,400.0
17997,2026-07-25,East,Product B,Core,CUST1380,New,Online,2,750,0,1500.0,900.0,600.0
17998,2026-07-25,West,Product A,Core,CUST1419,Lost,Retail Store,1,500,0,500.0,300.0,200.0
17999,2026-07-25,South,Product B,Core,CUST1507,At Risk,Retail Store,1,750,0,750.0,450.0,300.0
18000,2026-07-25,East,Product A,Core,CUST1263,Champions,Retail Store,4,500,15,1700.0,1200.0,500.0
18001,2026-07-25,West,Product C,Accessory,CUST1168,Loyal,Retail Store,4,300,10,1080.0,720.0,360.0
18002,2026-07-25,North,Product C,Accessory,CUST1485,New,Partner,3,300,0,900.0,540.0,360.0
18003,2026-07-25,North,Product A,Core,CUST1428,Champions,Retail Store,2,500,0,1000.0,600.0,400.0
18004,2026-07-25,South,Product C,Accessory,CUST1141,New,Online,2,300,5,570.0,360.0,210.0
18005,2026-07-25,North,Product C,Accessory,CUST1103,Lost,Online,4,300,10,1080.0,720.0,360.0
18006,2026-07-25,North,Product A,Core,CUST1132,New,Online,1,500,15,425.0,300.0,125.0
18007,2026-07-25,North,Product D,Accessory,CUST1501,Lost,Online,3,1200,10,3240.0,2160.0,1080.0
18008,2026-07-25,West,Product A,Core,CUST1223,Lost,Online,2,500,0,1000.0,600.0,400.0
18009,2026-07-25,North,Product C,Accessory,CUST1341,Lost,Retail Store,1,300,5,285.0,180.0,105.0
18010,2026-07-25,South,Product C,Accessory,CUST1133,Loyal,Online,1,300,0,300.0,180.0,120.0
18011,2026-07-25,North,Product B,Core,CUST1265,Loyal,Online,1,750,0,750.0,450.0,300.0
18012,2026-07-25,North,Product A,Core,CUST1074,Champions,Online,2,500,0,1000.0,600.0,400.0
18013,2026-07-25,West,Product A,Core,CUST1580,New,Retail Store,2,500,10,900.0,600.0,300.0
18014,2026-07-25,South,Product A,Core,CUST1061,New,Retail Store,3,500,0,1500.0,900.0,600.0
18015,2026-07-25,North,Product B,Core,CUST1206,Champions,Online,3,750,15,1912.5,1350.0,562.5
18016,2026-07-25,East,Product A,Core,CUST1322,Loyal,Retail Store,1,500,10,450.0,300.0,150.0
18017,2026-07-25,South,Product A,Core,CUST1178,Lost,Online,4,500,15,1700.0,1200.0,500.0
18018,2026-07-25,South,Product B,Core,CUST1020,At Risk,Online,1,750,10,675.0,450.0,225.0
18019,2026-07-25,South,Product B,Core,CUST1272,Champions,Retail Store,1,750,0,750.0,450.0,300.0
18020,2026-07-25,South,Product B,Core,CUST1546,Loyal,Partner,2,750,20,1200.0,900.0,300.0
18021,2026-07-25,South,Product A,Core,CUST1182,New,Online,4,500,15,1700.0,1200.0,500.0
18022,2026-07-25,North,Product C,Accessory,CUST1436,Champions,Retail Store,4,300,0,1200.0,720.0,480.0
18023,2026-07-25,South,Product A,Core,CUST1506,Loyal,Online,4,500,0,2000.0,1200.0,800.0
18024,2026-07-25,North,Product C,Accessory,CUST1588,Loyal,Partner,4,300,10,1080.0,720.0,360.0
18025,2026-07-25,South,Product C,Accessory,CUST1253,Loyal,Online,4,300,5,1140.0,720.0,420.0
18026,2026-07-25,South,Product B,Core,CUST1415,Loyal,Online,2,750,0,1500.0,900.0,600.0
18027,2026-07-25,East,Product B,Core,CUST1597,At Risk,Online,4,750,20,2400.0,1800.0,600.0
18028,2026-07-26,West,Product C,Accessory,CUST1529,Loyal,Online,1,300,0,300.0,180.0,120.0
18029,2026-07-26,East,Product C,Accessory,CUST1470,New,Online,1,300,5,285.0,180.0,105.0
18030,2026-07-26,East,Product A,Core,CUST1170,Loyal,Retail Store,1,500,0,500.0,300.0,200.0
18031,2026-07-26,East,Product B,Core,CUST1446,Lost,Retail Store,3,750,0,2250.0,1350.0,900.0
18032,2026-07-26,West,Product C,Accessory,CUST1183,Loyal,Retail Store,2,300,5,570.0,360.0,210.0
18033,2026-07-26,East,Product C,Accessory,CUST1455,Loyal,Retail Store,1,300,0,300.0,180.0,120.0
18034,2026-07-26,South,Product B,Core,CUST1132,New,Retail Store,4,750,0,3000.0,1800.0,1200.0
18035,2026-07-26,South,Product C,Accessory,CUST1134,New,Partner,1,300,10,270.0,180.0,90.0
18036,2026-07-26,West,Product A,Core,CUST1028,Loyal,Online,2,500,20,800.0,600.0,200.0
18037,2026-07-26,North,Product C,Accessory,CUST1485,New,Retail Store,3,300,10,810.0,540.0,270.0
18038,2026-07-26,North,Product C,Accessory,CUST1179,At Risk,Retail Store,3,300,10,810.0,540.0,270.0
18039,2026-07-26,South,Product C,Accessory,CUST1450,Champions,Retail Store,2,300,0,600.0,360.0,240.0
18040,2026-07-26,North,Product D,Accessory,CUST1169,Lost,Online,3,1200,10,3240.0,2160.0,1080.0
18041,2026-07-26,East,Product B,Core,CUST1440,Lost,Online,4,750,5,2850.0,1800.0,1050.0
18042,2026-07-26,East,Product A,Core,CUST1234,Lost,Partner,1,500,15,425.0,300.0,125.0
18043,2026-07-26,West,Product C,Accessory,CUST1232,Lost,Retail Store,1,300,0,300.0,180.0,120.0
18044,2026-07-26,South,Product A,Core,CUST1230,Champions,Online,1,500,0,500.0,300.0,200.0
18045,2026-07-26,East,Product D,Accessory,CUST1230,Champions,Online,2,1200,0,2400.0,1440.0,960.0
18046,2026-07-26,East,Product A,Core,CUST1230,Champions,Online,3,500,10,1350.0,900.0,450.0
18047,2026-07-26,East,Product A,Core,CUST1129,New,Online,4,500,0,2000.0,1200.0,800.0
18048,2026-07-26,East,Product B,Core,CUST1562,At Risk,Online,4,750,10,2700.0,1800.0,900.0
18049,2026-07-26,East,Product A,Core,CUST1041,At Risk,Retail Store,1,500,5,475.0,300.0,175.0
18050,2026-07-26,West,Product B,Core,CUST1269,Champions,Partner,3,750,0,2250.0,1350.0,900.0
18051,2026-07-26,West,Product A,Core,CUST1391,Champions,Online,3,500,20,1200.0,900.0,300.0
18052,2026-07-26,West,Product D,Accessory,CUST1264,Lost,Retail Store,2,1200,0,2400.0,1440.0,960.0
18053,2026-07-26,South,Product C,Accessory,CUST1392,New,Online,1,300,10,270.0,180.0,90.0
18054,2026-07-26,East,Product B,Core,CUST1092,New,Partner,3,750,10,2025.0,1350.0,675.0
18055,2026-07-26,East,Product B,Core,CUST1597,At Risk,Online,1,750,5,712.5,450.0,262.5
18056,2026-07-26,North,Product A,Core,CUST1057,New,Online,4,500,20,1600.0,1200.0,400.0
18057,2026-07-26,North,Product C,Accessory,CUST1168,Loyal,Online,1,300,15,255.0,180.0,75.0
18058,2026-07-26,East,Product A,Core,CUST1550,New,Retail Store,4,500,5,1900.0,1200.0,700.0
18059,2026-07-26,South,Product B,Core,CUST1290,At Risk,Retail Store,1,750,10,675.0,450.0,225.0
18060,2026-07-26,West,Product C,Accessory,CUST1293,Champions,Partner,4,300,5,1140.0,720.0,420.0
18061,2026-07-26,West,Product C,Accessory,CUST1442,At Risk,Retail Store,2,300,10,540.0,360.0,180.0
18062,2026-07-26,North,Product B,Core,CUST1435,Loyal,Online,1,750,10,675.0,450.0,225.0
18063,2026-07-26,East,Product A,Core,CUST1066,New,Online,1,500,5,475.0,300.0,175.0
18064,2026-07-26,East,Product B,Core,CUST1075,Loyal,Online,1,750,15,637.5,450.0,187.5
18065,2026-07-26,East,Product A,Core,CUST1377,New,Online,1,500,0,500.0,300.0,200.0
18066,2026-07-26,East,Product A,Core,CUST1163,Champions,Retail Store,4,500,20,1600.0,1200.0,400.0
18067,2026-07-26,West,Product B,Core,CUST1293,Champions,Retail Store,3,750,0,2250.0,1350.0,900.0
18068,2026-07-26,South,Product B,Core,CUST1013,At Risk,Online,3,750,5,2137.5,1350.0,787.5
18069,2026-07-26,West,Product A,Core,CUST1435,Loyal,Partner,4,500,5,1900.0,1200.0,700.0
18070,2026-07-26,East,Product A,Core,CUST1320,Lost,Retail Store,3,500,0,1500.0,900.0,600.0
18071,2026-07-26,West,Product A,Core,CUST1234,Lost,Online,4,500,0,2000.0,1200.0,800.0
18072,2026-07-26,West,Product B,Core,CUST1453,Loyal,Retail Store,1,750,15,637.5,450.0,187.5
18073,2026-07-26,North,Product B,Core,CUST1413,Lost,Retail Store,3,750,10,2025.0,1350.0,675.0
18074,2026-07-26,North,Product C,Accessory,CUST1196,New,Retail Store,1,300,10,270.0,180.0,90.0
18075,2026-07-26,North,Product C,Accessory,CUST1132,New,Partner,3,300,10,810.0,540.0,270.0
18076,2026-07-26,East,Product D,Accessory,CUST1283,Loyal,Online,2,1200,15,2040.0,1440.0,600.0
18077,2026-07-26,South,Product C,Accessory,CUST1385,Lost,Partner,2,300,5,570.0,360.0,210.0
18078,2026-07-26,South,Product C,Accessory,CUST1542,At Risk,Online,1,300,10,270.0,180.0,90.0
18079,2026-07-26,South,Product A,Core,CUST1088,Loyal,Online,3,500,20,1200.0,900.0,300.0
18080,2026-07-26,West,Product D,Accessory,CUST1200,At Risk,Retail Store,4,1200,0,4800.0,2880.0,1920.0
18081,2026-07-27,East,Product D,Accessory,CUST1581,New,Online,4,1200,5,4560.0,2880.0,1680.0
18082,2026-07-27,North,Product D,Accessory,CUST1346,Lost,Retail Store,4,1200,0,4800.0,2880.0,1920.0
18083,2026-07-27,North,Product B,Core,CUST1306,Loyal,Online,4,750,10,2700.0,1800.0,900.0
18084,2026-07-27,North,Product A,Core,CUST1176,New,Online,1,500,5,475.0,300.0,175.0
18085,2026-07-27,East,Product A,Core,CUST1522,Loyal,Online,3,500,0,1500.0,900.0,600.0
18086,2026-07-27,North,Product A,Core,CUST1362,Champions,Retail Store,2,500,0,1000.0,600.0,400.0
18087,2026-07-27,North,Product A,Core,CUST1414,Champions,Retail Store,3,500,5,1425.0,900.0,525.0
18088,2026-07-27,North,Product A,Core,CUST1267,Loyal,Retail Store,3,500,10,1350.0,900.0,450.0
18089,2026-07-27,East,Product C,Accessory,CUST1340,Champions,Partner,4,300,0,1200.0,720.0,480.0
18090,2026-07-27,North,Product B,Core,CUST1296,Lost,Online,2,750,5,1425.0,900.0,525.0
18091,2026-07-27,North,Product B,Core,CUST1194,Loyal,Online,3,750,15,1912.5,1350.0,562.5
18092,2026-07-27,North,Product A,Core,CUST1155,At Risk,Online,1,500,0,500.0,300.0,200.0
18093,2026-07-27,South,Product D,Accessory,CUST1515,Loyal,Online,2,1200,15,2040.0,1440.0,600.0
18094,2026-07-27,South,Product A,Core,CUST1164,New,Retail Store,1,500,15,425.0,300.0,125.0
18095,2026-07-27,North,Product B,Core,CUST1327,New,Online,1,750,0,750.0,450.0,300.0
18096,2026-07-27,South,Product D,Accessory,CUST1173,Lost,Retail Store,4,1200,10,4320.0,2880.0,1440.0
18097,2026-07-27,East,Product D,Accessory,CUST1253,Loyal,Retail Store,3,1200,15,3060.0,2160.0,900.0
18098,2026-07-27,South,Product B,Core,CUST1135,Champions,Partner,4,750,5,2850.0,1800.0,1050.0
18099,2026-07-27,West,Product B,Core,CUST1227,New,Online,2,750,0,1500.0,900.0,600.0
18100,2026-07-27,South,Product C,Accessory,CUST1416,Champions,Online,1,300,5,285.0,180.0,105.0
18101,2026-07-27,North,Product D,Accessory,CUST1281,Loyal,Retail Store,2,1200,20,1920.0,1440.0,480.0
18102,2026-07-27,South,Product D,Accessory,CUST1034,New,Retail Store,2,1200,0,2400.0,1440.0,960.0
18103,2026-07-27,South,Product A,Core,CUST1307,At Risk,Online,4,500,5,1900.0,1200.0,700.0
18104,2026-07-27,North,Product A,Core,CUST1497,At Risk,Online,3,500,20,1200.0,900.0,300.0
18105,2026-07-27,North,Product B,Core,CUST1270,Champions,Retail Store,1,750,10,675.0,450.0,225.0
18106,2026-07-27,North,Product A,Core,CUST1064,At Risk,Retail Store,2,500,5,950.0,600.0,350.0
18107,2026-07-27,South,Product B,Core,CUST1017,Champions,Partner,2,750,0,1500.0,900.0,600.0
18108,2026-07-27,West,Product C,Accessory,CUST1393,At Risk,Retail Store,1,300,0,300.0,180.0,120.0
18109,2026-07-27,West,Product D,Accessory,CUST1200,At Risk,Retail Store,3,1200,10,3240.0,2160.0,1080.0
18110,2026-07-27,South,Product B,Core,CUST1474,Loyal,Retail Store,3,750,0,2250.0,1350.0,900.0
18111,2026-07-27,North,Product B,Core,CUST1048,At Risk,Online,3,750,15,1912.5,1350.0,562.5
18112,2026-07-27,South,Product C,Accessory,CUST1230,Champions,Retail Store,2,300,0,600.0,360.0,240.0
18113,2026-07-27,South,Product B,Core,CUST1199,Loyal,Retail Store,2,750,0,1500.0,900.0,600.0
18114,2026-07-27,West,Product B,Core,CUST1269,Champions,Online,2,750,10,1350.0,900.0,450.0
18115,2026-07-27,South,Product D,Accessory,CUST1508,New,Online,2,1200,5,2280.0,1440.0,840.0
18116,2026-07-27,North,Product A,Core,CUST1504,New,Online,1,500,15,425.0,300.0,125.0
18117,2026-07-27,South,Product B,Core,CUST1182,New,Online,3,750,20,1800.0,1350.0,450.0
18118,2026-07-27,North,Product A,Core,CUST1317,At Risk,Online,2,500,0,1000.0,600.0,400.0
18119,2026-07-27,South,Product A,Core,CUST1388,Champions,Online,4,500,0,2000.0,1200.0,800.0
18120,2026-07-27,North,Product A,Core,CUST1413,Lost,Online,4,500,15,1700.0,1200.0,500.0
18121,2026-07-27,West,Product A,Core,CUST1124,Champions,Partner,2,500,0,1000.0,600.0,400.0
18122,2026-07-27,South,Product B,Core,CUST1353,New,Online,4,750,10,2700.0,1800.0,900.0
18123,2026-07-27,West,Product A,Core,CUST1394,Champions,Retail Store,1,500,0,500.0,300.0,200.0
18124,2026-07-27,East,Product A,Core,CUST1138,At Risk,Online,4,500,0,2000.0,1200.0,800.0
18125,2026-07-27,North,Product A,Core,CUST1258,Champions,Retail Store,3,500,5,1425.0,900.0,525.0
18126,2026-07-27,South,Product C,Accessory,CUST1407,At Risk,Retail Store,1,300,5,285.0,180.0,105.0
18127,2026-07-27,North,Product B,Core,CUST1468,Champions,Online,4,750,0,3000.0,1800.0,1200.0
18128,2026-07-27,South,Product A,Core,CUST1179,At Risk,Retail Store,1,500,0,500.0,300.0,200.0
18129,2026-07-27,South,Product A,Core,CUST1279,Lost,Retail Store,1,500,5,475.0,300.0,175.0
18130,2026-07-27,South,Product C,Accessory,CUST1314,Loyal,Online,3,300,0,900.0,540.0,360.0
18131,2026-07-27,North,Product B,Core,CUST1275,Loyal,Online,1,750,0,750.0,450.0,300.0
18132,2026-07-27,West,Product D,Accessory,CUST1205,Loyal,Retail Store,4,1200,20,3840.0,2880.0,960.0
18133,2026-07-27,North,Product B,Core,CUST1148,New,Online,3,750,20,1800.0,1350.0,450.0
18134,2026-07-27,South,Product A,Core,CUST1526,Lost,Online,1,500,10,450.0,300.0,150.0
18135,2026-07-27,South,Product A,Core,CUST1188,At Risk,Online,4,500,10,1800.0,1200.0,600.0
18136,2026-07-27,West,Product C,Accessory,CUST1065,New,Retail Store,4,300,0,1200.0,720.0,480.0
18137,2026-07-27,South,Product D,Accessory,CUST1556,Loyal,Online,3,1200,15,3060.0,2160.0,900.0
18138,2026-07-27,East,Product B,Core,CUST1443,Loyal,Retail Store,2,750,15,1275.0,900.0,375.0
18139,2026-07-28,South,Product A,Core,CUST1178,Lost,Retail Store,2,500,0,1000.0,600.0,400.0
18140,2026-07-28,South,Product D,Accessory,CUST1198,Loyal,Online,4,1200,0,4800.0,2880.0,1920.0
18141,2026-07-28,South,Product B,Core,CUST1402,At Risk,Online,4,750,10,2700.0,1800.0,900.0
18142,2026-07-28,South,Product C,Accessory,CUST1395,New,Online,1,300,5,285.0,180.0,105.0
18143,2026-07-28,East,Product B,Core,CUST1521,Loyal,Retail Store,2,750,0,1500.0,900.0,600.0
18144,2026-07-28,North,Product A,Core,CUST1236,New,Online,3,500,20,1200.0,900.0,300.0
18145,2026-07-28,South,Product C,Accessory,CUST1265,Loyal,Online,3,300,5,855.0,540.0,315.0
18146,2026-07-28,East,Product A,Core,CUST1319,Lost,Online,1,500,0,500.0,300.0,200.0
18147,2026-07-28,North,Product A,Core,CUST1525,Loyal,Online,3,500,0,1500.0,900.0,600.0
18148,2026-07-28,East,Product C,Accessory,CUST1035,Loyal,Online,2,300,0,600.0,360.0,240.0
18149,2026-07-28,South,Product A,Core,CUST1545,New,Retail Store,3,500,0,1500.0,900.0,600.0
18150,2026-07-28,West,Product D,Accessory,CUST1553,Lost,Retail Store,2,1200,0,2400.0,1440.0,960.0
18151,2026-07-28,East,Product C,Accessory,CUST1169,Lost,Online,2,300,5,570.0,360.0,210.0
18152,2026-07-28,North,Product B,Core,CUST1475,Loyal,Online,4,750,10,2700.0,1800.0,900.0
18153,2026-07-28,South,Product A,Core,CUST1405,Lost,Online,3,500,5,1425.0,900.0,525.0
18154,2026-07-28,South,Product C,Accessory,CUST1409,Lost,Retail Store,4,300,10,1080.0,720.0,360.0
18155,2026-07-28,North,Product C,Accessory,CUST1596,At Risk,Retail Store,3,300,0,900.0,540.0,360.0
18156,2026-07-28,North,Product C,Accessory,CUST1528,At Risk,Online,1,300,20,240.0,180.0,60.0
18157,2026-07-28,South,Product A,Core,CUST1458,At Risk,Online,2,500,0,1000.0,600.0,400.0
18158,2026-07-28,North,Product C,Accessory,CUST1501,Lost,Online,2,300,0,600.0,360.0,240.0
18159,2026-07-28,West,Product A,Core,CUST1267,Loyal,Online,1,500,0,500.0,300.0,200.0
18160,2026-07-28,North,Product D,Accessory,CUST1259,New,Partner,4,1200,0,4800.0,2880.0,1920.0
18161,2026-07-28,West,Product C,Accessory,CUST1296,Lost,Retail Store,2,300,5,570.0,360.0,210.0
18162,2026-07-28,East,Product C,Accessory,CUST1260,Champions,Retail Store,4,300,15,1020.0,720.0,300.0
18163,2026-07-28,East,Product A,Core,CUST1574,Lost,Retail Store,3,500,0,1500.0,900.0,600.0
18164,2026-07-28,East,Product B,Core,CUST1368,Loyal,Retail Store,2,750,0,1500.0,900.0,600.0
18165,2026-07-28,East,Product A,Core,CUST1177,Lost,Retail Store,3,500,15,1275.0,900.0,375.0
18166,2026-07-28,South,Product C,Accessory,CUST1397,Loyal,Online,4,300,0,1200.0,720.0,480.0
18167,2026-07-28,East,Product A,Core,CUST1320,Lost,Online,3,500,5,1425.0,900.0,525.0
18168,2026-07-28,South,Product A,Core,CUST1062,New,Retail Store,2,500,5,950.0,600.0,350.0
18169,2026-07-28,South,Product C,Accessory,CUST1099,Lost,Online,1,300,5,285.0,180.0,105.0
18170,2026-07-28,North,Product A,Core,CUST1042,At Risk,Partner,3,500,0,1500.0,900.0,600.0
18171,2026-07-28,East,Product C,Accessory,CUST1461,Champions,Retail Store,2,300,20,480.0,360.0,120.0
18172,2026-07-28,North,Product A,Core,CUST1444,Loyal,Online,3,500,10,1350.0,900.0,450.0
18173,2026-07-28,East,Product B,Core,CUST1312,Loyal,Online,3,750,15,1912.5,1350.0,562.5
18174,2026-07-28,East,Product B,Core,CUST1312,Loyal,Retail Store,4,750,0,3000.0,1800.0,1200.0
18175,2026-07-28,South,Product B,Core,CUST1210,At Risk,Online,1,750,0,750.0,450.0,300.0
18176,2026-07-28,East,Product C,Accessory,CUST1078,New,Retail Store,3,300,5,855.0,540.0,315.0
18177,2026-07-28,East,Product C,Accessory,CUST1515,Loyal,Retail Store,3,300,0,900.0,540.0,360.0
18178,2026-07-28,East,Product C,Accessory,CUST1078,New,Online,1,300,5,285.0,180.0,105.0
18179,2026-07-28,South,Product D,Accessory,CUST1451,Lost,Online,4,1200,5,4560.0,2880.0,1680.0
18180,2026-07-28,East,Product C,Accessory,CUST1529,Loyal,Online,3,300,15,765.0,540.0,225.0
18181,2026-07-28,South,Product A,Core,CUST1054,At Risk,Retail Store,1,500,5,475.0,300.0,175.0
18182,2026-07-28,North,Product B,Core,CUST1048,At Risk,Online,4,750,0,3000.0,1800.0,1200.0
18183,2026-07-28,West,Product A,Core,CUST1285,New,Online,1,500,0,500.0,300.0,200.0
18184,2026-07-28,South,Product D,Accessory,CUST1598,Lost,Online,1,1200,5,1140.0,720.0,420.0
18185,2026-07-28,West,Product D,Accessory,CUST1032,Loyal,Online,4,1200,10,4320.0,2880.0,1440.0
18186,2026-07-28,East,Product A,Core,CUST1333,Lost,Retail Store,3,500,10,1350.0,900.0,450.0
18187,2026-07-28,North,Product A,Core,CUST1199,Loyal,Online,3,500,10,1350.0,900.0,450.0
18188,2026-07-28,North,Product A,Core,CUST1371,Loyal,Online,1,500,10,450.0,300.0,150.0
18189,2026-07-28,East,Product A,Core,CUST1572,New,Online,3,500,0,1500.0,900.0,600.0
18190,2026-07-28,East,Product D,Accessory,CUST1157,At Risk,Retail Store,2,1200,0,2400.0,1440.0,960.0
18191,2026-07-28,East,Product B,Core,CUST1231,New,Retail Store,3,750,20,1800.0,1350.0,450.0
18192,2026-07-28,South,Product D,Accessory,CUST1286,Champions,Online,4,1200,5,4560.0,2880.0,1680.0
18193,2026-07-28,West,Product B,Core,CUST1067,Loyal,Online,2,750,0,1500.0,900.0,600.0
18194,2026-07-28,North,Product C,Accessory,CUST1472,Champions,Online,2,300,0,600.0,360.0,240.0
18195,2026-07-28,East,Product B,Core,CUST1252,New,Retail Store,4,750,0,3000.0,1800.0,1200.0
18196,2026-07-28,East,Product C,Accessory,CUST1041,At Risk,Retail Store,4,300,15,1020.0,720.0,300.0
18197,2026-07-28,West,Product D,Accessory,CUST1004,Champions,Online,3,1200,5,3420.0,2160.0,1260.0
18198,2026-07-28,West,Product D,Accessory,CUST1587,Loyal,Online,4,1200,10,4320.0,2880.0,1440.0
18199,2026-07-28,South,Product C,Accessory,CUST1463,Loyal,Online,2,300,5,570.0,360.0,210.0
18200,2026-07-29,East,Product A,Core,CUST1433,At Risk,Online,3,500,0,1500.0,900.0,600.0
18201,2026-07-29,North,Product A,Core,CUST1548,At Risk,Retail Store,4,500,10,1800.0,1200.0,600.0
18202,2026-07-29,East,Product C,Accessory,CUST1522,Loyal,Online,3,300,15,765.0,540.0,225.0
18203,2026-07-29,South,Product D,Accessory,CUST1143,New,Online,4,1200,15,4080.0,2880.0,1200.0
18204,2026-07-29,North,Product C,Accessory,CUST1314,Loyal,Retail Store,3,300,0,900.0,540.0,360.0
18205,2026-07-29,North,Product B,Core,CUST1413,Lost,Online,2,750,0,1500.0,900.0,600.0
18206,2026-07-29,North,Product D,Accessory,CUST1007,At Risk,Online,3,1200,0,3600.0,2160.0,1440.0
18207,2026-07-29,North,Product C,Accessory,CUST1162,Loyal,Online,1,300,10,270.0,180.0,90.0
18208,2026-07-29,South,Product B,Core,CUST1309,Champions,Retail Store,4,750,0,3000.0,1800.0,1200.0
18209,2026-07-29,East,Product D,Accessory,CUST1159,At Risk,Partner,3,1200,5,3420.0,2160.0,1260.0
18210,2026-07-29,North,Product B,Core,CUST1396,At Risk,Online,4,750,5,2850.0,1800.0,1050.0
18211,2026-07-29,East,Product B,Core,CUST1273,New,Online,4,750,0,3000.0,1800.0,1200.0
18212,2026-07-29,South,Product A,Core,CUST1529,Loyal,Retail Store,1,500,0,500.0,300.0,200.0
18213,2026-07-29,North,Product D,Accessory,CUST1505,At Risk,Partner,3,1200,5,3420.0,2160.0,1260.0
18214,2026-07-29,South,Product D,Accessory,CUST1040,New,Online,2,1200,0,2400.0,1440.0,960.0
18215,2026-07-29,North,Product C,Accessory,CUST1485,New,Online,1,300,10,270.0,180.0,90.0
18216,2026-07-29,West,Product C,Accessory,CUST1070,Loyal,Online,2,300,0,600.0,360.0,240.0
18217,2026-07-29,North,Product D,Accessory,CUST1204,Champions,Online,4,1200,20,3840.0,2880.0,960.0
18218,2026-07-29,South,Product A,Core,CUST1001,New,Online,1,500,0,500.0,300.0,200.0
18219,2026-07-29,East,Product A,Core,CUST1209,New,Online,2,500,0,1000.0,600.0,400.0
18220,2026-07-29,North,Product B,Core,CUST1423,Champions,Online,2,750,10,1350.0,900.0,450.0
18221,2026-07-29,West,Product A,Core,CUST1244,At Risk,Online,1,500,15,425.0,300.0,125.0
18222,2026-07-29,South,Product A,Core,CUST1475,Loyal,Online,1,500,5,475.0,300.0,175.0
18223,2026-07-29,East,Product B,Core,CUST1282,Loyal,Retail Store,2,750,0,1500.0,900.0,600.0
18224,2026-07-29,East,Product D,Accessory,CUST1146,Loyal,Online,2,1200,0,2400.0,1440.0,960.0
18225,2026-07-29,North,Product A,Core,CUST1532,Loyal,Retail Store,4,500,15,1700.0,1200.0,500.0
18226,2026-07-29,West,Product C,Accessory,CUST1160,Champions,Partner,4,300,0,1200.0,720.0,480.0
18227,2026-07-29,West,Product D,Accessory,CUST1520,Lost,Retail Store,2,1200,0,2400.0,1440.0,960.0
18228,2026-07-29,South,Product B,Core,CUST1417,At Risk,Retail Store,1,750,0,750.0,450.0,300.0
18229,2026-07-29,East,Product D,Accessory,CUST1377,New,Online,1,1200,0,1200.0,720.0,480.0
18230,2026-07-29,North,Product B,Core,CUST1583,Loyal,Retail Store,2,750,0,1500.0,900.0,600.0
18231,2026-07-29,West,Product B,Core,CUST1331,Loyal,Online,1,750,15,637.5,450.0,187.5
18232,2026-07-29,South,Product B,Core,CUST1432,At Risk,Online,4,750,0,3000.0,1800.0,1200.0
18233,2026-07-29,West,Product D,Accessory,CUST1147,New,Online,1,1200,10,1080.0,720.0,360.0
18234,2026-07-29,East,Product B,Core,CUST1389,Lost,Online,3,750,0,2250.0,1350.0,900.0
18235,2026-07-29,South,Product A,Core,CUST1528,At Risk,Retail Store,2,500,5,950.0,600.0,350.0
18236,2026-07-29,South,Product D,Accessory,CUST1081,New,Retail Store,3,1200,15,3060.0,2160.0,900.0
18237,2026-07-29,East,Product A,Core,CUST1318,Loyal,Online,1,500,0,500.0,300.0,200.0
18238,2026-07-29,South,Product A,Core,CUST1125,New,Online,1,500,0,500.0,300.0,200.0
18239,2026-07-29,North,Product C,Accessory,CUST1349,Champions,Retail Store,4,300,0,1200.0,720.0,480.0
18240,2026-07-29,East,Product B,Core,CUST1382,At Risk,Retail Store,2,750,0,1500.0,900.0,600.0
18241,2026-07-29,South,Product C,Accessory,CUST1328,At Risk,Online,3,300,0,900.0,540.0,360.0
18242,2026-07-29,North,Product B,Core,CUST1555,Loyal,Online,2,750,0,1500.0,900.0,600.0
18243,2026-07-29,North,Product D,Accessory,CUST1040,New,Partner,4,1200,15,4080.0,2880.0,1200.0
18244,2026-07-29,North,Product A,Core,CUST1157,At Risk,Online,1,500,5,475.0,300.0,175.0
18245,2026-07-29,North,Product B,Core,CUST1114,Loyal,Retail Store,4,750,0,3000.0,1800.0,1200.0
18246,2026-07-29,South,Product A,Core,CUST1093,Loyal,Partner,4,500,0,2000.0,1200.0,800.0
18247,2026-07-29,North,Product A,Core,CUST1464,New,Online,4,500,5,1900.0,1200.0,700.0
18248,2026-07-29,South,Product C,Accessory,CUST1175,Champions,Retail Store,2,300,0,600.0,360.0,240.0
18249,2026-07-29,East,Product D,Accessory,CUST1010,Loyal,Retail Store,1,1200,5,1140.0,720.0,420.0
18250,2026-07-30,North,Product C,Accessory,CUST1215,At Risk,Online,3,300,10,810.0,540.0,270.0
18251,2026-07-30,North,Product A,Core,CUST1364,At Risk,Retail Store,1,500,0,500.0,300.0,200.0
18252,2026-07-30,South,Product B,Core,CUST1067,Loyal,Online,2,750,0,1500.0,900.0,600.0
18253,2026-07-30,East,Product C,Accessory,CUST1195,Loyal,Online,3,300,20,720.0,540.0,180.0
18254,2026-07-30,North,Product C,Accessory,CUST1312,Loyal,Online,3,300,10,810.0,540.0,270.0
18255,2026-07-30,East,Product D,Accessory,CUST1046,Loyal,Partner,3,1200,5,3420.0,2160.0,1260.0
18256,2026-07-30,South,Product D,Accessory,CUST1093,Loyal,Online,4,1200,5,4560.0,2880.0,1680.0
18257,2026-07-30,North,Product D,Accessory,CUST1256,At Risk,Online,3,1200,0,3600.0,2160.0,1440.0
18258,2026-07-30,South,Product B,Core,CUST1591,New,Online,1,750,0,750.0,450.0,300.0
18259,2026-07-30,West,Product A,Core,CUST1426,Loyal,Online,2,500,0,1000.0,600.0,400.0
18260,2026-07-30,East,Product D,Accessory,CUST1589,Champions,Online,1,1200,0,1200.0,720.0,480.0
18261,2026-07-30,East,Product A,Core,CUST1263,Champions,Retail Store,1,500,10,450.0,300.0,150.0
18262,2026-07-30,South,Product B,Core,CUST1337,At Risk,Online,3,750,0,2250.0,1350.0,900.0
18263,2026-07-30,South,Product B,Core,CUST1358,New,Online,3,750,0,2250.0,1350.0,900.0
18264,2026-07-30,South,Product D,Accessory,CUST1046,Loyal,Retail Store,2,1200,10,2160.0,1440.0,720.0
18265,2026-07-30,West,Product A,Core,CUST1367,At Risk,Retail Store,4,500,5,1900.0,1200.0,700.0
18266,2026-07-30,East,Product A,Core,CUST1197,Lost,Retail Store,3,500,10,1350.0,900.0,450.0
18267,2026-07-30,South,Product A,Core,CUST1176,New,Retail Store,2,500,5,950.0,600.0,350.0
18268,2026-07-30,East,Product C,Accessory,CUST1449,At Risk,Online,3,300,0,900.0,540.0,360.0
18269,2026-07-30,North,Product B,Core,CUST1001,New,Online,1,750,20,600.0,450.0,150.0
18270,2026-07-30,East,Product A,Core,CUST1360,Lost,Online,1,500,5,475.0,300.0,175.0
18271,2026-07-30,East,Product D,Accessory,CUST1026,New,Online,1,1200,0,1200.0,720.0,480.0
18272,2026-07-30,East,Product D,Accessory,CUST1146,Loyal,Online,2,1200,0,2400.0,1440.0,960.0
18273,2026-07-30,East,Product A,Core,CUST1298,At Risk,Online,3,500,0,1500.0,900.0,600.0
18274,2026-07-30,North,Product A,Core,CUST1410,At Risk,Online,1,500,10,450.0,300.0,150.0
18275,2026-07-30,South,Product B,Core,CUST1160,Champions,Online,4,750,10,2700.0,1800.0,900.0
18276,2026-07-30,South,Product C,Accessory,CUST1314,Loyal,Online,3,300,5,855.0,540.0,315.0
18277,2026-07-30,West,Product D,Accessory,CUST1488,New,Online,1,1200,0,1200.0,720.0,480.0
18278,2026-07-30,West,Product A,Core,CUST1436,Champions,Online,2,500,15,850.0,600.0,250.0
18279,2026-07-30,West,Product B,Core,CUST1012,At Risk,Online,4,750,20,2400.0,1800.0,600.0
18280,2026-07-30,East,Product D,Accessory,CUST1094,Loyal,Online,2,1200,0,2400.0,1440.0,960.0
18281,2026-07-30,East,Product A,Core,CUST1540,Lost,Retail Store,2,500,0,1000.0,600.0,400.0
18282,2026-07-30,East,Product C,Accessory,CUST1351,Loyal,Retail Store,3,300,0,900.0,540.0,360.0
18283,2026-07-30,South,Product C,Accessory,CUST1328,At Risk,Partner,1,300,5,285.0,180.0,105.0
18284,2026-07-30,North,Product A,Core,CUST1541,New,Partner,3,500,5,1425.0,900.0,525.0
18285,2026-07-30,West,Product A,Core,CUST1202,New,Retail Store,2,500,5,950.0,600.0,350.0
18286,2026-07-30,North,Product C,Accessory,CUST1241,At Risk,Retail Store,2,300,0,600.0,360.0,240.0
18287,2026-07-30,East,Product D,Accessory,CUST1122,Champions,Online,2,1200,15,2040.0,1440.0,600.0
18288,2026-07-30,South,Product A,Core,CUST1222,At Risk,Online,1,500,5,475.0,300.0,175.0
18289,2026-07-30,West,Product B,Core,CUST1046,Loyal,Partner,2,750,0,1500.0,900.0,600.0
18290,2026-07-30,West,Product B,Core,CUST1497,At Risk,Retail Store,2,750,5,1425.0,900.0,525.0
18291,2026-07-30,West,Product A,Core,CUST1220,Loyal,Online,4,500,15,1700.0,1200.0,500.0
18292,2026-07-30,South,Product B,Core,CUST1080,At Risk,Online,3,750,10,2025.0,1350.0,675.0
18293,2026-07-31,East,Product A,Core,CUST1348,New,Online,3,500,10,1350.0,900.0,450.0
18294,2026-07-31,South,Product A,Core,CUST1172,Loyal,Online,2,500,5,950.0,600.0,350.0
18295,2026-07-31,North,Product A,Core,CUST1249,New,Online,1,500,15,425.0,300.0,125.0
18296,2026-07-31,North,Product A,Core,CUST1374,Loyal,Retail Store,2,500,0,1000.0,600.0,400.0
18297,2026-07-31,North,Product D,Accessory,CUST1101,At Risk,Retail Store,3,1200,10,3240.0,2160.0,1080.0
18298,2026-07-31,East,Product A,Core,CUST1567,Champions,Online,1,500,10,450.0,300.0,150.0
18299,2026-07-31,North,Product B,Core,CUST1566,At Risk,Retail Store,3,750,0,2250.0,1350.0,900.0
18300,2026-07-31,North,Product A,Core,CUST1245,Lost,Partner,4,500,0,2000.0,1200.0,800.0
18301,2026-07-31,North,Product B,Core,CUST1173,Lost,Partner,1,750,15,637.5,450.0,187.5
18302,2026-07-31,South,Product A,Core,CUST1135,Champions,Retail Store,4,500,15,1700.0,1200.0,500.0
18303,2026-07-31,South,Product B,Core,CUST1593,New,Online,2,750,0,1500.0,900.0,600.0
18304,2026-07-31,South,Product B,Core,CUST1507,At Risk,Retail Store,1,750,10,675.0,450.0,225.0
18305,2026-07-31,North,Product C,Accessory,CUST1272,Champions,Retail Store,2,300,0,600.0,360.0,240.0
18306,2026-07-31,East,Product B,Core,CUST1496,New,Online,2,750,5,1425.0,900.0,525.0
18307,2026-07-31,West,Product A,Core,CUST1179,At Risk,Online,1,500,10,450.0,300.0,150.0
18308,2026-07-31,North,Product A,Core,CUST1008,Champions,Online,4,500,0,2000.0,1200.0,800.0
18309,2026-07-31,North,Product A,Core,CUST1585,At Risk,Online,1,500,5,475.0,300.0,175.0
18310,2026-07-31,North,Product D,Accessory,CUST1016,New,Online,2,1200,10,2160.0,1440.0,720.0
18311,2026-07-31,East,Product A,Core,CUST1042,At Risk,Retail Store,4,500,0,2000.0,1200.0,800.0
18312,2026-07-31,South,Product A,Core,CUST1154,Champions,Online,1,500,0,500.0,300.0,200.0
18313,2026-07-31,West,Product C,Accessory,CUST1312,Loyal,Online,1,300,5,285.0,180.0,105.0
18314,2026-07-31,South,Product C,Accessory,CUST1211,New,Online,4,300,0,1200.0,720.0,480.0
18315,2026-07-31,West,Product B,Core,CUST1459,At Risk,Retail Store,2,750,0,1500.0,900.0,600.0
18316,2026-07-31,East,Product A,Core,CUST1238,Champions,Online,1,500,0,500.0,300.0,200.0
18317,2026-07-31,East,Product D,Accessory,CUST1406,Loyal,Online,4,1200,15,4080.0,2880.0,1200.0
18318,2026-07-31,North,Product B,Core,CUST1308,Loyal,Retail Store,1,750,10,675.0,450.0,225.0
18319,2026-07-31,South,Product C,Accessory,CUST1151,Lost,Online,2,300,5,570.0,360.0,210.0
18320,2026-07-31,East,Product A,Core,CUST1059,Champions,Online,4,500,10,1800.0,1200.0,600.0
18321,2026-07-31,North,Product B,Core,CUST1369,Lost,Online,2,750,0,1500.0,900.0,600.0
18322,2026-07-31,North,Product A,Core,CUST1564,At Risk,Online,4,500,0,2000.0,1200.0,800.0
18323,2026-07-31,East,Product A,Core,CUST1018,At Risk,Partner,2,500,20,800.0,600.0,200.0
18324,2026-07-31,North,Product C,Accessory,CUST1039,At Risk,Partner,4,300,10,1080.0,720.0,360.0
18325,2026-07-31,North,Product A,Core,CUST1307,At Risk,Retail Store,2,500,10,900.0,600.0,300.0
18326,2026-07-31,East,Product C,Accessory,CUST1334,Champions,Online,1,300,15,255.0,180.0,75.0
18327,2026-07-31,South,Product B,Core,CUST1018,At Risk,Online,3,750,10,2025.0,1350.0,675.0
18328,2026-07-31,North,Product A,Core,CUST1060,At Risk,Online,4,500,5,1900.0,1200.0,700.0
18329,2026-07-31,South,Product A,Core,CUST1590,Lost,Online,2,500,5,950.0,600.0,350.0
18330,2026-07-31,West,Product A,Core,CUST1038,Loyal,Retail Store,4,500,20,1600.0,1200.0,400.0
18331,2026-07-31,East,Product D,Accessory,CUST1579,Loyal,Online,3,1200,10,3240.0,2160.0,1080.0
18332,2026-07-31,North,Product A,Core,CUST1350,At Risk,Online,1,500,10,450.0,300.0,150.0
18333,2026-07-31,East,Product B,Core,CUST1273,New,Retail Store,2,750,0,1500.0,900.0,600.0
18334,2026-07-31,West,Product D,Accessory,CUST1001,New,Retail Store,2,1200,20,1920.0,1440.0,480.0
18335,2026-07-31,North,Product A,Core,CUST1231,New,Retail Store,3,500,10,1350.0,900.0,450.0
18336,2026-07-31,West,Product C,Accessory,CUST1588,Loyal,Partner,3,300,5,855.0,540.0,315.0
18337,2026-07-31,East,Product D,Accessory,CUST1412,Champions,Online,3,1200,0,3600.0,2160.0,1440.0
18338,2026-07-31,East,Product B,Core,CUST1339,Lost,Online,3,750,0,2250.0,1350.0,900.0
18339,2026-07-31,East,Product A,Core,CUST1321,New,Retail Store,1,500,0,500.0,300.0,200.0
18340,2026-07-31,North,Product A,Core,CUST1543,Lost,Retail Store,3,500,0,1500.0,900.0,600.0
18341,2026-07-31,East,Product B,Core,CUST1324,At Risk,Online,4,750,5,2850.0,1800.0,1050.0
18342,2026-07-31,South,Product A,Core,CUST1465,At Risk,Online,4,500,5,1900.0,1200.0,700.0
18343,2026-07-31,East,Product D,Accessory,CUST1221,New,Online,1,1200,10,1080.0,720.0,360.0
18344,2026-07-31,South,Product B,Core,CUST1326,At Risk,Online,4,750,0,3000.0,1800.0,1200.0
18345,2026-07-31,North,Product D,Accessory,CUST1037,New,Online,3,1200,20,2880.0,2160.0,720.0
18346,2026-07-31,North,Product C,Accessory,CUST1372,Loyal,Online,4,300,10,1080.0,720.0,360.0
18347,2026-07-31,East,Product A,Core,CUST1561,Loyal,Retail Store,1,500,0,500.0,300.0,200.0
18348,2026-07-31,East,Product B,Core,CUST1037,New,Retail Store,3,750,20,1800.0,1350.0,450.0
18349,2026-07-31,West,Product A,Core,CUST1455,Loyal,Online,3,500,5,1425.0,900.0,525.0
18350,2026-07-31,West,Product B,Core,CUST1308,Loyal,Online,3,750,0,2250.0,1350.0,900.0
18351,2026-07-31,West,Product D,Accessory,CUST1567,Champions,Online,4,1200,0,4800.0,2880.0,1920.0
18352,2026-07-31,North,Product B,Core,CUST1465,At Risk,Partner,1,750,5,712.5,450.0,262.5
18353,2026-07-31,North,Product A,Core,CUST1314,Loyal,Online,3,500,10,1350.0,900.0,450.0
18354,2026-07-31,North,Product C,Accessory,CUST1384,Loyal,Online,4,300,10,1080.0,720.0,360.0
18355,2026-07-31,East,Product A,Core,CUST1556,Loyal,Online,1,500,15,425.0,300.0,125.0
18356,2026-07-31,East,Product A,Core,CUST1338,Champions,Retail Store,1,500,0,500.0,300.0,200.0
18357,2026-07-31,West,Product B,Core,CUST1209,New,Retail Store,4,750,5,2850.0,1800.0,1050.0
18358,2026-07-31,South,Product B,Core,CUST1069,New,Retail Store,2,750,0,1500.0,900.0,600.0
18359,2026-07-31,South,Product B,Core,CUST1405,Lost,Online,3,750,0,2250.0,1350.0,900.0
18360,2026-07-31,West,Product C,Accessory,CUST1566,At Risk,Retail Store,3,300,5,855.0,540.0,315.0
18361,2026-07-31,North,Product D,Accessory,CUST1076,Loyal,Online,4,1200,0,4800.0,2880.0,1920.0
18362,2026-07-31,South,Product C,Accessory,CUST1382,At Risk,Online,4,300,5,1140.0,720.0,420.0
18363,2026-07-31,South,Product B,Core,CUST1092,New,Online,1,750,0,750.0,450.0,300.0
18364,2026-07-31,South,Product B,Core,CUST1187,Champions,Online,4,750,0,3000.0,1800.0,1200.0
18365,2026-07-31,North,Product C,Accessory,CUST1415,Loyal,Partner,1,300,0,300.0,180.0,120.0
18366,2026-07-31,West,Product C,Accessory,CUST1355,New,Partner,4,300,5,1140.0,720.0,420.0
18367,2026-07-31,North,Product A,Core,CUST1329,Loyal,Retail Store,1,500,0,500.0,300.0,200.0
18368,2026-07-31,South,Product A,Core,CUST1285,New,Partner,4,500,0,2000.0,1200.0,800.0
18369,2026-07-31,South,Product B,Core,CUST1084,Champions,Retail Store,4,750,5,2850.0,1800.0,1050.0
18370,2026-07-31,North,Product A,Core,CUST1538,Loyal,Online,2,500,0,1000.0,600.0,400.0
18371,2026-07-31,North,Product A,Core,CUST1271,Loyal,Retail Store,2,500,5,950.0,600.0,350.0
18372,2026-08-01,North,Product B,Core,CUST1081,New,Online,4,750,10,2700.0,1800.0,900.0
18373,2026-08-01,West,Product A,Core,CUST1459,At Risk,Retail Store,3,500,5,1425.0,900.0,525.0
18374,2026-08-01,West,Product C,Accessory,CUST1589,Champions,Online,1,300,10,270.0,180.0,90.0
18375,2026-08-01,East,Product B,Core,CUST1199,Loyal,Online,2,750,5,1425.0,900.0,525.0
18376,2026-08-01,North,Product A,Core,CUST1058,Champions,Partner,3,500,0,1500.0,900.0,600.0
18377,2026-08-01,South,Product C,Accessory,CUST1559,New,Partner,3,300,15,765.0,540.0,225.0
18378,2026-08-01,North,Product A,Core,CUST1419,Lost,Retail Store,1,500,0,500.0,300.0,200.0
18379,2026-08-01,East,Product A,Core,CUST1101,At Risk,Online,2,500,0,1000.0,600.0,400.0
18380,2026-08-01,South,Product A,Core,CUST1108,Champions,Retail Store,3,500,10,1350.0,900.0,450.0
18381,2026-08-01,South,Product A,Core,CUST1099,Lost,Retail Store,4,500,0,2000.0,1200.0,800.0
18382,2026-08-01,South,Product B,Core,CUST1244,At Risk,Online,4,750,0,3000.0,1800.0,1200.0
18383,2026-08-01,North,Product A,Core,CUST1213,At Risk,Online,4,500,5,1900.0,1200.0,700.0
18384,2026-08-01,North,Product D,Accessory,CUST1091,At Risk,Retail Store,4,1200,0,4800.0,2880.0,1920.0
18385,2026-08-01,North,Product A,Core,CUST1179,At Risk,Online,3,500,10,1350.0,900.0,450.0
18386,2026-08-01,West,Product A,Core,CUST1075,Loyal,Retail Store,1,500,0,500.0,300.0,200.0
18387,2026-08-01,West,Product B,Core,CUST1530,At Risk,Online,2,750,0,1500.0,900.0,600.0
18388,2026-08-01,South,Product A,Core,CUST1278,Lost,Retail Store,3,500,0,1500.0,900.0,600.0
18389,2026-08-01,North,Product C,Accessory,CUST1583,Loyal,Online,3,300,10,810.0,540.0,270.0
18390,2026-08-01,East,Product B,Core,CUST1109,Lost,Retail Store,1,750,5,712.5,450.0,262.5
18391,2026-08-01,East,Product B,Core,CUST1338,Champions,Online,2,750,15,1275.0,900.0,375.0
18392,2026-08-01,West,Product C,Accessory,CUST1041,At Risk,Retail Store,3,300,0,900.0,540.0,360.0
18393,2026-08-01,West,Product B,Core,CUST1489,New,Online,3,750,0,2250.0,1350.0,900.0
18394,2026-08-01,South,Product B,Core,CUST1126,Loyal,Retail Store,4,750,10,2700.0,1800.0,900.0
18395,2026-08-01,South,Product A,Core,CUST1161,Lost,Online,4,500,10,1800.0,1200.0,600.0
18396,2026-08-01,North,Product D,Accessory,CUST1158,At Risk,Online,3,1200,0,3600.0,2160.0,1440.0
18397,2026-08-01,North,Product C,Accessory,CUST1006,At Risk,Online,3,300,0,900.0,540.0,360.0
18398,2026-08-01,East,Product A,Core,CUST1174,Loyal,Retail Store,4,500,0,2000.0,1200.0,800.0
18399,2026-08-01,South,Product B,Core,CUST1477,At Risk,Online,4,750,5,2850.0,1800.0,1050.0
18400,2026-08-01,South,Product A,Core,CUST1027,Champions,Online,2,500,5,950.0,600.0,350.0
18401,2026-08-01,West,Product D,Accessory,CUST1052,At Risk,Online,2,1200,0,2400.0,1440.0,960.0
18402,2026-08-01,North,Product B,Core,CUST1175,Champions,Online,1,750,10,675.0,450.0,225.0
18403,2026-08-01,West,Product C,Accessory,CUST1044,At Risk,Online,1,300,5,285.0,180.0,105.0
18404,2026-08-01,West,Product C,Accessory,CUST1460,New,Retail Store,1,300,0,300.0,180.0,120.0
18405,2026-08-01,South,Product D,Accessory,CUST1377,New,Online,4,1200,10,4320.0,2880.0,1440.0
18406,2026-08-01,South,Product A,Core,CUST1048,At Risk,Retail Store,4,500,0,2000.0,1200.0,800.0
18407,2026-08-01,East,Product A,Core,CUST1298,At Risk,Partner,3,500,10,1350.0,900.0,450.0
18408,2026-08-01,East,Product B,Core,CUST1061,New,Partner,3,750,0,2250.0,1350.0,900.0
18409,2026-08-01,South,Product B,Core,CUST1288,New,Retail Store,1,750,20,600.0,450.0,150.0
18410,2026-08-01,North,Product C,Accessory,CUST1078,New,Online,4,300,15,1020.0,720.0,300.0
18411,2026-08-01,South,Product B,Core,CUST1458,At Risk,Online,1,750,10,675.0,450.0,225.0
18412,2026-08-01,West,Product B,Core,CUST1031,Lost,Retail Store,2,750,0,1500.0,900.0,600.0
18413,2026-08-01,South,Product A,Core,CUST1560,Champions,Online,1,500,0,500.0,300.0,200.0
18414,2026-08-01,West,Product B,Core,CUST1459,At Risk,Retail Store,4,750,0,3000.0,1800.0,1200.0
18415,2026-08-01,South,Product B,Core,CUST1037,New,Online,2,750,5,1425.0,900.0,525.0
18416,2026-08-01,East,Product B,Core,CUST1343,New,Retail Store,2,750,10,1350.0,900.0,450.0
18417,2026-08-01,West,Product B,Core,CUST1538,Loyal,Online,2,750,5,1425.0,900.0,525.0
18418,2026-08-01,West,Product B,Core,CUST1461,Champions,Online,3,750,0,2250.0,1350.0,900.0
18419,2026-08-01,South,Product B,Core,CUST1508,New,Online,1,750,0,750.0,450.0,300.0
18420,2026-08-01,South,Product C,Accessory,CUST1358,New,Online,2,300,0,600.0,360.0,240.0
18421,2026-08-01,North,Product C,Accessory,CUST1263,Champions,Retail Store,4,300,10,1080.0,720.0,360.0
18422,2026-08-01,South,Product C,Accessory,CUST1213,At Risk,Online,2,300,10,540.0,360.0,180.0
18423,2026-08-01,East,Product B,Core,CUST1476,New,Online,4,750,5,2850.0,1800.0,1050.0
18424,2026-08-01,East,Product D,Accessory,CUST1234,Lost,Online,3,1200,5,3420.0,2160.0,1260.0
18425,2026-08-01,South,Product C,Accessory,CUST1314,Loyal,Retail Store,4,300,5,1140.0,720.0,420.0
18426,2026-08-01,South,Product B,Core,CUST1160,Champions,Partner,2,750,10,1350.0,900.0,450.0
18427,2026-08-01,South,Product C,Accessory,CUST1065,New,Retail Store,4,300,5,1140.0,720.0,420.0
18428,2026-08-01,North,Product A,Core,CUST1448,Champions,Online,3,500,0,1500.0,900.0,600.0
18429,2026-08-01,North,Product C,Accessory,CUST1039,At Risk,Partner,4,300,0,1200.0,720.0,480.0
18430,2026-08-01,North,Product D,Accessory,CUST1555,Loyal,Partner,3,1200,0,3600.0,2160.0,1440.0
18431,2026-08-01,South,Product B,Core,CUST1364,At Risk,Partner,2,750,10,1350.0,900.0,450.0
18432,2026-08-01,North,Product C,Accessory,CUST1154,Champions,Online,1,300,5,285.0,180.0,105.0
18433,2026-08-01,West,Product C,Accessory,CUST1225,Lost,Online,1,300,0,300.0,180.0,120.0
18434,2026-08-01,North,Product A,Core,CUST1107,Loyal,Retail Store,1,500,0,500.0,300.0,200.0
18435,2026-08-01,East,Product A,Core,CUST1426,Loyal,Online,3,500,0,1500.0,900.0,600.0
18436,2026-08-01,South,Product C,Accessory,CUST1037,New,Retail Store,2,300,0,600.0,360.0,240.0
18437,2026-08-01,East,Product A,Core,CUST1191,Loyal,Online,1,500,0,500.0,300.0,200.0
18438,2026-08-01,East,Product B,Core,CUST1290,At Risk,Online,3,750,5,2137.5,1350.0,787.5
18439,2026-08-01,North,Product A,Core,CUST1198,Loyal,Partner,1,500,0,500.0,300.0,200.0
18440,2026-08-01,South,Product D,Accessory,CUST1373,Loyal,Online,1,1200,20,960.0,720.0,240.0
18441,2026-08-01,West,Product B,Core,CUST1390,At Risk,Online,1,750,10,675.0,450.0,225.0
18442,2026-08-01,South,Product A,Core,CUST1449,At Risk,Retail Store,1,500,5,475.0,300.0,175.0
18443,2026-08-01,South,Product B,Core,CUST1118,New,Retail Store,4,750,20,2400.0,1800.0,600.0
18444,2026-08-01,North,Product B,Core,CUST1531,At Risk,Retail Store,1,750,5,712.5,450.0,262.5
18445,2026-08-01,North,Product B,Core,CUST1025,Loyal,Online,1,750,5,712.5,450.0,262.5
18446,2026-08-01,South,Product D,Accessory,CUST1429,At Risk,Retail Store,3,1200,10,3240.0,2160.0,1080.0
18447,2026-08-01,West,Product B,Core,CUST1041,At Risk,Online,3,750,10,2025.0,1350.0,675.0
18448,2026-08-01,West,Product B,Core,CUST1564,At Risk,Online,3,750,0,2250.0,1350.0,900.0
18449,2026-08-01,South,Product A,Core,CUST1504,New,Retail Store,2,500,5,950.0,600.0,350.0
18450,2026-08-01,North,Product C,Accessory,CUST1496,New,Online,1,300,0,300.0,180.0,120.0
18451,2026-08-01,West,Product C,Accessory,CUST1526,Lost,Retail Store,3,300,0,900.0,540.0,360.0
18452,2026-08-01,East,Product C,Accessory,CUST1145,Loyal,Online,3,300,0,900.0,540.0,360.0
18453,2026-08-01,North,Product A,Core,CUST1113,New,Online,3,500,5,1425.0,900.0,525.0
18454,2026-08-01,South,Product B,Core,CUST1285,New,Partner,1,750,10,675.0,450.0,225.0
18455,2026-08-01,North,Product B,Core,CUST1216,Champions,Online,2,750,10,1350.0,900.0,450.0
18456,2026-08-01,South,Product A,Core,CUST1371,Loyal,Partner,1,500,0,500.0,300.0,200.0
18457,2026-08-02,South,Product B,Core,CUST1554,Champions,Retail Store,4,750,5,2850.0,1800.0,1050.0
18458,2026-08-02,North,Product D,Accessory,CUST1161,Lost,Retail Store,2,1200,0,2400.0,1440.0,960.0
18459,2026-08-02,West,Product D,Accessory,CUST1043,Loyal,Online,4,1200,10,4320.0,2880.0,1440.0
18460,2026-08-02,North,Product D,Accessory,CUST1081,New,Retail Store,1,1200,20,960.0,720.0,240.0
18461,2026-08-02,West,Product C,Accessory,CUST1021,Loyal,Retail Store,3,300,0,900.0,540.0,360.0
18462,2026-08-02,West,Product B,Core,CUST1172,Loyal,Online,4,750,5,2850.0,1800.0,1050.0
18463,2026-08-02,West,Product A,Core,CUST1333,Lost,Online,3,500,5,1425.0,900.0,525.0
18464,2026-08-02,South,Product A,Core,CUST1567,Champions,Retail Store,3,500,10,1350.0,900.0,450.0
18465,2026-08-02,East,Product A,Core,CUST1590,Lost,Retail Store,3,500,10,1350.0,900.0,450.0
18466,2026-08-02,East,Product B,Core,CUST1285,New,Retail Store,3,750,0,2250.0,1350.0,900.0
18467,2026-08-02,West,Product C,Accessory,CUST1594,Champions,Online,3,300,0,900.0,540.0,360.0
18468,2026-08-02,East,Product A,Core,CUST1519,At Risk,Online,2,500,0,1000.0,600.0,400.0
18469,2026-08-02,East,Product A,Core,CUST1551,Loyal,Partner,1,500,5,475.0,300.0,175.0
18470,2026-08-02,West,Product B,Core,CUST1026,New,Online,4,750,0,3000.0,1800.0,1200.0
18471,2026-08-02,North,Product D,Accessory,CUST1389,Lost,Retail Store,3,1200,0,3600.0,2160.0,1440.0
18472,2026-08-02,West,Product C,Accessory,CUST1272,Champions,Online,1,300,0,300.0,180.0,120.0
18473,2026-08-02,East,Product B,Core,CUST1098,Champions,Partner,4,750,0,3000.0,1800.0,1200.0
18474,2026-08-02,West,Product B,Core,CUST1449,At Risk,Retail Store,2,750,5,1425.0,900.0,525.0
18475,2026-08-02,South,Product D,Accessory,CUST1114,Loyal,Online,1,1200,0,1200.0,720.0,480.0
18476,2026-08-02,South,Product D,Accessory,CUST1586,Loyal,Retail Store,2,1200,10,2160.0,1440.0,720.0
18477,2026-08-02,North,Product B,Core,CUST1027,Champions,Retail Store,4,750,5,2850.0,1800.0,1050.0
18478,2026-08-02,West,Product C,Accessory,CUST1136,Lost,Online,2,300,15,510.0,360.0,150.0
18479,2026-08-02,West,Product B,Core,CUST1156,Loyal,Online,1,750,0,750.0,450.0,300.0
18480,2026-08-02,South,Product A,Core,CUST1542,At Risk,Partner,2,500,0,1000.0,600.0,400.0
18481,2026-08-02,East,Product A,Core,CUST1415,Loyal,Partner,3,500,0,1500.0,900.0,600.0
18482,2026-08-02,West,Product A,Core,CUST1242,Loyal,Online,2,500,0,1000.0,600.0,400.0
18483,2026-08-02,South,Product C,Accessory,CUST1444,Loyal,Retail Store,2,300,0,600.0,360.0,240.0
18484,2026-08-02,North,Product B,Core,CUST1114,Loyal,Retail Store,3,750,20,1800.0,1350.0,450.0
18485,2026-08-02,North,Product D,Accessory,CUST1179,At Risk,Online,2,1200,5,2280.0,1440.0,840.0
18486,2026-08-02,South,Product A,Core,CUST1469,New,Online,2,500,10,900.0,600.0,300.0
18487,2026-08-02,West,Product D,Accessory,CUST1536,New,Retail Store,3,1200,10,3240.0,2160.0,1080.0
18488,2026-08-02,West,Product C,Accessory,CUST1094,Loyal,Online,3,300,15,765.0,540.0,225.0
18489,2026-08-02,East,Product A,Core,CUST1162,Loyal,Online,3,500,0,1500.0,900.0,600.0
18490,2026-08-02,East,Product B,Core,CUST1037,New,Partner,4,750,0,3000.0,1800.0,1200.0
18491,2026-08-02,North,Product D,Accessory,CUST1154,Champions,Online,2,1200,0,2400.0,1440.0,960.0
18492,2026-08-02,East,Product D,Accessory,CUST1472,Champions,Online,3,1200,0,3600.0,2160.0,1440.0
18493,2026-08-02,North,Product A,Core,CUST1402,At Risk,Online,2,500,0,1000.0,600.0,400.0
18494,2026-08-02,South,Product A,Core,CUST1172,Loyal,Retail Store,2,500,0,1000.0,600.0,400.0
18495,2026-08-02,South,Product B,Core,CUST1456,Lost,Partner,3,750,10,2025.0,1350.0,675.0
18496,2026-08-02,West,Product D,Accessory,CUST1138,At Risk,Retail Store,4,1200,10,4320.0,2880.0,1440.0
18497,2026-08-02,South,Product D,Accessory,CUST1584,Lost,Online,1,1200,0,1200.0,720.0,480.0
18498,2026-08-02,East,Product B,Core,CUST1587,Loyal,Online,3,750,15,1912.5,1350.0,562.5
18499,2026-08-02,South,Product B,Core,CUST1332,At Risk,Online,4,750,0,3000.0,1800.0,1200.0
18500,2026-08-02,South,Product C,Accessory,CUST1156,Loyal,Online,1,300,10,270.0,180.0,90.0
18501,2026-08-02,East,Product B,Core,CUST1494,At Risk,Online,2,750,5,1425.0,900.0,525.0
18502,2026-08-02,East,Product D,Accessory,CUST1019,At Risk,Online,3,1200,0,3600.0,2160.0,1440.0
18503,2026-08-02,East,Product B,Core,CUST1297,At Risk,Online,4,750,15,2550.0,1800.0,750.0
18504,2026-08-02,South,Product A,Core,CUST1574,Lost,Retail Store,3,500,5,1425.0,900.0,525.0
18505,2026-08-02,East,Product B,Core,CUST1447,At Risk,Retail Store,4,750,0,3000.0,1800.0,1200.0
18506,2026-08-02,South,Product C,Accessory,CUST1460,New,Online,1,300,15,255.0,180.0,75.0
18507,2026-08-02,West,Product D,Accessory,CUST1092,New,Online,2,1200,0,2400.0,1440.0,960.0
18508,2026-08-02,East,Product C,Accessory,CUST1340,Champions,Online,2,300,10,540.0,360.0,180.0
18509,2026-08-02,North,Product A,Core,CUST1477,At Risk,Online,4,500,20,1600.0,1200.0,400.0
18510,2026-08-02,North,Product C,Accessory,CUST1388,Champions,Retail Store,1,300,0,300.0,180.0,120.0
18511,2026-08-02,North,Product A,Core,CUST1424,At Risk,Online,4,500,0,2000.0,1200.0,800.0
18512,2026-08-03,East,Product C,Accessory,CUST1355,New,Retail Store,2,300,10,540.0,360.0,180.0
18513,2026-08-03,West,Product C,Accessory,CUST1318,Loyal,Retail Store,3,300,0,900.0,540.0,360.0
18514,2026-08-03,South,Product A,Core,CUST1127,Champions,Retail Store,4,500,0,2000.0,1200.0,800.0
18515,2026-08-03,South,Product D,Accessory,CUST1579,Loyal,Retail Store,4,1200,0,4800.0,2880.0,1920.0
18516,2026-08-03,South,Product B,Core,CUST1320,Lost,Online,1,750,10,675.0,450.0,225.0
18517,2026-08-03,South,Product A,Core,CUST1582,Champions,Online,2,500,10,900.0,600.0,300.0
18518,2026-08-03,West,Product A,Core,CUST1460,New,Online,3,500,10,1350.0,900.0,450.0
18519,2026-08-03,East,Product A,Core,CUST1506,Loyal,Retail Store,1,500,20,400.0,300.0,100.0
18520,2026-08-03,South,Product B,Core,CUST1308,Loyal,Online,1,750,10,675.0,450.0,225.0
18521,2026-08-03,South,Product D,Accessory,CUST1488,New,Partner,4,1200,0,4800.0,2880.0,1920.0
18522,2026-08-03,West,Product A,Core,CUST1490,At Risk,Retail Store,2,500,0,1000.0,600.0,400.0
18523,2026-08-03,North,Product D,Accessory,CUST1584,Lost,Online,3,1200,10,3240.0,2160.0,1080.0
18524,2026-08-03,South,Product B,Core,CUST1196,New,Partner,2,750,0,1500.0,900.0,600.0
18525,2026-08-03,West,Product A,Core,CUST1379,At Risk,Partner,4,500,10,1800.0,1200.0,600.0
18526,2026-08-03,West,Product A,Core,CUST1156,Loyal,Online,3,500,0,1500.0,900.0,600.0
18527,2026-08-03,South,Product A,Core,CUST1047,Loyal,Online,3,500,0,1500.0,900.0,600.0
18528,2026-08-03,East,Product A,Core,CUST1253,Loyal,Online,1,500,0,500.0,300.0,200.0
18529,2026-08-03,North,Product A,Core,CUST1092,New,Online,1,500,5,475.0,300.0,175.0
18530,2026-08-03,West,Product C,Accessory,CUST1314,Loyal,Online,4,300,10,1080.0,720.0,360.0
18531,2026-08-03,East,Product A,Core,CUST1269,Champions,Retail Store,1,500,0,500.0,300.0,200.0
18532,2026-08-03,East,Product D,Accessory,CUST1117,At Risk,Retail Store,1,1200,0,1200.0,720.0,480.0
18533,2026-08-03,South,Product A,Core,CUST1581,New,Online,1,500,0,500.0,300.0,200.0
18534,2026-08-03,South,Product D,Accessory,CUST1468,Champions,Online,3,1200,15,3060.0,2160.0,900.0
18535,2026-08-03,South,Product C,Accessory,CUST1178,Lost,Online,3,300,0,900.0,540.0,360.0
18536,2026-08-03,North,Product B,Core,CUST1154,Champions,Retail Store,1,750,10,675.0,450.0,225.0
18537,2026-08-03,North,Product A,Core,CUST1122,Champions,Partner,1,500,0,500.0,300.0,200.0
18538,2026-08-03,East,Product B,Core,CUST1128,Champions,Retail Store,3,750,5,2137.5,1350.0,787.5
18539,2026-08-03,North,Product B,Core,CUST1020,At Risk,Retail Store,1,750,0,750.0,450.0,300.0
18540,2026-08-03,East,Product A,Core,CUST1221,New,Online,3,500,10,1350.0,900.0,450.0
18541,2026-08-03,West,Product A,Core,CUST1544,Champions,Online,3,500,5,1425.0,900.0,525.0
18542,2026-08-03,North,Product A,Core,CUST1096,Loyal,Online,4,500,0,2000.0,1200.0,800.0
18543,2026-08-03,East,Product D,Accessory,CUST1451,Lost,Retail Store,4,1200,15,4080.0,2880.0,1200.0
18544,2026-08-03,East,Product B,Core,CUST1193,At Risk,Partner,3,750,5,2137.5,1350.0,787.5
18545,2026-08-03,East,Product A,Core,CUST1263,Champions,Retail Store,4,500,5,1900.0,1200.0,700.0
18546,2026-08-03,West,Product A,Core,CUST1141,New,Online,4,500,0,2000.0,1200.0,800.0
18547,2026-08-03,South,Product C,Accessory,CUST1522,Loyal,Retail Store,3,300,10,810.0,540.0,270.0
18548,2026-08-03,East,Product D,Accessory,CUST1430,Lost,Partner,1,1200,15,1020.0,720.0,300.0
18549,2026-08-03,West,Product B,Core,CUST1280,Champions,Online,4,750,0,3000.0,1800.0,1200.0
18550,2026-08-03,West,Product D,Accessory,CUST1211,New,Retail Store,2,1200,5,2280.0,1440.0,840.0
18551,2026-08-03,North,Product C,Accessory,CUST1272,Champions,Retail Store,1,300,0,300.0,180.0,120.0
18552,2026-08-03,East,Product B,Core,CUST1320,Lost,Retail Store,4,750,10,2700.0,1800.0,900.0
18553,2026-08-03,North,Product C,Accessory,CUST1164,New,Online,2,300,15,510.0,360.0,150.0
18554,2026-08-03,North,Product D,Accessory,CUST1562,At Risk,Online,3,1200,10,3240.0,2160.0,1080.0
18555,2026-08-03,South,Product A,Core,CUST1377,New,Retail Store,4,500,10,1800.0,1200.0,600.0
18556,2026-08-03,East,Product B,Core,CUST1236,New,Retail Store,2,750,5,1425.0,900.0,525.0
18557,2026-08-03,North,Product C,Accessory,CUST1348,New,Retail Store,1,300,15,255.0,180.0,75.0
18558,2026-08-03,East,Product B,Core,CUST1064,At Risk,Retail Store,1,750,10,675.0,450.0,225.0
18559,2026-08-03,East,Product C,Accessory,CUST1188,At Risk,Online,2,300,5,570.0,360.0,210.0
18560,2026-08-03,South,Product C,Accessory,CUST1266,Loyal,Online,3,300,5,855.0,540.0,315.0
18561,2026-08-03,South,Product D,Accessory,CUST1057,New,Online,1,1200,0,1200.0,720.0,480.0
18562,2026-08-03,North,Product A,Core,CUST1505,At Risk,Online,2,500,0,1000.0,600.0,400.0
18563,2026-08-03,South,Product D,Accessory,CUST1256,At Risk,Online,4,1200,5,4560.0,2880.0,1680.0
18564,2026-08-03,South,Product C,Accessory,CUST1188,At Risk,Retail Store,1,300,10,270.0,180.0,90.0
18565,2026-08-03,South,Product D,Accessory,CUST1480,New,Retail Store,2,1200,5,2280.0,1440.0,840.0
18566,2026-08-03,North,Product C,Accessory,CUST1516,Loyal,Partner,2,300,5,570.0,360.0,210.0
18567,2026-08-04,North,Product C,Accessory,CUST1308,Loyal,Online,3,300,5,855.0,540.0,315.0
18568,2026-08-04,South,Product B,Core,CUST1328,At Risk,Partner,4,750,15,2550.0,1800.0,750.0
18569,2026-08-04,North,Product A,Core,CUST1205,Loyal,Online,1,500,0,500.0,300.0,200.0
18570,2026-08-04,South,Product A,Core,CUST1042,At Risk,Online,4,500,5,1900.0,1200.0,700.0
18571,2026-08-04,East,Product A,Core,CUST1390,At Risk,Retail Store,4,500,0,2000.0,1200.0,800.0
18572,2026-08-04,East,Product C,Accessory,CUST1583,Loyal,Online,4,300,0,1200.0,720.0,480.0
18573,2026-08-04,East,Product B,Core,CUST1174,Loyal,Retail Store,1,750,0,750.0,450.0,300.0
18574,2026-08-04,South,Product B,Core,CUST1019,At Risk,Online,1,750,15,637.5,450.0,187.5
18575,2026-08-04,West,Product B,Core,CUST1487,Loyal,Retail Store,2,750,20,1200.0,900.0,300.0
18576,2026-08-04,North,Product A,Core,CUST1044,At Risk,Online,1,500,5,475.0,300.0,175.0
18577,2026-08-04,North,Product A,Core,CUST1340,Champions,Online,3,500,0,1500.0,900.0,600.0
18578,2026-08-04,West,Product C,Accessory,CUST1021,Loyal,Online,4,300,15,1020.0,720.0,300.0
18579,2026-08-04,East,Product C,Accessory,CUST1225,Lost,Retail Store,2,300,0,600.0,360.0,240.0
18580,2026-08-04,North,Product B,Core,CUST1101,At Risk,Partner,2,750,10,1350.0,900.0,450.0
18581,2026-08-04,East,Product A,Core,CUST1572,New,Retail Store,3,500,15,1275.0,900.0,375.0
18582,2026-08-04,North,Product A,Core,CUST1119,At Risk,Retail Store,2,500,0,1000.0,600.0,400.0
18583,2026-08-04,East,Product B,Core,CUST1378,Loyal,Online,3,750,0,2250.0,1350.0,900.0
18584,2026-08-04,North,Product C,Accessory,CUST1172,Loyal,Online,1,300,5,285.0,180.0,105.0
18585,2026-08-04,East,Product C,Accessory,CUST1191,Loyal,Online,2,300,20,480.0,360.0,120.0
18586,2026-08-04,North,Product C,Accessory,CUST1040,New,Online,1,300,5,285.0,180.0,105.0
18587,2026-08-04,East,Product A,Core,CUST1476,New,Retail Store,1,500,10,450.0,300.0,150.0
18588,2026-08-04,South,Product B,Core,CUST1554,Champions,Online,4,750,0,3000.0,1800.0,1200.0
18589,2026-08-04,East,Product A,Core,CUST1535,Loyal,Online,1,500,0,500.0,300.0,200.0
18590,2026-08-04,South,Product A,Core,CUST1148,New,Online,2,500,0,1000.0,600.0,400.0
18591,2026-08-04,North,Product A,Core,CUST1391,Champions,Retail Store,3,500,0,1500.0,900.0,600.0
18592,2026-08-04,North,Product D,Accessory,CUST1539,At Risk,Online,4,1200,0,4800.0,2880.0,1920.0
18593,2026-08-04,East,Product B,Core,CUST1195,Loyal,Retail Store,2,750,15,1275.0,900.0,375.0
18594,2026-08-04,North,Product A,Core,CUST1398,New,Online,2,500,0,1000.0,600.0,400.0
18595,2026-08-04,South,Product C,Accessory,CUST1502,Lost,Online,3,300,0,900.0,540.0,360.0
18596,2026-08-04,South,Product A,Core,CUST1336,Champions,Online,1,500,0,500.0,300.0,200.0
18597,2026-08-04,South,Product D,Accessory,CUST1377,New,Partner,3,1200,5,3420.0,2160.0,1260.0
18598,2026-08-04,North,Product C,Accessory,CUST1042,At Risk,Partner,4,300,0,1200.0,720.0,480.0
18599,2026-08-04,East,Product A,Core,CUST1513,Loyal,Online,1,500,0,500.0,300.0,200.0
18600,2026-08-04,South,Product D,Accessory,CUST1110,New,Retail Store,3,1200,10,3240.0,2160.0,1080.0
18601,2026-08-04,North,Product B,Core,CUST1547,Champions,Online,3,750,10,2025.0,1350.0,675.0
18602,2026-08-04,South,Product B,Core,CUST1148,New,Partner,3,750,0,2250.0,1350.0,900.0
18603,2026-08-04,East,Product D,Accessory,CUST1052,At Risk,Retail Store,2,1200,5,2280.0,1440.0,840.0
18604,2026-08-04,South,Product B,Core,CUST1555,Loyal,Online,2,750,5,1425.0,900.0,525.0
18605,2026-08-04,West,Product A,Core,CUST1392,New,Online,4,500,10,1800.0,1200.0,600.0
18606,2026-08-04,West,Product C,Accessory,CUST1211,New,Online,3,300,20,720.0,540.0,180.0
18607,2026-08-04,South,Product A,Core,CUST1104,At Risk,Retail Store,1,500,10,450.0,300.0,150.0
18608,2026-08-04,West,Product B,Core,CUST1075,Loyal,Partner,3,750,0,2250.0,1350.0,900.0
18609,2026-08-04,West,Product D,Accessory,CUST1010,Loyal,Retail Store,3,1200,15,3060.0,2160.0,900.0
18610,2026-08-04,East,Product A,Core,CUST1107,Loyal,Retail Store,4,500,10,1800.0,1200.0,600.0
18611,2026-08-04,South,Product A,Core,CUST1210,At Risk,Online,2,500,5,950.0,600.0,350.0
18612,2026-08-04,East,Product B,Core,CUST1365,New,Online,2,750,10,1350.0,900.0,450.0
18613,2026-08-04,South,Product A,Core,CUST1003,At Risk,Retail Store,1,500,10,450.0,300.0,150.0
18614,2026-08-04,East,Product D,Accessory,CUST1013,At Risk,Online,4,1200,0,4800.0,2880.0,1920.0
18615,2026-08-04,South,Product A,Core,CUST1407,At Risk,Online,1,500,0,500.0,300.0,200.0
18616,2026-08-04,North,Product C,Accessory,CUST1510,Champions,Online,3,300,5,855.0,540.0,315.0
18617,2026-08-04,West,Product A,Core,CUST1199,Loyal,Partner,4,500,10,1800.0,1200.0,600.0
18618,2026-08-04,East,Product A,Core,CUST1022,Lost,Retail Store,1,500,20,400.0,300.0,100.0
18619,2026-08-05,North,Product B,Core,CUST1138,At Risk,Online,4,750,0,3000.0,1800.0,1200.0
18620,2026-08-05,North,Product A,Core,CUST1464,New,Online,3,500,5,1425.0,900.0,525.0
18621,2026-08-05,East,Product C,Accessory,CUST1530,At Risk,Retail Store,3,300,10,810.0,540.0,270.0
18622,2026-08-05,North,Product A,Core,CUST1522,Loyal,Online,3,500,0,1500.0,900.0,600.0
18623,2026-08-05,West,Product C,Accessory,CUST1460,New,Online,1,300,0,300.0,180.0,120.0
18624,2026-08-05,North,Product A,Core,CUST1435,Loyal,Retail Store,2,500,0,1000.0,600.0,400.0
18625,2026-08-05,South,Product C,Accessory,CUST1190,Lost,Online,2,300,0,600.0,360.0,240.0
18626,2026-08-05,East,Product A,Core,CUST1511,At Risk,Retail Store,1,500,0,500.0,300.0,200.0
18627,2026-08-05,North,Product A,Core,CUST1079,At Risk,Online,1,500,10,450.0,300.0,150.0
18628,2026-08-05,North,Product A,Core,CUST1584,Lost,Online,3,500,5,1425.0,900.0,525.0
18629,2026-08-05,North,Product C,Accessory,CUST1564,At Risk,Online,4,300,5,1140.0,720.0,420.0
18630,2026-08-05,North,Product A,Core,CUST1117,At Risk,Partner,4,500,10,1800.0,1200.0,600.0
18631,2026-08-05,North,Product B,Core,CUST1295,Lost,Online,2,750,10,1350.0,900.0,450.0
18632,2026-08-05,South,Product D,Accessory,CUST1543,Lost,Retail Store,1,1200,0,1200.0,720.0,480.0
18633,2026-08-05,East,Product A,Core,CUST1267,Loyal,Online,1,500,5,475.0,300.0,175.0
18634,2026-08-05,West,Product A,Core,CUST1257,Champions,Online,3,500,5,1425.0,900.0,525.0
18635,2026-08-05,South,Product A,Core,CUST1379,At Risk,Online,1,500,0,500.0,300.0,200.0
18636,2026-08-05,South,Product D,Accessory,CUST1535,Loyal,Online,2,1200,10,2160.0,1440.0,720.0
18637,2026-08-05,South,Product D,Accessory,CUST1522,Loyal,Online,3,1200,0,3600.0,2160.0,1440.0
18638,2026-08-05,South,Product A,Core,CUST1512,Champions,Online,3,500,0,1500.0,900.0,600.0
18639,2026-08-05,North,Product A,Core,CUST1101,At Risk,Online,1,500,10,450.0,300.0,150.0
18640,2026-08-05,East,Product A,Core,CUST1382,At Risk,Online,4,500,5,1900.0,1200.0,700.0
18641,2026-08-05,East,Product A,Core,CUST1442,At Risk,Online,3,500,10,1350.0,900.0,450.0
18642,2026-08-05,West,Product B,Core,CUST1262,Loyal,Retail Store,3,750,10,2025.0,1350.0,675.0
18643,2026-08-05,North,Product A,Core,CUST1545,New,Partner,4,500,10,1800.0,1200.0,600.0
18644,2026-08-05,North,Product C,Accessory,CUST1269,Champions,Online,2,300,0,600.0,360.0,240.0
18645,2026-08-05,West,Product B,Core,CUST1386,At Risk,Retail Store,3,750,10,2025.0,1350.0,675.0
18646,2026-08-05,East,Product D,Accessory,CUST1250,At Risk,Retail Store,3,1200,15,3060.0,2160.0,900.0
18647,2026-08-05,West,Product D,Accessory,CUST1194,Loyal,Partner,3,1200,10,3240.0,2160.0,1080.0
18648,2026-08-05,East,Product A,Core,CUST1417,At Risk,Retail Store,2,500,5,950.0,600.0,350.0
18649,2026-08-05,South,Product A,Core,CUST1136,Lost,Retail Store,1,500,5,475.0,300.0,175.0
18650,2026-08-05,South,Product C,Accessory,CUST1283,Loyal,Online,3,300,0,900.0,540.0,360.0
18651,2026-08-05,West,Product A,Core,CUST1300,At Risk,Partner,4,500,0,2000.0,1200.0,800.0
18652,2026-08-05,West,Product B,Core,CUST1035,Loyal,Online,2,750,0,1500.0,900.0,600.0
18653,2026-08-05,North,Product A,Core,CUST1099,Lost,Online,3,500,0,1500.0,900.0,600.0
18654,2026-08-05,South,Product A,Core,CUST1526,Lost,Partner,1,500,0,500.0,300.0,200.0
18655,2026-08-05,West,Product B,Core,CUST1087,New,Online,4,750,0,3000.0,1800.0,1200.0
18656,2026-08-05,East,Product D,Accessory,CUST1019,At Risk,Partner,3,1200,0,3600.0,2160.0,1440.0
18657,2026-08-05,East,Product D,Accessory,CUST1375,Champions,Retail Store,3,1200,20,2880.0,2160.0,720.0
18658,2026-08-05,West,Product A,Core,CUST1089,New,Retail Store,4,500,0,2000.0,1200.0,800.0
18659,2026-08-05,West,Product A,Core,CUST1526,Lost,Online,3,500,15,1275.0,900.0,375.0
18660,2026-08-05,North,Product D,Accessory,CUST1565,At Risk,Retail Store,1,1200,20,960.0,720.0,240.0
18661,2026-08-05,East,Product C,Accessory,CUST1277,New,Online,4,300,0,1200.0,720.0,480.0
18662,2026-08-05,North,Product D,Accessory,CUST1235,At Risk,Retail Store,3,1200,10,3240.0,2160.0,1080.0
18663,2026-08-05,South,Product C,Accessory,CUST1202,New,Online,4,300,0,1200.0,720.0,480.0
18664,2026-08-05,North,Product C,Accessory,CUST1148,New,Retail Store,3,300,20,720.0,540.0,180.0
18665,2026-08-05,East,Product C,Accessory,CUST1477,At Risk,Online,2,300,0,600.0,360.0,240.0
18666,2026-08-05,North,Product A,Core,CUST1332,At Risk,Online,2,500,10,900.0,600.0,300.0
18667,2026-08-05,South,Product A,Core,CUST1280,Champions,Online,2,500,0,1000.0,600.0,400.0
18668,2026-08-05,East,Product A,Core,CUST1297,At Risk,Online,3,500,5,1425.0,900.0,525.0
18669,2026-08-05,West,Product A,Core,CUST1389,Lost,Online,1,500,15,425.0,300.0,125.0
18670,2026-08-05,East,Product B,Core,CUST1405,Lost,Retail Store,3,750,0,2250.0,1350.0,900.0
18671,2026-08-05,North,Product B,Core,CUST1428,Champions,Partner,3,750,5,2137.5,1350.0,787.5
18672,2026-08-05,North,Product C,Accessory,CUST1382,At Risk,Retail Store,1,300,0,300.0,180.0,120.0
18673,2026-08-06,North,Product B,Core,CUST1454,Champions,Online,3,750,0,2250.0,1350.0,900.0
18674,2026-08-06,West,Product D,Accessory,CUST1304,Lost,Online,2,1200,20,1920.0,1440.0,480.0
18675,2026-08-06,South,Product D,Accessory,CUST1592,Loyal,Retail Store,1,1200,0,1200.0,720.0,480.0
18676,2026-08-06,East,Product A,Core,CUST1500,At Risk,Retail Store,4,500,10,1800.0,1200.0,600.0
18677,2026-08-06,West,Product B,Core,CUST1141,New,Online,2,750,20,1200.0,900.0,300.0
18678,2026-08-06,East,Product C,Accessory,CUST1141,New,Retail Store,4,300,5,1140.0,720.0,420.0
18679,2026-08-06,South,Product A,Core,CUST1350,At Risk,Retail Store,1,500,0,500.0,300.0,200.0
18680,2026-08-06,South,Product B,Core,CUST1518,Champions,Retail Store,3,750,10,2025.0,1350.0,675.0
18681,2026-08-06,East,Product A,Core,CUST1118,New,Retail Store,1,500,15,425.0,300.0,125.0
18682,2026-08-06,North,Product C,Accessory,CUST1211,New,Retail Store,1,300,5,285.0,180.0,105.0
18683,2026-08-06,West,Product B,Core,CUST1065,New,Online,3,750,5,2137.5,1350.0,787.5
18684,2026-08-06,South,Product A,Core,CUST1412,Champions,Online,1,500,20,400.0,300.0,100.0
18685,2026-08-06,East,Product C,Accessory,CUST1355,New,Retail Store,2,300,5,570.0,360.0,210.0
18686,2026-08-06,West,Product B,Core,CUST1423,Champions,Online,2,750,5,1425.0,900.0,525.0
18687,2026-08-06,West,Product C,Accessory,CUST1147,New,Online,4,300,0,1200.0,720.0,480.0
18688,2026-08-06,East,Product A,Core,CUST1437,New,Retail Store,1,500,0,500.0,300.0,200.0
18689,2026-08-06,East,Product C,Accessory,CUST1517,At Risk,Retail Store,1,300,5,285.0,180.0,105.0
18690,2026-08-06,North,Product C,Accessory,CUST1581,New,Online,1,300,10,270.0,180.0,90.0
18691,2026-08-06,South,Product B,Core,CUST1475,Loyal,Partner,4,750,10,2700.0,1800.0,900.0
18692,2026-08-06,North,Product C,Accessory,CUST1351,Loyal,Online,1,300,0,300.0,180.0,120.0
18693,2026-08-06,East,Product C,Accessory,CUST1341,Lost,Online,2,300,5,570.0,360.0,210.0
18694,2026-08-06,East,Product A,Core,CUST1024,At Risk,Retail Store,4,500,15,1700.0,1200.0,500.0
18695,2026-08-06,West,Product A,Core,CUST1315,Loyal,Retail Store,2,500,5,950.0,600.0,350.0
18696,2026-08-06,North,Product C,Accessory,CUST1301,Champions,Retail Store,2,300,5,570.0,360.0,210.0
18697,2026-08-06,West,Product C,Accessory,CUST1017,Champions,Online,3,300,5,855.0,540.0,315.0
18698,2026-08-06,South,Product A,Core,CUST1523,At Risk,Online,3,500,10,1350.0,900.0,450.0
18699,2026-08-06,East,Product D,Accessory,CUST1347,Loyal,Online,1,1200,5,1140.0,720.0,420.0
18700,2026-08-06,South,Product A,Core,CUST1372,Loyal,Retail Store,2,500,20,800.0,600.0,200.0
18701,2026-08-06,West,Product A,Core,CUST1040,New,Online,4,500,5,1900.0,1200.0,700.0
18702,2026-08-06,East,Product A,Core,CUST1442,At Risk,Retail Store,2,500,5,950.0,600.0,350.0
18703,2026-08-06,West,Product C,Accessory,CUST1325,At Risk,Retail Store,3,300,20,720.0,540.0,180.0
18704,2026-08-06,West,Product C,Accessory,CUST1519,At Risk,Online,1,300,15,255.0,180.0,75.0
18705,2026-08-06,East,Product C,Accessory,CUST1524,Champions,Retail Store,4,300,0,1200.0,720.0,480.0
18706,2026-08-06,North,Product D,Accessory,CUST1322,Loyal,Partner,3,1200,0,3600.0,2160.0,1440.0
18707,2026-08-06,East,Product B,Core,CUST1299,At Risk,Retail Store,3,750,15,1912.5,1350.0,562.5
18708,2026-08-06,South,Product A,Core,CUST1391,Champions,Online,4,500,5,1900.0,1200.0,700.0
18709,2026-08-06,East,Product A,Core,CUST1218,Lost,Online,2,500,0,1000.0,600.0,400.0
18710,2026-08-06,South,Product A,Core,CUST1234,Lost,Retail Store,4,500,0,2000.0,1200.0,800.0
18711,2026-08-06,East,Product B,Core,CUST1571,At Risk,Online,1,750,0,750.0,450.0,300.0
18712,2026-08-06,West,Product C,Accessory,CUST1525,Loyal,Retail Store,3,300,0,900.0,540.0,360.0
18713,2026-08-06,East,Product A,Core,CUST1529,Loyal,Online,3,500,0,1500.0,900.0,600.0
18714,2026-08-06,East,Product A,Core,CUST1063,At Risk,Retail Store,1,500,0,500.0,300.0,200.0
18715,2026-08-06,North,Product A,Core,CUST1237,At Risk,Retail Store,3,500,10,1350.0,900.0,450.0
18716,2026-08-06,South,Product D,Accessory,CUST1546,Loyal,Retail Store,4,1200,0,4800.0,2880.0,1920.0
18717,2026-08-06,East,Product A,Core,CUST1153,New,Retail Store,3,500,10,1350.0,900.0,450.0
18718,2026-08-06,East,Product A,Core,CUST1318,Loyal,Partner,2,500,0,1000.0,600.0,400.0
18719,2026-08-06,North,Product B,Core,CUST1577,New,Online,4,750,10,2700.0,1800.0,900.0
18720,2026-08-06,East,Product A,Core,CUST1383,New,Online,1,500,0,500.0,300.0,200.0
18721,2026-08-06,North,Product D,Accessory,CUST1454,Champions,Online,4,1200,5,4560.0,2880.0,1680.0
18722,2026-08-06,South,Product B,Core,CUST1237,At Risk,Online,2,750,10,1350.0,900.0,450.0
18723,2026-08-06,East,Product A,Core,CUST1492,At Risk,Online,2,500,0,1000.0,600.0,400.0
18724,2026-08-06,North,Product B,Core,CUST1555,Loyal,Retail Store,3,750,10,2025.0,1350.0,675.0
18725,2026-08-06,South,Product B,Core,CUST1348,New,Retail Store,4,750,10,2700.0,1800.0,900.0
18726,2026-08-07,East,Product B,Core,CUST1257,Champions,Online,4,750,5,2850.0,1800.0,1050.0
18727,2026-08-07,West,Product C,Accessory,CUST1012,At Risk,Partner,4,300,0,1200.0,720.0,480.0
18728,2026-08-07,West,Product D,Accessory,CUST1237,At Risk,Retail Store,4,1200,10,4320.0,2880.0,1440.0
18729,2026-08-07,North,Product D,Accessory,CUST1137,New,Retail Store,4,1200,0,4800.0,2880.0,1920.0
18730,2026-08-07,East,Product A,Core,CUST1098,Champions,Online,4,500,5,1900.0,1200.0,700.0
18731,2026-08-07,East,Product A,Core,CUST1214,At Risk,Online,4,500,15,1700.0,1200.0,500.0
18732,2026-08-07,South,Product A,Core,CUST1202,New,Online,4,500,10,1800.0,1200.0,600.0
18733,2026-08-07,South,Product D,Accessory,CUST1108,Champions,Retail Store,2,1200,0,2400.0,1440.0,960.0
18734,2026-08-07,North,Product A,Core,CUST1366,At Risk,Retail Store,4,500,20,1600.0,1200.0,400.0
18735,2026-08-07,East,Product C,Accessory,CUST1129,New,Partner,4,300,5,1140.0,720.0,420.0
18736,2026-08-07,South,Product C,Accessory,CUST1585,At Risk,Online,4,300,10,1080.0,720.0,360.0
18737,2026-08-07,North,Product B,Core,CUST1233,New,Online,3,750,10,2025.0,1350.0,675.0
18738,2026-08-07,North,Product A,Core,CUST1556,Loyal,Online,1,500,0,500.0,300.0,200.0
18739,2026-08-07,South,Product A,Core,CUST1254,Loyal,Online,2,500,15,850.0,600.0,250.0
18740,2026-08-07,West,Product C,Accessory,CUST1465,At Risk,Retail Store,3,300,0,900.0,540.0,360.0
18741,2026-08-07,East,Product A,Core,CUST1115,Lost,Retail Store,1,500,0,500.0,300.0,200.0
18742,2026-08-07,North,Product A,Core,CUST1472,Champions,Online,4,500,0,2000.0,1200.0,800.0
18743,2026-08-07,West,Product A,Core,CUST1188,At Risk,Online,3,500,10,1350.0,900.0,450.0
18744,2026-08-07,West,Product A,Core,CUST1143,New,Online,1,500,5,475.0,300.0,175.0
18745,2026-08-07,West,Product A,Core,CUST1451,Lost,Online,4,500,0,2000.0,1200.0,800.0
18746,2026-08-07,East,Product C,Accessory,CUST1146,Loyal,Partner,1,300,0,300.0,180.0,120.0
18747,2026-08-07,West,Product A,Core,CUST1377,New,Retail Store,1,500,0,500.0,300.0,200.0
18748,2026-08-07,South,Product C,Accessory,CUST1364,At Risk,Retail Store,1,300,5,285.0,180.0,105.0
18749,2026-08-07,North,Product A,Core,CUST1255,At Risk,Online,2,500,10,900.0,600.0,300.0
18750,2026-08-07,East,Product D,Accessory,CUST1487,Loyal,Retail Store,3,1200,5,3420.0,2160.0,1260.0
18751,2026-08-07,North,Product B,Core,CUST1248,Loyal,Online,3,750,0,2250.0,1350.0,900.0
18752,2026-08-07,East,Product D,Accessory,CUST1519,At Risk,Online,2,1200,5,2280.0,1440.0,840.0
18753,2026-08-07,West,Product D,Accessory,CUST1260,Champions,Online,1,1200,0,1200.0,720.0,480.0
18754,2026-08-07,South,Product B,Core,CUST1580,New,Retail Store,3,750,0,2250.0,1350.0,900.0
18755,2026-08-07,North,Product D,Accessory,CUST1445,At Risk,Retail Store,4,1200,5,4560.0,2880.0,1680.0
18756,2026-08-07,North,Product B,Core,CUST1439,At Risk,Partner,1,750,5,712.5,450.0,262.5
18757,2026-08-07,South,Product B,Core,CUST1444,Loyal,Partner,2,750,5,1425.0,900.0,525.0
18758,2026-08-07,South,Product A,Core,CUST1120,New,Retail Store,4,500,5,1900.0,1200.0,700.0
18759,2026-08-07,South,Product A,Core,CUST1344,At Risk,Online,4,500,5,1900.0,1200.0,700.0
18760,2026-08-07,East,Product A,Core,CUST1090,Loyal,Online,1,500,0,500.0,300.0,200.0
18761,2026-08-07,South,Product A,Core,CUST1112,Loyal,Online,3,500,0,1500.0,900.0,600.0
18762,2026-08-07,North,Product A,Core,CUST1474,Loyal,Retail Store,3,500,0,1500.0,900.0,600.0
18763,2026-08-07,West,Product B,Core,CUST1173,Lost,Online,2,750,10,1350.0,900.0,450.0
18764,2026-08-07,East,Product A,Core,CUST1473,Champions,Online,2,500,0,1000.0,600.0,400.0
18765,2026-08-07,West,Product B,Core,CUST1209,New,Online,4,750,0,3000.0,1800.0,1200.0
18766,2026-08-07,West,Product B,Core,CUST1106,New,Online,3,750,5,2137.5,1350.0,787.5
18767,2026-08-07,North,Product C,Accessory,CUST1051,Champions,Retail Store,2,300,10,540.0,360.0,180.0
18768,2026-08-07,West,Product A,Core,CUST1537,Loyal,Online,1,500,20,400.0,300.0,100.0
18769,2026-08-07,North,Product D,Accessory,CUST1458,At Risk,Online,3,1200,0,3600.0,2160.0,1440.0
18770,2026-08-07,East,Product A,Core,CUST1531,At Risk,Online,3,500,0,1500.0,900.0,600.0
18771,2026-08-07,East,Product D,Accessory,CUST1564,At Risk,Retail Store,1,1200,15,1020.0,720.0,300.0
18772,2026-08-07,North,Product B,Core,CUST1568,Loyal,Online,1,750,10,675.0,450.0,225.0
18773,2026-08-07,South,Product C,Accessory,CUST1147,New,Online,4,300,10,1080.0,720.0,360.0
18774,2026-08-07,South,Product D,Accessory,CUST1207,At Risk,Retail Store,4,1200,10,4320.0,2880.0,1440.0
18775,2026-08-07,West,Product A,Core,CUST1520,Lost,Retail Store,4,500,5,1900.0,1200.0,700.0
18776,2026-08-07,West,Product C,Accessory,CUST1049,Champions,Retail Store,1,300,0,300.0,180.0,120.0
18777,2026-08-07,West,Product A,Core,CUST1416,Champions,Online,3,500,15,1275.0,900.0,375.0
18778,2026-08-07,South,Product B,Core,CUST1084,Champions,Online,2,750,0,1500.0,900.0,600.0
18779,2026-08-07,South,Product A,Core,CUST1039,At Risk,Online,1,500,5,475.0,300.0,175.0
18780,2026-08-07,West,Product A,Core,CUST1276,Loyal,Online,2,500,15,850.0,600.0,250.0
18781,2026-08-07,West,Product A,Core,CUST1079,At Risk,Online,2,500,0,1000.0,600.0,400.0
18782,2026-08-07,North,Product A,Core,CUST1065,New,Online,2,500,0,1000.0,600.0,400.0
18783,2026-08-07,South,Product D,Accessory,CUST1226,Champions,Online,3,1200,15,3060.0,2160.0,900.0
18784,2026-08-07,South,Product A,Core,CUST1171,New,Retail Store,2,500,5,950.0,600.0,350.0
18785,2026-08-07,East,Product B,Core,CUST1169,Lost,Retail Store,2,750,0,1500.0,900.0,600.0
18786,2026-08-07,South,Product C,Accessory,CUST1101,At Risk,Retail Store,3,300,15,765.0,540.0,225.0
18787,2026-08-07,North,Product D,Accessory,CUST1185,At Risk,Online,3,1200,5,3420.0,2160.0,1260.0
18788,2026-08-08,East,Product D,Accessory,CUST1372,Loyal,Online,1,1200,10,1080.0,720.0,360.0
18789,2026-08-08,South,Product A,Core,CUST1318,Loyal,Online,4,500,10,1800.0,1200.0,600.0
18790,2026-08-08,East,Product A,Core,CUST1157,At Risk,Online,2,500,15,850.0,600.0,250.0
18791,2026-08-08,East,Product A,Core,CUST1128,Champions,Online,2,500,5,950.0,600.0,350.0
18792,2026-08-08,West,Product A,Core,CUST1428,Champions,Retail Store,3,500,0,1500.0,900.0,600.0
18793,2026-08-08,North,Product B,Core,CUST1576,Lost,Retail Store,4,750,0,3000.0,1800.0,1200.0
18794,2026-08-08,East,Product A,Core,CUST1411,At Risk,Retail Store,4,500,15,1700.0,1200.0,500.0
18795,2026-08-08,North,Product C,Accessory,CUST1406,Loyal,Online,2,300,10,540.0,360.0,180.0
18796,2026-08-08,East,Product A,Core,CUST1139,Champions,Online,3,500,0,1500.0,900.0,600.0
18797,2026-08-08,West,Product B,Core,CUST1092,New,Online,1,750,0,750.0,450.0,300.0
18798,2026-08-08,West,Product A,Core,CUST1303,New,Online,1,500,10,450.0,300.0,150.0
18799,2026-08-08,North,Product A,Core,CUST1092,New,Retail Store,4,500,15,1700.0,1200.0,500.0
18800,2026-08-08,South,Product C,Accessory,CUST1421,Champions,Online,1,300,0,300.0,180.0,120.0
18801,2026-08-08,South,Product B,Core,CUST1182,New,Online,2,750,0,1500.0,900.0,600.0
18802,2026-08-08,North,Product B,Core,CUST1031,Lost,Partner,4,750,0,3000.0,1800.0,1200.0
18803,2026-08-08,East,Product B,Core,CUST1032,Loyal,Partner,4,750,0,3000.0,1800.0,1200.0
18804,2026-08-08,South,Product B,Core,CUST1233,New,Online,4,750,10,2700.0,1800.0,900.0
18805,2026-08-08,South,Product C,Accessory,CUST1231,New,Online,2,300,0,600.0,360.0,240.0
18806,2026-08-08,South,Product D,Accessory,CUST1049,Champions,Partner,4,1200,15,4080.0,2880.0,1200.0
18807,2026-08-08,South,Product C,Accessory,CUST1040,New,Online,3,300,10,810.0,540.0,270.0
18808,2026-08-08,North,Product B,Core,CUST1368,Loyal,Online,1,750,0,750.0,450.0,300.0
18809,2026-08-08,North,Product D,Accessory,CUST1408,Champions,Online,3,1200,5,3420.0,2160.0,1260.0
18810,2026-08-08,East,Product A,Core,CUST1045,At Risk,Online,1,500,0,500.0,300.0,200.0
18811,2026-08-08,East,Product B,Core,CUST1085,Champions,Retail Store,4,750,5,2850.0,1800.0,1050.0
18812,2026-08-08,South,Product A,Core,CUST1281,Loyal,Online,1,500,0,500.0,300.0,200.0
18813,2026-08-08,East,Product A,Core,CUST1279,Lost,Retail Store,1,500,15,425.0,300.0,125.0
18814,2026-08-08,West,Product D,Accessory,CUST1450,Champions,Online,2,1200,10,2160.0,1440.0,720.0
18815,2026-08-08,East,Product A,Core,CUST1367,At Risk,Partner,3,500,0,1500.0,900.0,600.0
18816,2026-08-08,North,Product D,Accessory,CUST1128,Champions,Online,1,1200,15,1020.0,720.0,300.0
18817,2026-08-08,East,Product D,Accessory,CUST1452,At Risk,Online,1,1200,0,1200.0,720.0,480.0
18818,2026-08-08,South,Product C,Accessory,CUST1144,New,Online,2,300,10,540.0,360.0,180.0
18819,2026-08-08,North,Product A,Core,CUST1091,At Risk,Retail Store,3,500,5,1425.0,900.0,525.0
18820,2026-08-08,South,Product A,Core,CUST1130,Loyal,Online,3,500,10,1350.0,900.0,450.0
18821,2026-08-08,East,Product A,Core,CUST1414,Champions,Online,2,500,20,800.0,600.0,200.0
18822,2026-08-08,West,Product C,Accessory,CUST1373,Loyal,Retail Store,2,300,5,570.0,360.0,210.0
18823,2026-08-08,North,Product B,Core,CUST1386,At Risk,Online,2,750,5,1425.0,900.0,525.0
18824,2026-08-08,North,Product A,Core,CUST1409,Lost,Online,3,500,15,1275.0,900.0,375.0
18825,2026-08-08,South,Product A,Core,CUST1233,New,Online,1,500,0,500.0,300.0,200.0
18826,2026-08-08,West,Product D,Accessory,CUST1109,Lost,Online,2,1200,0,2400.0,1440.0,960.0
18827,2026-08-08,East,Product D,Accessory,CUST1135,Champions,Retail Store,2,1200,0,2400.0,1440.0,960.0
18828,2026-08-08,East,Product A,Core,CUST1468,Champions,Retail Store,3,500,5,1425.0,900.0,525.0
18829,2026-08-08,East,Product A,Core,CUST1294,At Risk,Retail Store,2,500,5,950.0,600.0,350.0
18830,2026-08-08,West,Product C,Accessory,CUST1545,New,Online,2,300,10,540.0,360.0,180.0
18831,2026-08-08,South,Product D,Accessory,CUST1073,Loyal,Retail Store,3,1200,10,3240.0,2160.0,1080.0
18832,2026-08-08,North,Product A,Core,CUST1483,Loyal,Retail Store,1,500,15,425.0,300.0,125.0
18833,2026-08-08,East,Product A,Core,CUST1225,Lost,Retail Store,2,500,15,850.0,600.0,250.0
18834,2026-08-08,East,Product A,Core,CUST1476,New,Retail Store,1,500,5,475.0,300.0,175.0
18835,2026-08-08,North,Product B,Core,CUST1340,Champions,Online,1,750,0,750.0,450.0,300.0
18836,2026-08-08,East,Product A,Core,CUST1565,At Risk,Online,2,500,0,1000.0,600.0,400.0
18837,2026-08-08,North,Product D,Accessory,CUST1076,Loyal,Partner,2,1200,0,2400.0,1440.0,960.0
18838,2026-08-08,North,Product B,Core,CUST1035,Loyal,Retail Store,1,750,10,675.0,450.0,225.0
18839,2026-08-08,East,Product A,Core,CUST1282,Loyal,Retail Store,1,500,0,500.0,300.0,200.0
18840,2026-08-08,South,Product B,Core,CUST1555,Loyal,Retail Store,2,750,0,1500.0,900.0,600.0
18841,2026-08-08,North,Product A,Core,CUST1286,Champions,Retail Store,4,500,5,1900.0,1200.0,700.0
18842,2026-08-08,South,Product C,Accessory,CUST1226,Champions,Retail Store,2,300,0,600.0,360.0,240.0
18843,2026-08-08,East,Product A,Core,CUST1457,New,Online,2,500,0,1000.0,600.0,400.0
18844,2026-08-08,North,Product A,Core,CUST1383,New,Retail Store,1,500,0,500.0,300.0,200.0
18845,2026-08-08,North,Product C,Accessory,CUST1589,Champions,Partner,3,300,0,900.0,540.0,360.0
18846,2026-08-08,East,Product A,Core,CUST1507,At Risk,Online,3,500,0,1500.0,900.0,600.0
18847,2026-08-08,North,Product A,Core,CUST1566,At Risk,Online,1,500,0,500.0,300.0,200.0
18848,2026-08-08,North,Product C,Accessory,CUST1354,New,Retail Store,1,300,10,270.0,180.0,90.0
18849,2026-08-08,East,Product A,Core,CUST1169,Lost,Online,2,500,0,1000.0,600.0,400.0
18850,2026-08-08,South,Product C,Accessory,CUST1308,Loyal,Online,3,300,10,810.0,540.0,270.0
18851,2026-08-08,North,Product A,Core,CUST1529,Loyal,Online,1,500,0,500.0,300.0,200.0
18852,2026-08-08,South,Product D,Accessory,CUST1090,Loyal,Partner,3,1200,0,3600.0,2160.0,1440.0
18853,2026-08-08,West,Product A,Core,CUST1320,Lost,Online,1,500,5,475.0,300.0,175.0
18854,2026-08-08,North,Product C,Accessory,CUST1063,At Risk,Online,4,300,0,1200.0,720.0,480.0
18855,2026-08-08,North,Product A,Core,CUST1067,Loyal,Online,1,500,0,500.0,300.0,200.0
18856,2026-08-09,East,Product D,Accessory,CUST1532,Loyal,Partner,2,1200,0,2400.0,1440.0,960.0
18857,2026-08-09,South,Product A,Core,CUST1269,Champions,Online,3,500,5,1425.0,900.0,525.0
18858,2026-08-09,North,Product B,Core,CUST1347,Loyal,Online,3,750,15,1912.5,1350.0,562.5
18859,2026-08-09,West,Product A,Core,CUST1368,Loyal,Retail Store,2,500,15,850.0,600.0,250.0
18860,2026-08-09,North,Product D,Accessory,CUST1485,New,Retail Store,2,1200,0,2400.0,1440.0,960.0
18861,2026-08-09,North,Product A,Core,CUST1155,At Risk,Retail Store,3,500,5,1425.0,900.0,525.0
18862,2026-08-09,South,Product A,Core,CUST1076,Loyal,Online,2,500,0,1000.0,600.0,400.0
18863,2026-08-09,West,Product D,Accessory,CUST1389,Lost,Online,3,1200,10,3240.0,2160.0,1080.0
18864,2026-08-09,North,Product B,Core,CUST1596,At Risk,Retail Store,2,750,15,1275.0,900.0,375.0
18865,2026-08-09,South,Product A,Core,CUST1205,Loyal,Partner,4,500,5,1900.0,1200.0,700.0
18866,2026-08-09,West,Product B,Core,CUST1427,At Risk,Retail Store,4,750,5,2850.0,1800.0,1050.0
18867,2026-08-09,East,Product D,Accessory,CUST1500,At Risk,Online,1,1200,10,1080.0,720.0,360.0
18868,2026-08-09,North,Product C,Accessory,CUST1474,Loyal,Retail Store,1,300,0,300.0,180.0,120.0
18869,2026-08-09,North,Product B,Core,CUST1066,New,Retail Store,4,750,10,2700.0,1800.0,900.0
18870,2026-08-09,West,Product C,Accessory,CUST1250,At Risk,Retail Store,4,300,15,1020.0,720.0,300.0
18871,2026-08-09,West,Product D,Accessory,CUST1175,Champions,Retail Store,4,1200,5,4560.0,2880.0,1680.0
18872,2026-08-09,South,Product B,Core,CUST1133,Loyal,Online,3,750,10,2025.0,1350.0,675.0
18873,2026-08-09,South,Product A,Core,CUST1112,Loyal,Online,3,500,0,1500.0,900.0,600.0
18874,2026-08-09,South,Product D,Accessory,CUST1344,At Risk,Online,1,1200,5,1140.0,720.0,420.0
18875,2026-08-09,East,Product B,Core,CUST1515,Loyal,Retail Store,3,750,10,2025.0,1350.0,675.0
18876,2026-08-09,North,Product C,Accessory,CUST1270,Champions,Retail Store,3,300,5,855.0,540.0,315.0
18877,2026-08-09,North,Product B,Core,CUST1389,Lost,Online,3,750,10,2025.0,1350.0,675.0
18878,2026-08-09,South,Product B,Core,CUST1159,At Risk,Online,4,750,15,2550.0,1800.0,750.0
18879,2026-08-09,South,Product C,Accessory,CUST1053,At Risk,Online,3,300,0,900.0,540.0,360.0
18880,2026-08-09,South,Product D,Accessory,CUST1297,At Risk,Online,3,1200,0,3600.0,2160.0,1440.0
18881,2026-08-09,South,Product A,Core,CUST1365,New,Online,4,500,0,2000.0,1200.0,800.0
18882,2026-08-09,North,Product A,Core,CUST1591,New,Retail Store,1,500,10,450.0,300.0,150.0
18883,2026-08-09,East,Product A,Core,CUST1570,Loyal,Online,2,500,5,950.0,600.0,350.0
18884,2026-08-09,East,Product C,Accessory,CUST1485,New,Partner,4,300,10,1080.0,720.0,360.0
18885,2026-08-09,North,Product B,Core,CUST1219,Loyal,Retail Store,2,750,0,1500.0,900.0,600.0
18886,2026-08-09,South,Product A,Core,CUST1260,Champions,Online,4,500,0,2000.0,1200.0,800.0
18887,2026-08-09,East,Product A,Core,CUST1226,Champions,Retail Store,2,500,15,850.0,600.0,250.0
18888,2026-08-09,South,Product B,Core,CUST1531,At Risk,Online,3,750,0,2250.0,1350.0,900.0
18889,2026-08-09,West,Product A,Core,CUST1177,Lost,Online,3,500,0,1500.0,900.0,600.0
18890,2026-08-09,East,Product C,Accessory,CUST1401,Lost,Online,3,300,10,810.0,540.0,270.0
18891,2026-08-09,South,Product C,Accessory,CUST1588,Loyal,Online,1,300,0,300.0,180.0,120.0
18892,2026-08-09,North,Product C,Accessory,CUST1158,At Risk,Retail Store,4,300,10,1080.0,720.0,360.0
18893,2026-08-09,West,Product C,Accessory,CUST1595,Loyal,Online,4,300,20,960.0,720.0,240.0
18894,2026-08-09,South,Product A,Core,CUST1221,New,Retail Store,2,500,10,900.0,600.0,300.0
18895,2026-08-09,North,Product B,Core,CUST1119,At Risk,Retail Store,4,750,10,2700.0,1800.0,900.0
18896,2026-08-09,North,Product A,Core,CUST1026,New,Retail Store,2,500,20,800.0,600.0,200.0
18897,2026-08-09,East,Product B,Core,CUST1315,Loyal,Retail Store,1,750,10,675.0,450.0,225.0
18898,2026-08-09,West,Product A,Core,CUST1510,Champions,Retail Store,2,500,0,1000.0,600.0,400.0
18899,2026-08-09,South,Product A,Core,CUST1023,Lost,Retail Store,3,500,0,1500.0,900.0,600.0
18900,2026-08-09,West,Product C,Accessory,CUST1107,Loyal,Online,1,300,5,285.0,180.0,105.0
18901,2026-08-09,West,Product B,Core,CUST1388,Champions,Retail Store,3,750,0,2250.0,1350.0,900.0
18902,2026-08-09,East,Product B,Core,CUST1149,Champions,Online,4,750,0,3000.0,1800.0,1200.0
18903,2026-08-09,West,Product C,Accessory,CUST1271,Loyal,Retail Store,1,300,5,285.0,180.0,105.0
18904,2026-08-09,South,Product B,Core,CUST1540,Lost,Online,2,750,0,1500.0,900.0,600.0
18905,2026-08-09,West,Product A,Core,CUST1334,Champions,Online,2,500,0,1000.0,600.0,400.0
18906,2026-08-09,North,Product B,Core,CUST1290,At Risk,Online,2,750,10,1350.0,900.0,450.0
18907,2026-08-10,East,Product A,Core,CUST1188,At Risk,Partner,2,500,0,1000.0,600.0,400.0
18908,2026-08-10,North,Product A,Core,CUST1232,Lost,Online,1,500,10,450.0,300.0,150.0
18909,2026-08-10,North,Product C,Accessory,CUST1299,At Risk,Online,4,300,5,1140.0,720.0,420.0
18910,2026-08-10,North,Product A,Core,CUST1435,Loyal,Partner,3,500,5,1425.0,900.0,525.0
18911,2026-08-10,West,Product D,Accessory,CUST1171,New,Online,4,1200,0,4800.0,2880.0,1920.0
18912,2026-08-10,North,Product A,Core,CUST1048,At Risk,Retail Store,4,500,5,1900.0,1200.0,700.0
18913,2026-08-10,South,Product A,Core,CUST1391,Champions,Retail Store,2,500,10,900.0,600.0,300.0
18914,2026-08-10,East,Product C,Accessory,CUST1379,At Risk,Online,1,300,10,270.0,180.0,90.0
18915,2026-08-10,South,Product A,Core,CUST1147,New,Partner,1,500,10,450.0,300.0,150.0
18916,2026-08-10,South,Product B,Core,CUST1016,New,Online,1,750,0,750.0,450.0,300.0
18917,2026-08-10,West,Product A,Core,CUST1352,New,Retail Store,3,500,0,1500.0,900.0,600.0
18918,2026-08-10,South,Product A,Core,CUST1129,New,Online,1,500,10,450.0,300.0,150.0
18919,2026-08-10,West,Product C,Accessory,CUST1490,At Risk,Online,2,300,5,570.0,360.0,210.0
18920,2026-08-10,South,Product B,Core,CUST1040,New,Retail Store,4,750,5,2850.0,1800.0,1050.0
18921,2026-08-10,North,Product B,Core,CUST1418,Loyal,Retail Store,4,750,0,3000.0,1800.0,1200.0
18922,2026-08-10,North,Product C,Accessory,CUST1319,Lost,Online,1,300,0,300.0,180.0,120.0
18923,2026-08-10,North,Product D,Accessory,CUST1420,At Risk,Retail Store,1,1200,0,1200.0,720.0,480.0
18924,2026-08-10,East,Product C,Accessory,CUST1148,New,Partner,3,300,0,900.0,540.0,360.0
18925,2026-08-10,North,Product A,Core,CUST1329,Loyal,Retail Store,1,500,0,500.0,300.0,200.0
18926,2026-08-10,North,Product C,Accessory,CUST1428,Champions,Retail Store,2,300,10,540.0,360.0,180.0
18927,2026-08-10,North,Product B,Core,CUST1310,New,Retail Store,3,750,5,2137.5,1350.0,787.5
18928,2026-08-10,South,Product A,Core,CUST1497,At Risk,Retail Store,1,500,0,500.0,300.0,200.0
18929,2026-08-10,South,Product B,Core,CUST1206,Champions,Retail Store,2,750,5,1425.0,900.0,525.0
18930,2026-08-10,North,Product B,Core,CUST1051,Champions,Retail Store,3,750,0,2250.0,1350.0,900.0
18931,2026-08-10,North,Product B,Core,CUST1467,Lost,Online,4,750,10,2700.0,1800.0,900.0
18932,2026-08-10,South,Product C,Accessory,CUST1504,New,Retail Store,3,300,0,900.0,540.0,360.0
18933,2026-08-10,South,Product C,Accessory,CUST1466,At Risk,Retail Store,4,300,0,1200.0,720.0,480.0
18934,2026-08-10,South,Product D,Accessory,CUST1292,Lost,Online,3,1200,10,3240.0,2160.0,1080.0
18935,2026-08-10,North,Product A,Core,CUST1108,Champions,Partner,3,500,0,1500.0,900.0,600.0
18936,2026-08-10,East,Product B,Core,CUST1465,At Risk,Online,2,750,0,1500.0,900.0,600.0
18937,2026-08-10,South,Product A,Core,CUST1271,Loyal,Retail Store,2,500,0,1000.0,600.0,400.0
18938,2026-08-10,West,Product C,Accessory,CUST1538,Loyal,Retail Store,4,300,0,1200.0,720.0,480.0
18939,2026-08-10,West,Product A,Core,CUST1534,Champions,Partner,3,500,10,1350.0,900.0,450.0
18940,2026-08-10,South,Product A,Core,CUST1357,At Risk,Online,2,500,5,950.0,600.0,350.0
18941,2026-08-10,North,Product D,Accessory,CUST1085,Champions,Retail Store,3,1200,5,3420.0,2160.0,1260.0
18942,2026-08-10,West,Product C,Accessory,CUST1511,At Risk,Retail Store,1,300,10,270.0,180.0,90.0
18943,2026-08-10,East,Product A,Core,CUST1164,New,Online,4,500,20,1600.0,1200.0,400.0
18944,2026-08-10,East,Product A,Core,CUST1528,At Risk,Online,4,500,10,1800.0,1200.0,600.0
18945,2026-08-10,North,Product A,Core,CUST1012,At Risk,Retail Store,3,500,5,1425.0,900.0,525.0
18946,2026-08-10,North,Product A,Core,CUST1544,Champions,Retail Store,2,500,5,950.0,600.0,350.0
18947,2026-08-10,South,Product A,Core,CUST1394,Champions,Partner,2,500,5,950.0,600.0,350.0
18948,2026-08-10,South,Product A,Core,CUST1412,Champions,Retail Store,4,500,0,2000.0,1200.0,800.0
18949,2026-08-10,North,Product B,Core,CUST1579,Loyal,Partner,3,750,0,2250.0,1350.0,900.0
18950,2026-08-10,South,Product C,Accessory,CUST1347,Loyal,Partner,1,300,0,300.0,180.0,120.0
18951,2026-08-10,East,Product B,Core,CUST1110,New,Retail Store,3,750,10,2025.0,1350.0,675.0
18952,2026-08-10,East,Product C,Accessory,CUST1501,Lost,Retail Store,1,300,15,255.0,180.0,75.0
18953,2026-08-10,East,Product C,Accessory,CUST1252,New,Online,4,300,10,1080.0,720.0,360.0
18954,2026-08-11,North,Product A,Core,CUST1402,At Risk,Partner,4,500,5,1900.0,1200.0,700.0
18955,2026-08-11,East,Product A,Core,CUST1189,Loyal,Partner,4,500,5,1900.0,1200.0,700.0
18956,2026-08-11,North,Product D,Accessory,CUST1164,New,Partner,4,1200,0,4800.0,2880.0,1920.0
18957,2026-08-11,West,Product A,Core,CUST1547,Champions,Online,2,500,5,950.0,600.0,350.0
18958,2026-08-11,South,Product C,Accessory,CUST1476,New,Online,2,300,15,510.0,360.0,150.0
18959,2026-08-11,North,Product A,Core,CUST1428,Champions,Online,2,500,5,950.0,600.0,350.0
18960,2026-08-11,South,Product D,Accessory,CUST1597,At Risk,Online,3,1200,0,3600.0,2160.0,1440.0
18961,2026-08-11,North,Product C,Accessory,CUST1484,Champions,Online,3,300,0,900.0,540.0,360.0
18962,2026-08-11,West,Product A,Core,CUST1517,At Risk,Online,1,500,10,450.0,300.0,150.0
18963,2026-08-11,West,Product C,Accessory,CUST1350,At Risk,Retail Store,2,300,5,570.0,360.0,210.0
18964,2026-08-11,South,Product C,Accessory,CUST1292,Lost,Retail Store,3,300,5,855.0,540.0,315.0
18965,2026-08-11,North,Product A,Core,CUST1179,At Risk,Online,4,500,20,1600.0,1200.0,400.0
18966,2026-08-11,South,Product B,Core,CUST1154,Champions,Retail Store,1,750,10,675.0,450.0,225.0
18967,2026-08-11,North,Product D,Accessory,CUST1545,New,Online,3,1200,0,3600.0,2160.0,1440.0
18968,2026-08-11,East,Product A,Core,CUST1538,Loyal,Partner,3,500,0,1500.0,900.0,600.0
18969,2026-08-11,West,Product C,Accessory,CUST1245,Lost,Retail Store,4,300,10,1080.0,720.0,360.0
18970,2026-08-11,North,Product B,Core,CUST1300,At Risk,Online,4,750,0,3000.0,1800.0,1200.0
18971,2026-08-11,South,Product C,Accessory,CUST1486,New,Online,1,300,0,300.0,180.0,120.0
18972,2026-08-11,North,Product C,Accessory,CUST1205,Loyal,Online,4,300,5,1140.0,720.0,420.0
18973,2026-08-11,North,Product A,Core,CUST1079,At Risk,Online,4,500,0,2000.0,1200.0,800.0
18974,2026-08-11,East,Product A,Core,CUST1034,New,Online,2,500,0,1000.0,600.0,400.0
18975,2026-08-11,East,Product C,Accessory,CUST1577,New,Online,2,300,5,570.0,360.0,210.0
18976,2026-08-11,North,Product A,Core,CUST1277,New,Partner,4,500,5,1900.0,1200.0,700.0
18977,2026-08-11,East,Product B,Core,CUST1487,Loyal,Retail Store,2,750,10,1350.0,900.0,450.0
18978,2026-08-11,West,Product A,Core,CUST1289,Champions,Online,4,500,0,2000.0,1200.0,800.0
18979,2026-08-11,West,Product A,Core,CUST1486,New,Online,3,500,0,1500.0,900.0,600.0
18980,2026-08-11,East,Product B,Core,CUST1108,Champions,Partner,4,750,10,2700.0,1800.0,900.0
18981,2026-08-11,South,Product D,Accessory,CUST1421,Champions,Online,4,1200,0,4800.0,2880.0,1920.0
18982,2026-08-11,South,Product A,Core,CUST1330,At Risk,Online,1,500,10,450.0,300.0,150.0
18983,2026-08-11,West,Product C,Accessory,CUST1568,Loyal,Retail Store,3,300,5,855.0,540.0,315.0
18984,2026-08-11,West,Product B,Core,CUST1539,At Risk,Retail Store,4,750,0,3000.0,1800.0,1200.0
18985,2026-08-11,West,Product C,Accessory,CUST1142,Lost,Online,2,300,15,510.0,360.0,150.0
18986,2026-08-11,North,Product A,Core,CUST1594,Champions,Retail Store,1,500,15,425.0,300.0,125.0
18987,2026-08-11,West,Product D,Accessory,CUST1259,New,Online,2,1200,10,2160.0,1440.0,720.0
18988,2026-08-11,West,Product A,Core,CUST1527,Lost,Retail Store,2,500,10,900.0,600.0,300.0
18989,2026-08-11,North,Product B,Core,CUST1516,Loyal,Online,2,750,0,1500.0,900.0,600.0
18990,2026-08-11,East,Product A,Core,CUST1023,Lost,Online,4,500,0,2000.0,1200.0,800.0
18991,2026-08-11,North,Product C,Accessory,CUST1399,New,Online,2,300,0,600.0,360.0,240.0
18992,2026-08-11,West,Product C,Accessory,CUST1059,Champions,Online,4,300,5,1140.0,720.0,420.0
18993,2026-08-11,West,Product C,Accessory,CUST1485,New,Online,4,300,0,1200.0,720.0,480.0
18994,2026-08-11,South,Product A,Core,CUST1349,Champions,Partner,1,500,15,425.0,300.0,125.0
18995,2026-08-11,South,Product C,Accessory,CUST1269,Champions,Online,1,300,5,285.0,180.0,105.0
18996,2026-08-11,East,Product C,Accessory,CUST1076,Loyal,Partner,3,300,0,900.0,540.0,360.0
18997,2026-08-11,North,Product A,Core,CUST1335,At Risk,Online,4,500,20,1600.0,1200.0,400.0
18998,2026-08-11,South,Product A,Core,CUST1038,Loyal,Online,1,500,10,450.0,300.0,150.0
18999,2026-08-11,West,Product A,Core,CUST1425,At Risk,Online,3,500,10,1350.0,900.0,450.0
19000,2026-08-11,North,Product A,Core,CUST1421,Champions,Retail Store,2,500,0,1000.0,600.0,400.0
19001,2026-08-11,North,Product D,Accessory,CUST1229,Champions,Partner,2,1200,5,2280.0,1440.0,840.0
19002,2026-08-11,South,Product A,Core,CUST1442,At Risk,Online,2,500,0,1000.0,600.0,400.0
19003,2026-08-11,North,Product A,Core,CUST1449,At Risk,Retail Store,2,500,5,950.0,600.0,350.0
19004,2026-08-11,North,Product A,Core,CUST1079,At Risk,Online,2,500,0,1000.0,600.0,400.0
19005,2026-08-11,East,Product A,Core,CUST1234,Lost,Online,1,500,0,500.0,300.0,200.0
19006,2026-08-11,North,Product A,Core,CUST1513,Loyal,Retail Store,2,500,0,1000.0,600.0,400.0
19007,2026-08-11,North,Product A,Core,CUST1268,Champions,Online,3,500,5,1425.0,900.0,525.0
19008,2026-08-11,East,Product B,Core,CUST1505,At Risk,Online,3,750,5,2137.5,1350.0,787.5
19009,2026-08-11,East,Product A,Core,CUST1512,Champions,Online,2,500,15,850.0,600.0,250.0
19010,2026-08-12,West,Product B,Core,CUST1561,Loyal,Online,4,750,5,2850.0,1800.0,1050.0
19011,2026-08-12,East,Product D,Accessory,CUST1214,At Risk,Online,2,1200,0,2400.0,1440.0,960.0
19012,2026-08-12,South,Product C,Accessory,CUST1480,New,Retail Store,3,300,0,900.0,540.0,360.0
19013,2026-08-12,South,Product A,Core,CUST1560,Champions,Retail Store,3,500,5,1425.0,900.0,525.0
19014,2026-08-12,South,Product A,Core,CUST1072,Lost,Retail Store,4,500,10,1800.0,1200.0,600.0
19015,2026-08-12,South,Product B,Core,CUST1289,Champions,Online,1,750,10,675.0,450.0,225.0
19016,2026-08-12,South,Product D,Accessory,CUST1415,Loyal,Partner,2,1200,10,2160.0,1440.0,720.0
19017,2026-08-12,South,Product A,Core,CUST1341,Lost,Online,3,500,0,1500.0,900.0,600.0
19018,2026-08-12,West,Product D,Accessory,CUST1206,Champions,Online,3,1200,15,3060.0,2160.0,900.0
19019,2026-08-12,East,Product A,Core,CUST1337,At Risk,Partner,2,500,0,1000.0,600.0,400.0
19020,2026-08-12,East,Product A,Core,CUST1544,Champions,Online,2,500,0,1000.0,600.0,400.0
19021,2026-08-12,East,Product D,Accessory,CUST1430,Lost,Online,3,1200,15,3060.0,2160.0,900.0
19022,2026-08-12,West,Product D,Accessory,CUST1413,Lost,Online,1,1200,5,1140.0,720.0,420.0
19023,2026-08-12,South,Product C,Accessory,CUST1503,New,Online,4,300,10,1080.0,720.0,360.0
19024,2026-08-12,East,Product C,Accessory,CUST1038,Loyal,Online,1,300,0,300.0,180.0,120.0
19025,2026-08-12,East,Product B,Core,CUST1103,Lost,Online,1,750,0,750.0,450.0,300.0
19026,2026-08-12,North,Product D,Accessory,CUST1014,New,Online,2,1200,20,1920.0,1440.0,480.0
19027,2026-08-12,East,Product A,Core,CUST1479,New,Online,3,500,0,1500.0,900.0,600.0
19028,2026-08-12,East,Product C,Accessory,CUST1035,Loyal,Online,1,300,5,285.0,180.0,105.0
19029,2026-08-12,South,Product A,Core,CUST1443,Loyal,Partner,1,500,0,500.0,300.0,200.0
19030,2026-08-12,North,Product C,Accessory,CUST1148,New,Partner,2,300,15,510.0,360.0,150.0
19031,2026-08-12,East,Product D,Accessory,CUST1062,New,Retail Store,4,1200,5,4560.0,2880.0,1680.0
19032,2026-08-12,South,Product A,Core,CUST1215,At Risk,Online,4,500,10,1800.0,1200.0,600.0
19033,2026-08-12,East,Product A,Core,CUST1150,At Risk,Online,1,500,0,500.0,300.0,200.0
19034,2026-08-12,South,Product D,Accessory,CUST1102,Loyal,Retail Store,1,1200,15,1020.0,720.0,300.0
19035,2026-08-12,East,Product C,Accessory,CUST1598,Lost,Retail Store,2,300,0,600.0,360.0,240.0
19036,2026-08-12,East,Product A,Core,CUST1208,Champions,Retail Store,4,500,5,1900.0,1200.0,700.0
19037,2026-08-12,West,Product B,Core,CUST1213,At Risk,Retail Store,4,750,15,2550.0,1800.0,750.0
19038,2026-08-12,East,Product C,Accessory,CUST1396,At Risk,Retail Store,1,300,10,270.0,180.0,90.0
19039,2026-08-12,East,Product B,Core,CUST1151,Lost,Partner,3,750,10,2025.0,1350.0,675.0
19040,2026-08-12,East,Product D,Accessory,CUST1349,Champions,Online,2,1200,10,2160.0,1440.0,720.0
19041,2026-08-12,East,Product D,Accessory,CUST1187,Champions,Online,2,1200,0,2400.0,1440.0,960.0
19042,2026-08-12,South,Product C,Accessory,CUST1494,At Risk,Online,3,300,0,900.0,540.0,360.0
19043,2026-08-12,South,Product A,Core,CUST1503,New,Online,2,500,0,1000.0,600.0,400.0
19044,2026-08-12,South,Product C,Accessory,CUST1367,At Risk,Retail Store,2,300,5,570.0,360.0,210.0
19045,2026-08-12,South,Product A,Core,CUST1270,Champions,Retail Store,4,500,0,2000.0,1200.0,800.0
19046,2026-08-12,South,Product A,Core,CUST1072,Lost,Retail Store,1,500,15,425.0,300.0,125.0
19047,2026-08-12,South,Product C,Accessory,CUST1466,At Risk,Online,3,300,15,765.0,540.0,225.0
19048,2026-08-13,West,Product C,Accessory,CUST1076,Loyal,Online,2,300,5,570.0,360.0,210.0
19049,2026-08-13,North,Product B,Core,CUST1240,At Risk,Online,1,750,20,600.0,450.0,150.0
19050,2026-08-13,North,Product A,Core,CUST1264,Lost,Retail Store,2,500,5,950.0,600.0,350.0
19051,2026-08-13,West,Product A,Core,CUST1104,At Risk,Retail Store,2,500,0,1000.0,600.0,400.0
19052,2026-08-13,East,Product A,Core,CUST1567,Champions,Online,4,500,0,2000.0,1200.0,800.0
19053,2026-08-13,South,Product B,Core,CUST1294,At Risk,Retail Store,4,750,0,3000.0,1800.0,1200.0
19054,2026-08-13,West,Product C,Accessory,CUST1578,Lost,Retail Store,2,300,0,600.0,360.0,240.0
19055,2026-08-13,East,Product C,Accessory,CUST1380,New,Retail Store,4,300,0,1200.0,720.0,480.0
19056,2026-08-13,West,Product D,Accessory,CUST1524,Champions,Retail Store,1,1200,10,1080.0,720.0,360.0
19057,2026-08-13,East,Product B,Core,CUST1382,At Risk,Partner,1,750,5,712.5,450.0,262.5
19058,2026-08-13,North,Product B,Core,CUST1510,Champions,Retail Store,2,750,10,1350.0,900.0,450.0
19059,2026-08-13,North,Product A,Core,CUST1236,New,Online,3,500,5,1425.0,900.0,525.0
19060,2026-08-13,East,Product C,Accessory,CUST1456,Lost,Online,3,300,10,810.0,540.0,270.0
19061,2026-08-13,North,Product B,Core,CUST1546,Loyal,Online,1,750,0,750.0,450.0,300.0
19062,2026-08-13,South,Product B,Core,CUST1297,At Risk,Retail Store,1,750,5,712.5,450.0,262.5
19063,2026-08-13,South,Product B,Core,CUST1080,At Risk,Retail Store,4,750,5,2850.0,1800.0,1050.0
19064,2026-08-13,West,Product B,Core,CUST1562,At Risk,Partner,4,750,15,2550.0,1800.0,750.0
19065,2026-08-13,South,Product D,Accessory,CUST1024,At Risk,Online,4,1200,0,4800.0,2880.0,1920.0
19066,2026-08-13,East,Product B,Core,CUST1338,Champions,Online,3,750,0,2250.0,1350.0,900.0
19067,2026-08-13,South,Product A,Core,CUST1409,Lost,Online,2,500,0,1000.0,600.0,400.0
19068,2026-08-13,East,Product A,Core,CUST1331,Loyal,Online,1,500,10,450.0,300.0,150.0
19069,2026-08-13,South,Product C,Accessory,CUST1379,At Risk,Partner,2,300,15,510.0,360.0,150.0
19070,2026-08-13,East,Product D,Accessory,CUST1160,Champions,Online,2,1200,10,2160.0,1440.0,720.0
19071,2026-08-13,East,Product D,Accessory,CUST1399,New,Retail Store,4,1200,10,4320.0,2880.0,1440.0
19072,2026-08-13,West,Product A,Core,CUST1023,Lost,Retail Store,4,500,5,1900.0,1200.0,700.0
19073,2026-08-13,West,Product C,Accessory,CUST1359,New,Online,4,300,0,1200.0,720.0,480.0
19074,2026-08-13,West,Product A,Core,CUST1061,New,Retail Store,1,500,0,500.0,300.0,200.0
19075,2026-08-13,North,Product C,Accessory,CUST1409,Lost,Online,4,300,0,1200.0,720.0,480.0
19076,2026-08-13,South,Product A,Core,CUST1238,Champions,Online,3,500,5,1425.0,900.0,525.0
19077,2026-08-13,North,Product A,Core,CUST1121,At Risk,Retail Store,1,500,10,450.0,300.0,150.0
19078,2026-08-13,South,Product B,Core,CUST1515,Loyal,Partner,1,750,0,750.0,450.0,300.0
19079,2026-08-13,West,Product A,Core,CUST1143,New,Partner,1,500,5,475.0,300.0,175.0
19080,2026-08-13,East,Product B,Core,CUST1556,Loyal,Retail Store,2,750,10,1350.0,900.0,450.0
19081,2026-08-13,North,Product D,Accessory,CUST1350,At Risk,Online,3,1200,5,3420.0,2160.0,1260.0
19082,2026-08-13,North,Product B,Core,CUST1347,Loyal,Online,2,750,15,1275.0,900.0,375.0
19083,2026-08-13,South,Product A,Core,CUST1138,At Risk,Partner,2,500,10,900.0,600.0,300.0
19084,2026-08-13,West,Product C,Accessory,CUST1432,At Risk,Online,3,300,0,900.0,540.0,360.0
19085,2026-08-13,West,Product A,Core,CUST1200,At Risk,Retail Store,1,500,10,450.0,300.0,150.0
19086,2026-08-13,North,Product B,Core,CUST1248,Loyal,Online,1,750,0,750.0,450.0,300.0
19087,2026-08-13,West,Product A,Core,CUST1297,At Risk,Online,1,500,10,450.0,300.0,150.0
19088,2026-08-13,West,Product A,Core,CUST1330,At Risk,Online,3,500,0,1500.0,900.0,600.0
19089,2026-08-13,North,Product A,Core,CUST1299,At Risk,Retail Store,4,500,10,1800.0,1200.0,600.0
19090,2026-08-13,East,Product B,Core,CUST1307,At Risk,Online,1,750,0,750.0,450.0,300.0
19091,2026-08-13,North,Product C,Accessory,CUST1180,Lost,Online,2,300,0,600.0,360.0,240.0
19092,2026-08-13,South,Product C,Accessory,CUST1518,Champions,Retail Store,4,300,0,1200.0,720.0,480.0
19093,2026-08-13,West,Product B,Core,CUST1565,At Risk,Online,1,750,15,637.5,450.0,187.5
19094,2026-08-13,West,Product C,Accessory,CUST1259,New,Online,4,300,0,1200.0,720.0,480.0
19095,2026-08-13,East,Product A,Core,CUST1252,New,Retail Store,1,500,0,500.0,300.0,200.0
19096,2026-08-13,North,Product A,Core,CUST1280,Champions,Retail Store,1,500,0,500.0,300.0,200.0
19097,2026-08-13,East,Product A,Core,CUST1330,At Risk,Online,2,500,0,1000.0,600.0,400.0
19098,2026-08-14,South,Product C,Accessory,CUST1025,Loyal,Online,3,300,0,900.0,540.0,360.0
19099,2026-08-14,South,Product A,Core,CUST1285,New,Retail Store,4,500,10,1800.0,1200.0,600.0
19100,2026-08-14,North,Product D,Accessory,CUST1279,Lost,Online,1,1200,5,1140.0,720.0,420.0
19101,2026-08-14,West,Product C,Accessory,CUST1525,Loyal,Online,2,300,10,540.0,360.0,180.0
19102,2026-08-14,South,Product D,Accessory,CUST1412,Champions,Retail Store,1,1200,0,1200.0,720.0,480.0
19103,2026-08-14,North,Product A,Core,CUST1220,Loyal,Retail Store,2,500,5,950.0,600.0,350.0
19104,2026-08-14,North,Product D,Accessory,CUST1089,New,Retail Store,2,1200,15,2040.0,1440.0,600.0
19105,2026-08-14,North,Product C,Accessory,CUST1151,Lost,Online,1,300,0,300.0,180.0,120.0
19106,2026-08-14,East,Product D,Accessory,CUST1368,Loyal,Online,3,1200,10,3240.0,2160.0,1080.0
19107,2026-08-14,East,Product A,Core,CUST1278,Lost,Online,2,500,0,1000.0,600.0,400.0
19108,2026-08-14,East,Product D,Accessory,CUST1299,At Risk,Retail Store,2,1200,10,2160.0,1440.0,720.0
19109,2026-08-14,North,Product A,Core,CUST1380,New,Online,2,500,10,900.0,600.0,300.0
19110,2026-08-14,South,Product A,Core,CUST1529,Loyal,Online,4,500,10,1800.0,1200.0,600.0
19111,2026-08-14,West,Product A,Core,CUST1216,Champions,Retail Store,4,500,0,2000.0,1200.0,800.0
19112,2026-08-14,North,Product A,Core,CUST1437,New,Retail Store,3,500,10,1350.0,900.0,450.0
19113,2026-08-14,South,Product A,Core,CUST1379,At Risk,Online,2,500,5,950.0,600.0,350.0
19114,2026-08-14,East,Product C,Accessory,CUST1205,Loyal,Online,1,300,5,285.0,180.0,105.0
19115,2026-08-14,South,Product A,Core,CUST1051,Champions,Retail Store,2,500,5,950.0,600.0,350.0
19116,2026-08-14,North,Product D,Accessory,CUST1481,Loyal,Online,1,1200,0,1200.0,720.0,480.0
19117,2026-08-14,East,Product A,Core,CUST1330,At Risk,Online,1,500,0,500.0,300.0,200.0
19118,2026-08-14,South,Product A,Core,CUST1467,Lost,Retail Store,2,500,5,950.0,600.0,350.0
19119,2026-08-14,North,Product B,Core,CUST1466,At Risk,Online,1,750,0,750.0,450.0,300.0
19120,2026-08-14,East,Product C,Accessory,CUST1150,At Risk,Online,2,300,10,540.0,360.0,180.0
19121,2026-08-14,South,Product C,Accessory,CUST1344,At Risk,Retail Store,1,300,0,300.0,180.0,120.0
19122,2026-08-14,East,Product C,Accessory,CUST1415,Loyal,Retail Store,4,300,10,1080.0,720.0,360.0
19123,2026-08-14,West,Product C,Accessory,CUST1410,At Risk,Online,3,300,15,765.0,540.0,225.0
19124,2026-08-14,South,Product C,Accessory,CUST1538,Loyal,Partner,3,300,0,900.0,540.0,360.0
19125,2026-08-14,South,Product B,Core,CUST1124,Champions,Partner,2,750,10,1350.0,900.0,450.0
19126,2026-08-14,East,Product B,Core,CUST1452,At Risk,Retail Store,4,750,0,3000.0,1800.0,1200.0
19127,2026-08-14,North,Product C,Accessory,CUST1082,At Risk,Retail Store,4,300,0,1200.0,720.0,480.0
19128,2026-08-14,South,Product A,Core,CUST1395,New,Online,1,500,5,475.0,300.0,175.0
19129,2026-08-14,North,Product A,Core,CUST1515,Loyal,Retail Store,1,500,5,475.0,300.0,175.0
19130,2026-08-14,South,Product A,Core,CUST1010,Loyal,Online,3,500,5,1425.0,900.0,525.0
19131,2026-08-14,South,Product C,Accessory,CUST1356,At Risk,Online,3,300,15,765.0,540.0,225.0
19132,2026-08-14,West,Product A,Core,CUST1082,At Risk,Online,3,500,0,1500.0,900.0,600.0
19133,2026-08-14,South,Product A,Core,CUST1488,New,Online,1,500,5,475.0,300.0,175.0
19134,2026-08-14,South,Product A,Core,CUST1376,Lost,Retail Store,2,500,20,800.0,600.0,200.0
19135,2026-08-14,South,Product A,Core,CUST1210,At Risk,Retail Store,4,500,0,2000.0,1200.0,800.0
19136,2026-08-14,East,Product A,Core,CUST1125,New,Online,1,500,10,450.0,300.0,150.0
19137,2026-08-14,East,Product C,Accessory,CUST1270,Champions,Partner,2,300,0,600.0,360.0,240.0
19138,2026-08-14,East,Product C,Accessory,CUST1426,Loyal,Online,3,300,5,855.0,540.0,315.0
19139,2026-08-14,North,Product C,Accessory,CUST1395,New,Online,1,300,5,285.0,180.0,105.0
19140,2026-08-14,East,Product D,Accessory,CUST1280,Champions,Retail Store,4,1200,0,4800.0,2880.0,1920.0
19141,2026-08-14,North,Product C,Accessory,CUST1596,At Risk,Retail Store,2,300,0,600.0,360.0,240.0
19142,2026-08-14,East,Product A,Core,CUST1407,At Risk,Online,1,500,10,450.0,300.0,150.0
19143,2026-08-14,South,Product C,Accessory,CUST1414,Champions,Partner,3,300,0,900.0,540.0,360.0
19144,2026-08-14,North,Product B,Core,CUST1138,At Risk,Online,3,750,0,2250.0,1350.0,900.0
19145,2026-08-14,West,Product A,Core,CUST1148,New,Online,4,500,15,1700.0,1200.0,500.0
19146,2026-08-14,South,Product C,Accessory,CUST1186,Loyal,Online,4,300,5,1140.0,720.0,420.0
19147,2026-08-14,East,Product C,Accessory,CUST1081,New,Online,3,300,5,855.0,540.0,315.0
19148,2026-08-14,South,Product D,Accessory,CUST1591,New,Online,3,1200,5,3420.0,2160.0,1260.0
19149,2026-08-14,North,Product A,Core,CUST1454,Champions,Partner,3,500,10,1350.0,900.0,450.0
19150,2026-08-14,East,Product A,Core,CUST1590,Lost,Retail Store,3,500,0,1500.0,900.0,600.0
19151,2026-08-14,East,Product A,Core,CUST1293,Champions,Online,4,500,10,1800.0,1200.0,600.0
19152,2026-08-14,South,Product B,Core,CUST1454,Champions,Retail Store,3,750,10,2025.0,1350.0,675.0
19153,2026-08-14,East,Product C,Accessory,CUST1461,Champions,Online,3,300,0,900.0,540.0,360.0
19154,2026-08-14,North,Product B,Core,CUST1494,At Risk,Partner,1,750,5,712.5,450.0,262.5
19155,2026-08-14,South,Product A,Core,CUST1309,Champions,Online,4,500,10,1800.0,1200.0,600.0
19156,2026-08-14,East,Product A,Core,CUST1493,Loyal,Online,2,500,15,850.0,600.0,250.0
19157,2026-08-14,East,Product A,Core,CUST1432,At Risk,Retail Store,1,500,5,475.0,300.0,175.0
19158,2026-08-14,West,Product B,Core,CUST1571,At Risk,Online,3,750,10,2025.0,1350.0,675.0
19159,2026-08-14,West,Product B,Core,CUST1396,At Risk,Online,4,750,10,2700.0,1800.0,900.0
19160,2026-08-14,East,Product A,Core,CUST1364,At Risk,Online,1,500,5,475.0,300.0,175.0
19161,2026-08-14,North,Product D,Accessory,CUST1044,At Risk,Retail Store,2,1200,5,2280.0,1440.0,840.0
19162,2026-08-14,North,Product A,Core,CUST1067,Loyal,Online,3,500,15,1275.0,900.0,375.0
19163,2026-08-14,West,Product A,Core,CUST1550,New,Online,4,500,5,1900.0,1200.0,700.0
19164,2026-08-15,North,Product A,Core,CUST1010,Loyal,Online,4,500,15,1700.0,1200.0,500.0
19165,2026-08-15,North,Product A,Core,CUST1107,Loyal,Partner,3,500,10,1350.0,900.0,450.0
19166,2026-08-15,North,Product B,Core,CUST1161,Lost,Retail Store,3,750,10,2025.0,1350.0,675.0
19167,2026-08-15,North,Product A,Core,CUST1419,Lost,Online,1,500,10,450.0,300.0,150.0
19168,2026-08-15,West,Product A,Core,CUST1394,Champions,Partner,3,500,0,1500.0,900.0,600.0
19169,2026-08-15,West,Product A,Core,CUST1187,Champions,Online,3,500,15,1275.0,900.0,375.0
19170,2026-08-15,South,Product C,Accessory,CUST1146,Loyal,Partner,2,300,10,540.0,360.0,180.0
19171,2026-08-15,South,Product B,Core,CUST1540,Lost,Partner,1,750,0,750.0,450.0,300.0
19172,2026-08-15,South,Product C,Accessory,CUST1072,Lost,Online,3,300,0,900.0,540.0,360.0
19173,2026-08-15,North,Product A,Core,CUST1162,Loyal,Online,2,500,0,1000.0,600.0,400.0
19174,2026-08-15,West,Product D,Accessory,CUST1002,Lost,Online,2,1200,0,2400.0,1440.0,960.0
19175,2026-08-15,East,Product A,Core,CUST1409,Lost,Retail Store,4,500,10,1800.0,1200.0,600.0
19176,2026-08-15,East,Product A,Core,CUST1542,At Risk,Retail Store,3,500,0,1500.0,900.0,600.0
19177,2026-08-15,South,Product D,Accessory,CUST1229,Champions,Online,2,1200,0,2400.0,1440.0,960.0
19178,2026-08-15,North,Product C,Accessory,CUST1416,Champions,Retail Store,2,300,10,540.0,360.0,180.0
19179,2026-08-15,North,Product A,Core,CUST1199,Loyal,Online,2,500,10,900.0,600.0,300.0
19180,2026-08-15,North,Product A,Core,CUST1135,Champions,Partner,4,500,0,2000.0,1200.0,800.0
19181,2026-08-15,East,Product A,Core,CUST1449,At Risk,Retail Store,4,500,0,2000.0,1200.0,800.0
19182,2026-08-15,East,Product B,Core,CUST1029,At Risk,Online,4,750,20,2400.0,1800.0,600.0
19183,2026-08-15,West,Product A,Core,CUST1343,New,Online,2,500,5,950.0,600.0,350.0
19184,2026-08-15,South,Product A,Core,CUST1487,Loyal,Online,4,500,5,1900.0,1200.0,700.0
19185,2026-08-15,South,Product C,Accessory,CUST1462,Lost,Online,4,300,10,1080.0,720.0,360.0
19186,2026-08-15,West,Product C,Accessory,CUST1394,Champions,Online,2,300,5,570.0,360.0,210.0
19187,2026-08-15,South,Product C,Accessory,CUST1298,At Risk,Retail Store,2,300,10,540.0,360.0,180.0
19188,2026-08-15,East,Product C,Accessory,CUST1438,At Risk,Online,2,300,0,600.0,360.0,240.0
19189,2026-08-15,West,Product D,Accessory,CUST1059,Champions,Partner,3,1200,20,2880.0,2160.0,720.0
19190,2026-08-15,West,Product A,Core,CUST1007,At Risk,Retail Store,4,500,5,1900.0,1200.0,700.0
19191,2026-08-15,West,Product B,Core,CUST1590,Lost,Online,2,750,10,1350.0,900.0,450.0
19192,2026-08-15,South,Product B,Core,CUST1062,New,Partner,1,750,15,637.5,450.0,187.5
19193,2026-08-15,West,Product C,Accessory,CUST1223,Lost,Online,2,300,10,540.0,360.0,180.0
19194,2026-08-15,West,Product C,Accessory,CUST1075,Loyal,Online,3,300,10,810.0,540.0,270.0
19195,2026-08-15,West,Product A,Core,CUST1391,Champions,Online,2,500,10,900.0,600.0,300.0
19196,2026-08-15,West,Product A,Core,CUST1242,Loyal,Online,4,500,0,2000.0,1200.0,800.0
19197,2026-08-15,West,Product A,Core,CUST1574,Lost,Online,2,500,0,1000.0,600.0,400.0
19198,2026-08-15,East,Product C,Accessory,CUST1179,At Risk,Retail Store,2,300,0,600.0,360.0,240.0
19199,2026-08-15,North,Product A,Core,CUST1450,Champions,Online,4,500,0,2000.0,1200.0,800.0
19200,2026-08-15,South,Product B,Core,CUST1276,Loyal,Retail Store,2,750,0,1500.0,900.0,600.0
19201,2026-08-15,East,Product A,Core,CUST1584,Lost,Retail Store,1,500,0,500.0,300.0,200.0
19202,2026-08-15,East,Product C,Accessory,CUST1529,Loyal,Online,4,300,5,1140.0,720.0,420.0
19203,2026-08-15,North,Product A,Core,CUST1359,New,Partner,2,500,10,900.0,600.0,300.0
19204,2026-08-15,North,Product A,Core,CUST1367,At Risk,Retail Store,1,500,5,475.0,300.0,175.0
19205,2026-08-15,East,Product C,Accessory,CUST1377,New,Online,3,300,0,900.0,540.0,360.0
19206,2026-08-15,North,Product C,Accessory,CUST1338,Champions,Online,4,300,0,1200.0,720.0,480.0
19207,2026-08-15,East,Product A,Core,CUST1404,Lost,Online,2,500,10,900.0,600.0,300.0
19208,2026-08-15,North,Product A,Core,CUST1245,Lost,Retail Store,2,500,0,1000.0,600.0,400.0
19209,2026-08-15,East,Product C,Accessory,CUST1547,Champions,Online,1,300,0,300.0,180.0,120.0
19210,2026-08-15,West,Product B,Core,CUST1135,Champions,Online,3,750,5,2137.5,1350.0,787.5
19211,2026-08-15,West,Product A,Core,CUST1498,Loyal,Partner,4,500,0,2000.0,1200.0,800.0
19212,2026-08-15,West,Product A,Core,CUST1124,Champions,Retail Store,4,500,10,1800.0,1200.0,600.0
19213,2026-08-15,West,Product C,Accessory,CUST1034,New,Retail Store,4,300,0,1200.0,720.0,480.0
19214,2026-08-15,North,Product C,Accessory,CUST1295,Lost,Online,3,300,20,720.0,540.0,180.0
19215,2026-08-15,North,Product B,Core,CUST1419,Lost,Retail Store,3,750,0,2250.0,1350.0,900.0
19216,2026-08-15,North,Product B,Core,CUST1105,At Risk,Retail Store,4,750,5,2850.0,1800.0,1050.0
19217,2026-08-15,North,Product A,Core,CUST1436,Champions,Online,2,500,0,1000.0,600.0,400.0
19218,2026-08-15,North,Product A,Core,CUST1243,New,Online,3,500,0,1500.0,900.0,600.0
19219,2026-08-15,North,Product C,Accessory,CUST1195,Loyal,Retail Store,2,300,5,570.0,360.0,210.0
19220,2026-08-15,East,Product B,Core,CUST1016,New,Online,2,750,0,1500.0,900.0,600.0
19221,2026-08-16,West,Product A,Core,CUST1385,Lost,Retail Store,1,500,10,450.0,300.0,150.0
19222,2026-08-16,North,Product C,Accessory,CUST1163,Champions,Online,1,300,10,270.0,180.0,90.0
19223,2026-08-16,East,Product C,Accessory,CUST1527,Lost,Online,1,300,10,270.0,180.0,90.0
19224,2026-08-16,North,Product C,Accessory,CUST1097,Champions,Online,3,300,0,900.0,540.0,360.0
19225,2026-08-16,South,Product B,Core,CUST1458,At Risk,Retail Store,4,750,20,2400.0,1800.0,600.0
19226,2026-08-16,East,Product A,Core,CUST1379,At Risk,Online,4,500,0,2000.0,1200.0,800.0
19227,2026-08-16,East,Product A,Core,CUST1134,New,Retail Store,2,500,10,900.0,600.0,300.0
19228,2026-08-16,North,Product A,Core,CUST1087,New,Online,3,500,0,1500.0,900.0,600.0
19229,2026-08-16,South,Product A,Core,CUST1440,Lost,Online,1,500,10,450.0,300.0,150.0
19230,2026-08-16,West,Product A,Core,CUST1252,New,Online,2,500,15,850.0,600.0,250.0
19231,2026-08-16,North,Product D,Accessory,CUST1009,New,Retail Store,3,1200,5,3420.0,2160.0,1260.0
19232,2026-08-16,North,Product C,Accessory,CUST1479,New,Retail Store,3,300,20,720.0,540.0,180.0
19233,2026-08-16,South,Product B,Core,CUST1452,At Risk,Online,1,750,0,750.0,450.0,300.0
19234,2026-08-16,North,Product A,Core,CUST1046,Loyal,Retail Store,2,500,15,850.0,600.0,250.0
19235,2026-08-16,South,Product A,Core,CUST1155,At Risk,Retail Store,4,500,0,2000.0,1200.0,800.0
19236,2026-08-16,North,Product D,Accessory,CUST1296,Lost,Partner,4,1200,0,4800.0,2880.0,1920.0
19237,2026-08-16,North,Product A,Core,CUST1025,Loyal,Retail Store,2,500,0,1000.0,600.0,400.0
19238,2026-08-16,East,Product D,Accessory,CUST1564,At Risk,Retail Store,2,1200,10,2160.0,1440.0,720.0
19239,2026-08-16,South,Product B,Core,CUST1132,New,Online,2,750,0,1500.0,900.0,600.0
19240,2026-08-16,West,Product C,Accessory,CUST1164,New,Retail Store,3,300,5,855.0,540.0,315.0
19241,2026-08-16,North,Product D,Accessory,CUST1316,Loyal,Partner,3,1200,5,3420.0,2160.0,1260.0
19242,2026-08-16,North,Product C,Accessory,CUST1599,At Risk,Online,2,300,0,600.0,360.0,240.0
19243,2026-08-16,South,Product A,Core,CUST1501,Lost,Online,4,500,10,1800.0,1200.0,600.0
19244,2026-08-16,West,Product B,Core,CUST1344,At Risk,Online,1,750,0,750.0,450.0,300.0
19245,2026-08-16,South,Product B,Core,CUST1357,At Risk,Retail Store,4,750,10,2700.0,1800.0,900.0
19246,2026-08-16,East,Product C,Accessory,CUST1243,New,Retail Store,3,300,0,900.0,540.0,360.0
19247,2026-08-16,South,Product C,Accessory,CUST1030,At Risk,Online,1,300,5,285.0,180.0,105.0
19248,2026-08-16,East,Product C,Accessory,CUST1172,Loyal,Online,3,300,10,810.0,540.0,270.0
19249,2026-08-16,North,Product D,Accessory,CUST1379,At Risk,Online,2,1200,10,2160.0,1440.0,720.0
19250,2026-08-16,West,Product B,Core,CUST1285,New,Online,4,750,5,2850.0,1800.0,1050.0
19251,2026-08-16,East,Product A,Core,CUST1582,Champions,Retail Store,1,500,0,500.0,300.0,200.0
19252,2026-08-16,East,Product A,Core,CUST1270,Champions,Online,2,500,15,850.0,600.0,250.0
19253,2026-08-16,North,Product A,Core,CUST1040,New,Partner,1,500,10,450.0,300.0,150.0
19254,2026-08-16,South,Product C,Accessory,CUST1500,At Risk,Online,2,300,20,480.0,360.0,120.0
19255,2026-08-16,North,Product A,Core,CUST1574,Lost,Online,4,500,5,1900.0,1200.0,700.0
19256,2026-08-16,East,Product A,Core,CUST1021,Loyal,Online,3,500,0,1500.0,900.0,600.0
19257,2026-08-16,West,Product C,Accessory,CUST1128,Champions,Online,4,300,0,1200.0,720.0,480.0
19258,2026-08-16,North,Product B,Core,CUST1494,At Risk,Retail Store,4,750,0,3000.0,1800.0,1200.0
19259,2026-08-16,South,Product B,Core,CUST1383,New,Retail Store,4,750,0,3000.0,1800.0,1200.0
19260,2026-08-16,South,Product A,Core,CUST1433,At Risk,Online,1,500,5,475.0,300.0,175.0
19261,2026-08-16,West,Product D,Accessory,CUST1113,New,Online,1,1200,20,960.0,720.0,240.0
19262,2026-08-16,South,Product A,Core,CUST1440,Lost,Online,2,500,15,850.0,600.0,250.0
19263,2026-08-16,North,Product A,Core,CUST1105,At Risk,Retail Store,3,500,10,1350.0,900.0,450.0
19264,2026-08-16,South,Product A,Core,CUST1125,New,Online,4,500,0,2000.0,1200.0,800.0
19265,2026-08-17,North,Product A,Core,CUST1466,At Risk,Retail Store,3,500,10,1350.0,900.0,450.0
19266,2026-08-17,North,Product A,Core,CUST1082,At Risk,Retail Store,3,500,0,1500.0,900.0,600.0
19267,2026-08-17,North,Product B,Core,CUST1377,New,Retail Store,2,750,5,1425.0,900.0,525.0
19268,2026-08-17,North,Product A,Core,CUST1551,Loyal,Partner,3,500,0,1500.0,900.0,600.0
19269,2026-08-17,North,Product A,Core,CUST1179,At Risk,Online,4,500,10,1800.0,1200.0,600.0
19270,2026-08-17,South,Product A,Core,CUST1123,New,Retail Store,4,500,5,1900.0,1200.0,700.0
19271,2026-08-17,East,Product B,Core,CUST1491,At Risk,Online,4,750,10,2700.0,1800.0,900.0
19272,2026-08-17,East,Product C,Accessory,CUST1100,Lost,Partner,3,300,10,810.0,540.0,270.0
19273,2026-08-17,South,Product C,Accessory,CUST1181,Lost,Retail Store,3,300,10,810.0,540.0,270.0
19274,2026-08-17,North,Product C,Accessory,CUST1593,New,Online,3,300,5,855.0,540.0,315.0
19275,2026-08-17,East,Product A,Core,CUST1094,Loyal,Online,4,500,0,2000.0,1200.0,800.0
19276,2026-08-17,North,Product C,Accessory,CUST1188,At Risk,Retail Store,1,300,5,285.0,180.0,105.0
19277,2026-08-17,North,Product A,Core,CUST1347,Loyal,Online,3,500,0,1500.0,900.0,600.0
19278,2026-08-17,East,Product C,Accessory,CUST1135,Champions,Retail Store,4,300,0,1200.0,720.0,480.0
19279,2026-08-17,North,Product A,Core,CUST1298,At Risk,Online,4,500,5,1900.0,1200.0,700.0
19280,2026-08-17,North,Product B,Core,CUST1428,Champions,Retail Store,4,750,0,3000.0,1800.0,1200.0
19281,2026-08-17,North,Product D,Accessory,CUST1522,Loyal,Online,1,1200,0,1200.0,720.0,480.0
19282,2026-08-17,West,Product A,Core,CUST1158,At Risk,Retail Store,1,500,0,500.0,300.0,200.0
19283,2026-08-17,East,Product D,Accessory,CUST1453,Loyal,Online,1,1200,5,1140.0,720.0,420.0
19284,2026-08-17,West,Product D,Accessory,CUST1002,Lost,Retail Store,4,1200,5,4560.0,2880.0,1680.0
19285,2026-08-17,East,Product C,Accessory,CUST1285,New,Retail Store,1,300,10,270.0,180.0,90.0
19286,2026-08-17,West,Product C,Accessory,CUST1132,New,Partner,3,300,0,900.0,540.0,360.0
19287,2026-08-17,East,Product D,Accessory,CUST1157,At Risk,Partner,3,1200,0,3600.0,2160.0,1440.0
19288,2026-08-17,North,Product A,Core,CUST1116,At Risk,Retail Store,1,500,0,500.0,300.0,200.0
19289,2026-08-17,East,Product C,Accessory,CUST1115,Lost,Online,1,300,10,270.0,180.0,90.0
19290,2026-08-17,North,Product C,Accessory,CUST1181,Lost,Retail Store,3,300,10,810.0,540.0,270.0
19291,2026-08-17,North,Product D,Accessory,CUST1220,Loyal,Online,1,1200,0,1200.0,720.0,480.0
19292,2026-08-17,South,Product A,Core,CUST1228,At Risk,Online,4,500,0,2000.0,1200.0,800.0
19293,2026-08-17,North,Product B,Core,CUST1009,New,Online,3,750,0,2250.0,1350.0,900.0
19294,2026-08-17,West,Product A,Core,CUST1002,Lost,Online,1,500,10,450.0,300.0,150.0
19295,2026-08-17,North,Product A,Core,CUST1285,New,Online,1,500,0,500.0,300.0,200.0
19296,2026-08-17,East,Product A,Core,CUST1190,Lost,Partner,2,500,10,900.0,600.0,300.0
19297,2026-08-17,West,Product A,Core,CUST1056,New,Online,2,500,15,850.0,600.0,250.0
19298,2026-08-17,East,Product C,Accessory,CUST1184,At Risk,Retail Store,3,300,10,810.0,540.0,270.0
19299,2026-08-17,North,Product D,Accessory,CUST1058,Champions,Online,4,1200,0,4800.0,2880.0,1920.0
19300,2026-08-17,East,Product C,Accessory,CUST1171,New,Partner,2,300,0,600.0,360.0,240.0
19301,2026-08-17,North,Product D,Accessory,CUST1390,At Risk,Retail Store,1,1200,5,1140.0,720.0,420.0
19302,2026-08-17,East,Product D,Accessory,CUST1501,Lost,Online,3,1200,0,3600.0,2160.0,1440.0
19303,2026-08-18,North,Product A,Core,CUST1029,At Risk,Online,3,500,5,1425.0,900.0,525.0
19304,2026-08-18,North,Product A,Core,CUST1408,Champions,Partner,3,500,0,1500.0,900.0,600.0
19305,2026-08-18,West,Product C,Accessory,CUST1515,Loyal,Online,4,300,15,1020.0,720.0,300.0
19306,2026-08-18,West,Product A,Core,CUST1465,At Risk,Online,3,500,5,1425.0,900.0,525.0
19307,2026-08-18,East,Product A,Core,CUST1020,At Risk,Partner,4,500,15,1700.0,1200.0,500.0
19308,2026-08-18,North,Product C,Accessory,CUST1378,Loyal,Online,4,300,0,1200.0,720.0,480.0
19309,2026-08-18,West,Product B,Core,CUST1206,Champions,Partner,3,750,10,2025.0,1350.0,675.0
19310,2026-08-18,East,Product C,Accessory,CUST1400,Loyal,Online,2,300,0,600.0,360.0,240.0
19311,2026-08-18,North,Product C,Accessory,CUST1490,At Risk,Online,3,300,10,810.0,540.0,270.0
19312,2026-08-18,West,Product C,Accessory,CUST1461,Champions,Online,4,300,5,1140.0,720.0,420.0
19313,2026-08-18,West,Product B,Core,CUST1322,Loyal,Retail Store,3,750,0,2250.0,1350.0,900.0
19314,2026-08-18,North,Product A,Core,CUST1199,Loyal,Online,2,500,0,1000.0,600.0,400.0
19315,2026-08-18,East,Product C,Accessory,CUST1108,Champions,Retail Store,2,300,10,540.0,360.0,180.0
19316,2026-08-18,East,Product D,Accessory,CUST1272,Champions,Online,3,1200,15,3060.0,2160.0,900.0
19317,2026-08-18,South,Product D,Accessory,CUST1433,At Risk,Retail Store,2,1200,0,2400.0,1440.0,960.0
19318,2026-08-18,South,Product C,Accessory,CUST1397,Loyal,Online,3,300,0,900.0,540.0,360.0
19319,2026-08-18,North,Product D,Accessory,CUST1550,New,Retail Store,4,1200,0,4800.0,2880.0,1920.0
19320,2026-08-18,West,Product A,Core,CUST1163,Champions,Online,1,500,5,475.0,300.0,175.0
19321,2026-08-18,East,Product A,Core,CUST1182,New,Retail Store,2,500,10,900.0,600.0,300.0
19322,2026-08-18,North,Product A,Core,CUST1336,Champions,Retail Store,3,500,5,1425.0,900.0,525.0
19323,2026-08-18,North,Product D,Accessory,CUST1472,Champions,Online,1,1200,10,1080.0,720.0,360.0
19324,2026-08-18,South,Product B,Core,CUST1333,Lost,Online,1,750,0,750.0,450.0,300.0
19325,2026-08-18,South,Product D,Accessory,CUST1187,Champions,Online,1,1200,0,1200.0,720.0,480.0
19326,2026-08-18,East,Product B,Core,CUST1448,Champions,Retail Store,3,750,0,2250.0,1350.0,900.0
19327,2026-08-18,West,Product A,Core,CUST1000,At Risk,Retail Store,3,500,5,1425.0,900.0,525.0
19328,2026-08-18,South,Product A,Core,CUST1184,At Risk,Online,2,500,0,1000.0,600.0,400.0
19329,2026-08-18,South,Product C,Accessory,CUST1114,Loyal,Online,2,300,0,600.0,360.0,240.0
19330,2026-08-18,East,Product A,Core,CUST1117,At Risk,Retail Store,3,500,0,1500.0,900.0,600.0
19331,2026-08-18,West,Product C,Accessory,CUST1365,New,Retail Store,4,300,5,1140.0,720.0,420.0
19332,2026-08-18,South,Product A,Core,CUST1356,At Risk,Partner,3,500,0,1500.0,900.0,600.0
19333,2026-08-18,East,Product C,Accessory,CUST1384,Loyal,Online,1,300,5,285.0,180.0,105.0
19334,2026-08-18,East,Product A,Core,CUST1452,At Risk,Retail Store,4,500,5,1900.0,1200.0,700.0
19335,2026-08-18,North,Product A,Core,CUST1577,New,Retail Store,3,500,0,1500.0,900.0,600.0
19336,2026-08-18,East,Product A,Core,CUST1212,Loyal,Online,1,500,0,500.0,300.0,200.0
19337,2026-08-18,North,Product B,Core,CUST1203,Champions,Retail Store,1,750,0,750.0,450.0,300.0
19338,2026-08-18,South,Product C,Accessory,CUST1532,Loyal,Online,4,300,10,1080.0,720.0,360.0
19339,2026-08-18,East,Product B,Core,CUST1385,Lost,Online,3,750,0,2250.0,1350.0,900.0
19340,2026-08-18,North,Product B,Core,CUST1522,Loyal,Online,1,750,10,675.0,450.0,225.0
19341,2026-08-18,East,Product D,Accessory,CUST1400,Loyal,Online,4,1200,0,4800.0,2880.0,1920.0
19342,2026-08-19,North,Product D,Accessory,CUST1109,Lost,Online,2,1200,10,2160.0,1440.0,720.0
19343,2026-08-19,West,Product D,Accessory,CUST1495,New,Retail Store,2,1200,0,2400.0,1440.0,960.0
19344,2026-08-19,West,Product A,Core,CUST1597,At Risk,Partner,2,500,5,950.0,600.0,350.0
19345,2026-08-19,North,Product A,Core,CUST1009,New,Retail Store,2,500,0,1000.0,600.0,400.0
19346,2026-08-19,North,Product D,Accessory,CUST1566,At Risk,Retail Store,4,1200,10,4320.0,2880.0,1440.0
19347,2026-08-19,West,Product C,Accessory,CUST1585,At Risk,Partner,4,300,0,1200.0,720.0,480.0
19348,2026-08-19,South,Product C,Accessory,CUST1118,New,Online,2,300,0,600.0,360.0,240.0
19349,2026-08-19,West,Product C,Accessory,CUST1250,At Risk,Online,4,300,20,960.0,720.0,240.0
19350,2026-08-19,East,Product A,Core,CUST1595,Loyal,Online,1,500,0,500.0,300.0,200.0
19351,2026-08-19,North,Product A,Core,CUST1123,New,Retail Store,2,500,15,850.0,600.0,250.0
19352,2026-08-19,East,Product A,Core,CUST1561,Loyal,Online,1,500,20,400.0,300.0,100.0
19353,2026-08-19,South,Product C,Accessory,CUST1467,Lost,Partner,2,300,10,540.0,360.0,180.0
19354,2026-08-19,West,Product C,Accessory,CUST1373,Loyal,Online,3,300,10,810.0,540.0,270.0
19355,2026-08-19,North,Product D,Accessory,CUST1587,Loyal,Online,4,1200,0,4800.0,2880.0,1920.0
19356,2026-08-19,West,Product A,Core,CUST1504,New,Partner,1,500,5,475.0,300.0,175.0
19357,2026-08-19,West,Product A,Core,CUST1362,Champions,Online,2,500,0,1000.0,600.0,400.0
19358,2026-08-19,East,Product B,Core,CUST1473,Champions,Online,1,750,10,675.0,450.0,225.0
19359,2026-08-19,North,Product D,Accessory,CUST1563,At Risk,Online,1,1200,0,1200.0,720.0,480.0
19360,2026-08-19,East,Product A,Core,CUST1301,Champions,Online,4,500,0,2000.0,1200.0,800.0
19361,2026-08-19,North,Product C,Accessory,CUST1542,At Risk,Online,2,300,5,570.0,360.0,210.0
19362,2026-08-19,South,Product C,Accessory,CUST1118,New,Online,2,300,0,600.0,360.0,240.0
19363,2026-08-19,East,Product C,Accessory,CUST1158,At Risk,Online,1,300,15,255.0,180.0,75.0
19364,2026-08-19,North,Product C,Accessory,CUST1379,At Risk,Partner,3,300,0,900.0,540.0,360.0
19365,2026-08-19,South,Product A,Core,CUST1151,Lost,Retail Store,1,500,5,475.0,300.0,175.0
19366,2026-08-19,North,Product D,Accessory,CUST1214,At Risk,Online,4,1200,10,4320.0,2880.0,1440.0
19367,2026-08-19,East,Product D,Accessory,CUST1182,New,Retail Store,1,1200,0,1200.0,720.0,480.0
19368,2026-08-19,West,Product A,Core,CUST1416,Champions,Retail Store,2,500,10,900.0,600.0,300.0
19369,2026-08-19,West,Product B,Core,CUST1545,New,Retail Store,1,750,5,712.5,450.0,262.5
19370,2026-08-19,South,Product A,Core,CUST1127,Champions,Online,2,500,0,1000.0,600.0,400.0
19371,2026-08-19,East,Product A,Core,CUST1393,At Risk,Online,3,500,10,1350.0,900.0,450.0
19372,2026-08-19,South,Product D,Accessory,CUST1058,Champions,Retail Store,3,1200,0,3600.0,2160.0,1440.0
19373,2026-08-19,South,Product A,Core,CUST1253,Loyal,Online,3,500,0,1500.0,900.0,600.0
19374,2026-08-19,East,Product A,Core,CUST1320,Lost,Online,3,500,15,1275.0,900.0,375.0
19375,2026-08-19,South,Product B,Core,CUST1489,New,Retail Store,2,750,0,1500.0,900.0,600.0
19376,2026-08-19,South,Product D,Accessory,CUST1096,Loyal,Retail Store,1,1200,10,1080.0,720.0,360.0
19377,2026-08-19,East,Product B,Core,CUST1595,Loyal,Online,2,750,0,1500.0,900.0,600.0
19378,2026-08-19,West,Product A,Core,CUST1495,New,Online,4,500,0,2000.0,1200.0,800.0
19379,2026-08-19,North,Product A,Core,CUST1004,Champions,Retail Store,1,500,0,500.0,300.0,200.0
19380,2026-08-19,North,Product D,Accessory,CUST1006,At Risk,Retail Store,3,1200,0,3600.0,2160.0,1440.0
19381,2026-08-19,East,Product A,Core,CUST1144,New,Retail Store,2,500,10,900.0,600.0,300.0
19382,2026-08-19,South,Product A,Core,CUST1155,At Risk,Online,3,500,10,1350.0,900.0,450.0
19383,2026-08-19,East,Product A,Core,CUST1414,Champions,Retail Store,3,500,5,1425.0,900.0,525.0
19384,2026-08-19,East,Product A,Core,CUST1025,Loyal,Retail Store,3,500,20,1200.0,900.0,300.0
19385,2026-08-19,North,Product D,Accessory,CUST1543,Lost,Online,3,1200,0,3600.0,2160.0,1440.0
19386,2026-08-19,South,Product D,Accessory,CUST1329,Loyal,Online,1,1200,10,1080.0,720.0,360.0
19387,2026-08-19,North,Product D,Accessory,CUST1323,New,Partner,3,1200,0,3600.0,2160.0,1440.0
19388,2026-08-20,South,Product C,Accessory,CUST1283,Loyal,Retail Store,4,300,0,1200.0,720.0,480.0
19389,2026-08-20,East,Product C,Accessory,CUST1391,Champions,Online,1,300,0,300.0,180.0,120.0
19390,2026-08-20,North,Product A,Core,CUST1438,At Risk,Online,4,500,5,1900.0,1200.0,700.0
19391,2026-08-20,South,Product A,Core,CUST1484,Champions,Retail Store,4,500,0,2000.0,1200.0,800.0
19392,2026-08-20,North,Product A,Core,CUST1390,At Risk,Online,2,500,0,1000.0,600.0,400.0
19393,2026-08-20,West,Product A,Core,CUST1332,At Risk,Partner,2,500,0,1000.0,600.0,400.0
19394,2026-08-20,West,Product A,Core,CUST1291,Champions,Retail Store,2,500,0,1000.0,600.0,400.0
19395,2026-08-20,North,Product A,Core,CUST1487,Loyal,Online,2,500,0,1000.0,600.0,400.0
19396,2026-08-20,East,Product C,Accessory,CUST1543,Lost,Partner,4,300,10,1080.0,720.0,360.0
19397,2026-08-20,North,Product A,Core,CUST1304,Lost,Online,3,500,10,1350.0,900.0,450.0
19398,2026-08-20,South,Product B,Core,CUST1064,At Risk,Online,2,750,20,1200.0,900.0,300.0
19399,2026-08-20,North,Product B,Core,CUST1566,At Risk,Online,1,750,10,675.0,450.0,225.0
19400,2026-08-20,North,Product B,Core,CUST1308,Loyal,Online,3,750,0,2250.0,1350.0,900.0
19401,2026-08-20,North,Product B,Core,CUST1037,New,Online,2,750,0,1500.0,900.0,600.0
19402,2026-08-20,South,Product D,Accessory,CUST1111,Loyal,Online,4,1200,5,4560.0,2880.0,1680.0
19403,2026-08-20,West,Product C,Accessory,CUST1514,Loyal,Retail Store,3,300,15,765.0,540.0,225.0
19404,2026-08-20,North,Product B,Core,CUST1336,Champions,Online,2,750,0,1500.0,900.0,600.0
19405,2026-08-20,East,Product D,Accessory,CUST1543,Lost,Online,2,1200,5,2280.0,1440.0,840.0
19406,2026-08-20,South,Product A,Core,CUST1273,New,Retail Store,3,500,0,1500.0,900.0,600.0
19407,2026-08-20,North,Product A,Core,CUST1321,New,Online,4,500,20,1600.0,1200.0,400.0
19408,2026-08-20,East,Product A,Core,CUST1087,New,Online,1,500,5,475.0,300.0,175.0
19409,2026-08-20,North,Product C,Accessory,CUST1188,At Risk,Online,1,300,10,270.0,180.0,90.0
19410,2026-08-20,East,Product A,Core,CUST1343,New,Online,2,500,0,1000.0,600.0,400.0
19411,2026-08-20,West,Product A,Core,CUST1492,At Risk,Retail Store,4,500,5,1900.0,1200.0,700.0
19412,2026-08-20,North,Product B,Core,CUST1152,Champions,Retail Store,2,750,5,1425.0,900.0,525.0
19413,2026-08-20,North,Product C,Accessory,CUST1555,Loyal,Online,3,300,5,855.0,540.0,315.0
19414,2026-08-20,North,Product A,Core,CUST1171,New,Online,1,500,10,450.0,300.0,150.0
19415,2026-08-20,North,Product C,Accessory,CUST1514,Loyal,Retail Store,4,300,0,1200.0,720.0,480.0
19416,2026-08-20,South,Product C,Accessory,CUST1225,Lost,Online,1,300,10,270.0,180.0,90.0
19417,2026-08-20,North,Product B,Core,CUST1064,At Risk,Retail Store,4,750,0,3000.0,1800.0,1200.0
19418,2026-08-20,West,Product D,Accessory,CUST1281,Loyal,Online,4,1200,0,4800.0,2880.0,1920.0
19419,2026-08-20,East,Product D,Accessory,CUST1196,New,Retail Store,4,1200,10,4320.0,2880.0,1440.0
19420,2026-08-20,South,Product B,Core,CUST1314,Loyal,Retail Store,1,750,0,750.0,450.0,300.0
19421,2026-08-20,South,Product A,Core,CUST1323,New,Online,4,500,10,1800.0,1200.0,600.0
19422,2026-08-20,East,Product A,Core,CUST1181,Lost,Retail Store,4,500,0,2000.0,1200.0,800.0
19423,2026-08-20,West,Product A,Core,CUST1508,New,Online,3,500,0,1500.0,900.0,600.0
19424,2026-08-20,North,Product A,Core,CUST1239,Champions,Online,2,500,0,1000.0,600.0,400.0
19425,2026-08-20,West,Product A,Core,CUST1175,Champions,Online,4,500,15,1700.0,1200.0,500.0
19426,2026-08-20,North,Product D,Accessory,CUST1031,Lost,Online,4,1200,0,4800.0,2880.0,1920.0
19427,2026-08-20,North,Product B,Core,CUST1480,New,Online,3,750,0,2250.0,1350.0,900.0
19428,2026-08-20,West,Product A,Core,CUST1095,At Risk,Online,2,500,0,1000.0,600.0,400.0
19429,2026-08-20,North,Product D,Accessory,CUST1179,At Risk,Retail Store,3,1200,10,3240.0,2160.0,1080.0
19430,2026-08-20,East,Product A,Core,CUST1149,Champions,Online,2,500,0,1000.0,600.0,400.0
19431,2026-08-20,East,Product D,Accessory,CUST1115,Lost,Partner,3,1200,10,3240.0,2160.0,1080.0
19432,2026-08-20,North,Product A,Core,CUST1129,New,Retail Store,3,500,5,1425.0,900.0,525.0
19433,2026-08-20,East,Product B,Core,CUST1582,Champions,Retail Store,3,750,20,1800.0,1350.0,450.0
19434,2026-08-20,South,Product D,Accessory,CUST1073,Loyal,Online,4,1200,15,4080.0,2880.0,1200.0
19435,2026-08-20,North,Product B,Core,CUST1498,Loyal,Retail Store,1,750,0,750.0,450.0,300.0
19436,2026-08-20,North,Product A,Core,CUST1154,Champions,Online,2,500,0,1000.0,600.0,400.0
19437,2026-08-20,West,Product C,Accessory,CUST1013,At Risk,Online,2,300,0,600.0,360.0,240.0
19438,2026-08-20,West,Product D,Accessory,CUST1231,New,Online,4,1200,10,4320.0,2880.0,1440.0
19439,2026-08-20,West,Product A,Core,CUST1276,Loyal,Partner,3,500,5,1425.0,900.0,525.0
19440,2026-08-20,West,Product D,Accessory,CUST1369,Lost,Online,3,1200,5,3420.0,2160.0,1260.0
19441,2026-08-20,North,Product A,Core,CUST1379,At Risk,Online,3,500,5,1425.0,900.0,525.0
19442,2026-08-20,North,Product D,Accessory,CUST1204,Champions,Online,3,1200,0,3600.0,2160.0,1440.0
19443,2026-08-20,East,Product B,Core,CUST1093,Loyal,Online,4,750,15,2550.0,1800.0,750.0
19444,2026-08-20,North,Product A,Core,CUST1051,Champions,Retail Store,1,500,20,400.0,300.0,100.0
19445,2026-08-20,South,Product D,Accessory,CUST1575,New,Partner,4,1200,15,4080.0,2880.0,1200.0
19446,2026-08-20,East,Product A,Core,CUST1513,Loyal,Retail Store,3,500,15,1275.0,900.0,375.0
19447,2026-08-20,North,Product C,Accessory,CUST1536,New,Retail Store,2,300,0,600.0,360.0,240.0
19448,2026-08-21,East,Product A,Core,CUST1537,Loyal,Online,3,500,10,1350.0,900.0,450.0
19449,2026-08-21,West,Product C,Accessory,CUST1202,New,Retail Store,2,300,10,540.0,360.0,180.0
19450,2026-08-21,East,Product D,Accessory,CUST1245,Lost,Online,1,1200,0,1200.0,720.0,480.0
19451,2026-08-21,South,Product C,Accessory,CUST1480,New,Retail Store,1,300,0,300.0,180.0,120.0
19452,2026-08-21,North,Product D,Accessory,CUST1469,New,Online,4,1200,10,4320.0,2880.0,1440.0
19453,2026-08-21,West,Product B,Core,CUST1345,At Risk,Online,4,750,0,3000.0,1800.0,1200.0
19454,2026-08-21,East,Product B,Core,CUST1415,Loyal,Online,3,750,5,2137.5,1350.0,787.5
19455,2026-08-21,East,Product A,Core,CUST1409,Lost,Retail Store,1,500,5,475.0,300.0,175.0
19456,2026-08-21,East,Product D,Accessory,CUST1295,Lost,Online,4,1200,10,4320.0,2880.0,1440.0
19457,2026-08-21,South,Product D,Accessory,CUST1105,At Risk,Online,1,1200,0,1200.0,720.0,480.0
19458,2026-08-21,West,Product C,Accessory,CUST1585,At Risk,Partner,2,300,0,600.0,360.0,240.0
19459,2026-08-21,North,Product C,Accessory,CUST1097,Champions,Online,4,300,10,1080.0,720.0,360.0
19460,2026-08-21,East,Product A,Core,CUST1115,Lost,Retail Store,1,500,20,400.0,300.0,100.0
19461,2026-08-21,West,Product A,Core,CUST1099,Lost,Online,1,500,10,450.0,300.0,150.0
19462,2026-08-21,West,Product B,Core,CUST1357,At Risk,Online,4,750,20,2400.0,1800.0,600.0
19463,2026-08-21,South,Product C,Accessory,CUST1485,New,Retail Store,3,300,0,900.0,540.0,360.0
19464,2026-08-21,East,Product C,Accessory,CUST1402,At Risk,Retail Store,3,300,15,765.0,540.0,225.0
19465,2026-08-21,North,Product A,Core,CUST1410,At Risk,Retail Store,1,500,5,475.0,300.0,175.0
19466,2026-08-21,North,Product D,Accessory,CUST1307,At Risk,Online,3,1200,0,3600.0,2160.0,1440.0
19467,2026-08-21,West,Product D,Accessory,CUST1487,Loyal,Online,4,1200,15,4080.0,2880.0,1200.0
19468,2026-08-21,North,Product C,Accessory,CUST1599,At Risk,Online,3,300,0,900.0,540.0,360.0
19469,2026-08-21,West,Product C,Accessory,CUST1052,At Risk,Retail Store,4,300,0,1200.0,720.0,480.0
19470,2026-08-21,North,Product C,Accessory,CUST1043,Loyal,Online,2,300,10,540.0,360.0,180.0
19471,2026-08-21,East,Product A,Core,CUST1176,New,Partner,4,500,10,1800.0,1200.0,600.0
19472,2026-08-21,North,Product C,Accessory,CUST1411,At Risk,Online,3,300,20,720.0,540.0,180.0
19473,2026-08-21,South,Product A,Core,CUST1211,New,Retail Store,1,500,10,450.0,300.0,150.0
19474,2026-08-21,North,Product A,Core,CUST1495,New,Retail Store,4,500,0,2000.0,1200.0,800.0
19475,2026-08-21,West,Product A,Core,CUST1495,New,Online,3,500,20,1200.0,900.0,300.0
19476,2026-08-21,North,Product D,Accessory,CUST1038,Loyal,Partner,4,1200,0,4800.0,2880.0,1920.0
19477,2026-08-21,West,Product A,Core,CUST1203,Champions,Online,2,500,10,900.0,600.0,300.0
19478,2026-08-21,South,Product D,Accessory,CUST1420,At Risk,Retail Store,4,1200,5,4560.0,2880.0,1680.0
19479,2026-08-21,North,Product B,Core,CUST1235,At Risk,Partner,3,750,10,2025.0,1350.0,675.0
19480,2026-08-21,North,Product B,Core,CUST1566,At Risk,Online,2,750,10,1350.0,900.0,450.0
19481,2026-08-21,South,Product A,Core,CUST1149,Champions,Online,1,500,5,475.0,300.0,175.0
19482,2026-08-21,East,Product D,Accessory,CUST1058,Champions,Online,3,1200,10,3240.0,2160.0,1080.0
19483,2026-08-21,South,Product B,Core,CUST1472,Champions,Online,2,750,5,1425.0,900.0,525.0
19484,2026-08-21,North,Product A,Core,CUST1298,At Risk,Online,2,500,15,850.0,600.0,250.0
19485,2026-08-21,North,Product D,Accessory,CUST1241,At Risk,Online,4,1200,0,4800.0,2880.0,1920.0
19486,2026-08-21,West,Product D,Accessory,CUST1076,Loyal,Partner,3,1200,10,3240.0,2160.0,1080.0
19487,2026-08-21,East,Product D,Accessory,CUST1088,Loyal,Online,2,1200,10,2160.0,1440.0,720.0
19488,2026-08-21,East,Product B,Core,CUST1386,At Risk,Online,2,750,0,1500.0,900.0,600.0
19489,2026-08-21,South,Product A,Core,CUST1125,New,Online,1,500,15,425.0,300.0,125.0
19490,2026-08-21,East,Product A,Core,CUST1396,At Risk,Online,3,500,5,1425.0,900.0,525.0
19491,2026-08-21,West,Product B,Core,CUST1311,New,Retail Store,2,750,15,1275.0,900.0,375.0
19492,2026-08-21,West,Product A,Core,CUST1168,Loyal,Partner,4,500,15,1700.0,1200.0,500.0
19493,2026-08-21,North,Product A,Core,CUST1587,Loyal,Retail Store,2,500,0,1000.0,600.0,400.0
19494,2026-08-21,South,Product A,Core,CUST1460,New,Online,2,500,5,950.0,600.0,350.0
19495,2026-08-21,East,Product B,Core,CUST1080,At Risk,Online,1,750,0,750.0,450.0,300.0
19496,2026-08-21,East,Product C,Accessory,CUST1351,Loyal,Online,2,300,10,540.0,360.0,180.0
19497,2026-08-21,East,Product A,Core,CUST1221,New,Online,4,500,5,1900.0,1200.0,700.0
19498,2026-08-21,South,Product A,Core,CUST1104,At Risk,Online,3,500,0,1500.0,900.0,600.0
19499,2026-08-21,South,Product B,Core,CUST1460,New,Online,4,750,0,3000.0,1800.0,1200.0
19500,2026-08-21,West,Product A,Core,CUST1145,Loyal,Online,1,500,5,475.0,300.0,175.0
19501,2026-08-21,North,Product D,Accessory,CUST1592,Loyal,Partner,1,1200,5,1140.0,720.0,420.0
19502,2026-08-21,East,Product A,Core,CUST1422,Champions,Online,2,500,0,1000.0,600.0,400.0
19503,2026-08-21,East,Product A,Core,CUST1096,Loyal,Online,3,500,20,1200.0,900.0,300.0
19504,2026-08-21,West,Product A,Core,CUST1063,At Risk,Online,4,500,5,1900.0,1200.0,700.0
19505,2026-08-21,West,Product A,Core,CUST1123,New,Online,3,500,15,1275.0,900.0,375.0
19506,2026-08-21,South,Product A,Core,CUST1594,Champions,Retail Store,1,500,10,450.0,300.0,150.0
19507,2026-08-21,East,Product B,Core,CUST1352,New,Retail Store,2,750,0,1500.0,900.0,600.0
19508,2026-08-21,North,Product C,Accessory,CUST1253,Loyal,Online,2,300,0,600.0,360.0,240.0
19509,2026-08-22,North,Product C,Accessory,CUST1250,At Risk,Online,1,300,5,285.0,180.0,105.0
19510,2026-08-22,North,Product A,Core,CUST1386,At Risk,Retail Store,4,500,0,2000.0,1200.0,800.0
19511,2026-08-22,South,Product B,Core,CUST1280,Champions,Online,4,750,5,2850.0,1800.0,1050.0
19512,2026-08-22,East,Product A,Core,CUST1440,Lost,Online,2,500,15,850.0,600.0,250.0
19513,2026-08-22,North,Product A,Core,CUST1273,New,Retail Store,3,500,5,1425.0,900.0,525.0
19514,2026-08-22,East,Product C,Accessory,CUST1332,At Risk,Online,4,300,20,960.0,720.0,240.0
19515,2026-08-22,South,Product A,Core,CUST1194,Loyal,Partner,2,500,5,950.0,600.0,350.0
19516,2026-08-22,East,Product A,Core,CUST1423,Champions,Retail Store,2,500,15,850.0,600.0,250.0
19517,2026-08-22,North,Product A,Core,CUST1164,New,Online,3,500,5,1425.0,900.0,525.0
19518,2026-08-22,East,Product A,Core,CUST1079,At Risk,Retail Store,1,500,0,500.0,300.0,200.0
19519,2026-08-22,North,Product A,Core,CUST1438,At Risk,Retail Store,4,500,5,1900.0,1200.0,700.0
19520,2026-08-22,East,Product D,Accessory,CUST1452,At Risk,Online,1,1200,20,960.0,720.0,240.0
19521,2026-08-22,West,Product A,Core,CUST1128,Champions,Online,2,500,0,1000.0,600.0,400.0
19522,2026-08-22,North,Product A,Core,CUST1440,Lost,Retail Store,3,500,0,1500.0,900.0,600.0
19523,2026-08-22,East,Product C,Accessory,CUST1154,Champions,Retail Store,1,300,20,240.0,180.0,60.0
19524,2026-08-22,West,Product A,Core,CUST1081,New,Partner,2,500,0,1000.0,600.0,400.0
19525,2026-08-22,East,Product C,Accessory,CUST1595,Loyal,Retail Store,1,300,5,285.0,180.0,105.0
19526,2026-08-22,North,Product C,Accessory,CUST1514,Loyal,Retail Store,1,300,0,300.0,180.0,120.0
19527,2026-08-22,West,Product C,Accessory,CUST1478,At Risk,Online,4,300,0,1200.0,720.0,480.0
19528,2026-08-22,East,Product A,Core,CUST1427,At Risk,Retail Store,2,500,10,900.0,600.0,300.0
19529,2026-08-22,North,Product A,Core,CUST1112,Loyal,Online,1,500,5,475.0,300.0,175.0
19530,2026-08-22,South,Product D,Accessory,CUST1394,Champions,Retail Store,1,1200,5,1140.0,720.0,420.0
19531,2026-08-22,West,Product A,Core,CUST1304,Lost,Online,1,500,10,450.0,300.0,150.0
19532,2026-08-22,North,Product D,Accessory,CUST1295,Lost,Online,2,1200,15,2040.0,1440.0,600.0
19533,2026-08-22,South,Product A,Core,CUST1103,Lost,Online,1,500,0,500.0,300.0,200.0
19534,2026-08-22,North,Product A,Core,CUST1580,New,Partner,1,500,5,475.0,300.0,175.0
19535,2026-08-22,East,Product D,Accessory,CUST1398,New,Online,3,1200,15,3060.0,2160.0,900.0
19536,2026-08-22,South,Product A,Core,CUST1251,Lost,Online,1,500,5,475.0,300.0,175.0
19537,2026-08-22,East,Product C,Accessory,CUST1507,At Risk,Online,1,300,10,270.0,180.0,90.0
19538,2026-08-22,East,Product D,Accessory,CUST1340,Champions,Online,4,1200,0,4800.0,2880.0,1920.0
19539,2026-08-22,North,Product A,Core,CUST1123,New,Online,3,500,10,1350.0,900.0,450.0
19540,2026-08-22,North,Product D,Accessory,CUST1121,At Risk,Online,1,1200,5,1140.0,720.0,420.0
19541,2026-08-22,East,Product A,Core,CUST1233,New,Partner,4,500,0,2000.0,1200.0,800.0
19542,2026-08-22,West,Product C,Accessory,CUST1357,At Risk,Online,4,300,15,1020.0,720.0,300.0
19543,2026-08-22,North,Product A,Core,CUST1014,New,Online,2,500,5,950.0,600.0,350.0
19544,2026-08-22,East,Product A,Core,CUST1204,Champions,Retail Store,1,500,5,475.0,300.0,175.0
19545,2026-08-22,North,Product C,Accessory,CUST1579,Loyal,Online,2,300,0,600.0,360.0,240.0
19546,2026-08-22,South,Product D,Accessory,CUST1456,Lost,Retail Store,1,1200,0,1200.0,720.0,480.0
19547,2026-08-22,West,Product A,Core,CUST1491,At Risk,Online,4,500,10,1800.0,1200.0,600.0
19548,2026-08-22,East,Product A,Core,CUST1566,At Risk,Online,3,500,0,1500.0,900.0,600.0
19549,2026-08-22,South,Product C,Accessory,CUST1460,New,Retail Store,1,300,10,270.0,180.0,90.0
19550,2026-08-22,South,Product A,Core,CUST1025,Loyal,Online,3,500,0,1500.0,900.0,600.0
19551,2026-08-22,North,Product A,Core,CUST1559,New,Online,3,500,10,1350.0,900.0,450.0
19552,2026-08-22,West,Product C,Accessory,CUST1344,At Risk,Online,1,300,0,300.0,180.0,120.0
19553,2026-08-22,East,Product B,Core,CUST1273,New,Retail Store,1,750,10,675.0,450.0,225.0
19554,2026-08-22,South,Product A,Core,CUST1531,At Risk,Partner,2,500,5,950.0,600.0,350.0
19555,2026-08-22,North,Product A,Core,CUST1070,Loyal,Retail Store,2,500,0,1000.0,600.0,400.0
19556,2026-08-22,North,Product B,Core,CUST1535,Loyal,Online,1,750,5,712.5,450.0,262.5
19557,2026-08-22,South,Product A,Core,CUST1090,Loyal,Online,2,500,15,850.0,600.0,250.0
19558,2026-08-22,South,Product D,Accessory,CUST1148,New,Online,4,1200,15,4080.0,2880.0,1200.0
19559,2026-08-22,North,Product A,Core,CUST1170,Loyal,Online,3,500,15,1275.0,900.0,375.0
19560,2026-08-22,North,Product C,Accessory,CUST1451,Lost,Online,3,300,5,855.0,540.0,315.0
19561,2026-08-22,East,Product A,Core,CUST1213,At Risk,Retail Store,1,500,5,475.0,300.0,175.0
19562,2026-08-22,North,Product B,Core,CUST1343,New,Partner,2,750,0,1500.0,900.0,600.0
19563,2026-08-22,North,Product C,Accessory,CUST1386,At Risk,Online,1,300,5,285.0,180.0,105.0
19564,2026-08-23,North,Product A,Core,CUST1124,Champions,Online,3,500,20,1200.0,900.0,300.0
19565,2026-08-23,East,Product A,Core,CUST1001,New,Retail Store,1,500,5,475.0,300.0,175.0
19566,2026-08-23,West,Product B,Core,CUST1537,Loyal,Partner,3,750,5,2137.5,1350.0,787.5
19567,2026-08-23,South,Product D,Accessory,CUST1595,Loyal,Retail Store,3,1200,10,3240.0,2160.0,1080.0
19568,2026-08-23,North,Product A,Core,CUST1392,New,Online,2,500,10,900.0,600.0,300.0
19569,2026-08-23,West,Product A,Core,CUST1426,Loyal,Retail Store,3,500,0,1500.0,900.0,600.0
19570,2026-08-23,North,Product D,Accessory,CUST1596,At Risk,Online,4,1200,0,4800.0,2880.0,1920.0
19571,2026-08-23,West,Product B,Core,CUST1232,Lost,Online,4,750,0,3000.0,1800.0,1200.0
19572,2026-08-23,East,Product A,Core,CUST1110,New,Online,4,500,10,1800.0,1200.0,600.0
19573,2026-08-23,North,Product D,Accessory,CUST1219,Loyal,Partner,4,1200,10,4320.0,2880.0,1440.0
19574,2026-08-23,North,Product C,Accessory,CUST1226,Champions,Partner,2,300,0,600.0,360.0,240.0
19575,2026-08-23,South,Product A,Core,CUST1096,Loyal,Retail Store,1,500,5,475.0,300.0,175.0
19576,2026-08-23,East,Product A,Core,CUST1281,Loyal,Retail Store,1,500,5,475.0,300.0,175.0
19577,2026-08-23,East,Product A,Core,CUST1495,New,Retail Store,3,500,10,1350.0,900.0,450.0
19578,2026-08-23,North,Product A,Core,CUST1563,At Risk,Partner,2,500,5,950.0,600.0,350.0
19579,2026-08-23,North,Product D,Accessory,CUST1194,Loyal,Online,1,1200,0,1200.0,720.0,480.0
19580,2026-08-23,East,Product C,Accessory,CUST1044,At Risk,Retail Store,2,300,10,540.0,360.0,180.0
19581,2026-08-23,West,Product B,Core,CUST1188,At Risk,Retail Store,3,750,0,2250.0,1350.0,900.0
19582,2026-08-23,West,Product B,Core,CUST1514,Loyal,Online,2,750,5,1425.0,900.0,525.0
19583,2026-08-23,South,Product D,Accessory,CUST1593,New,Online,4,1200,15,4080.0,2880.0,1200.0
19584,2026-08-23,East,Product A,Core,CUST1508,New,Partner,2,500,5,950.0,600.0,350.0
19585,2026-08-23,East,Product A,Core,CUST1376,Lost,Online,3,500,5,1425.0,900.0,525.0
19586,2026-08-23,South,Product C,Accessory,CUST1406,Loyal,Partner,3,300,0,900.0,540.0,360.0
19587,2026-08-23,North,Product D,Accessory,CUST1078,New,Online,3,1200,10,3240.0,2160.0,1080.0
19588,2026-08-23,North,Product D,Accessory,CUST1543,Lost,Online,1,1200,5,1140.0,720.0,420.0
19589,2026-08-23,North,Product C,Accessory,CUST1145,Loyal,Retail Store,3,300,10,810.0,540.0,270.0
19590,2026-08-23,West,Product A,Core,CUST1412,Champions,Retail Store,2,500,20,800.0,600.0,200.0
19591,2026-08-23,North,Product A,Core,CUST1275,Loyal,Partner,4,500,5,1900.0,1200.0,700.0
19592,2026-08-23,North,Product D,Accessory,CUST1208,Champions,Retail Store,3,1200,15,3060.0,2160.0,900.0
19593,2026-08-23,North,Product A,Core,CUST1119,At Risk,Partner,1,500,5,475.0,300.0,175.0
19594,2026-08-23,West,Product A,Core,CUST1180,Lost,Online,3,500,0,1500.0,900.0,600.0
19595,2026-08-23,East,Product A,Core,CUST1108,Champions,Online,3,500,20,1200.0,900.0,300.0
19596,2026-08-23,North,Product C,Accessory,CUST1001,New,Retail Store,1,300,5,285.0,180.0,105.0
19597,2026-08-23,East,Product C,Accessory,CUST1390,At Risk,Retail Store,1,300,10,270.0,180.0,90.0
19598,2026-08-23,West,Product A,Core,CUST1316,Loyal,Retail Store,1,500,5,475.0,300.0,175.0
19599,2026-08-23,West,Product B,Core,CUST1089,New,Online,3,750,15,1912.5,1350.0,562.5
19600,2026-08-23,East,Product A,Core,CUST1242,Loyal,Online,4,500,10,1800.0,1200.0,600.0
19601,2026-08-23,South,Product B,Core,CUST1558,New,Online,4,750,10,2700.0,1800.0,900.0
19602,2026-08-23,South,Product A,Core,CUST1517,At Risk,Online,4,500,10,1800.0,1200.0,600.0
19603,2026-08-23,South,Product C,Accessory,CUST1529,Loyal,Online,4,300,10,1080.0,720.0,360.0
19604,2026-08-23,East,Product D,Accessory,CUST1002,Lost,Retail Store,1,1200,20,960.0,720.0,240.0
19605,2026-08-23,East,Product D,Accessory,CUST1175,Champions,Retail Store,2,1200,5,2280.0,1440.0,840.0
19606,2026-08-23,East,Product A,Core,CUST1229,Champions,Online,3,500,10,1350.0,900.0,450.0
19607,2026-08-23,South,Product D,Accessory,CUST1530,At Risk,Retail Store,4,1200,0,4800.0,2880.0,1920.0
19608,2026-08-23,East,Product C,Accessory,CUST1517,At Risk,Retail Store,2,300,15,510.0,360.0,150.0
19609,2026-08-23,East,Product B,Core,CUST1519,At Risk,Partner,4,750,0,3000.0,1800.0,1200.0
19610,2026-08-23,West,Product A,Core,CUST1208,Champions,Online,3,500,5,1425.0,900.0,525.0
19611,2026-08-23,North,Product A,Core,CUST1158,At Risk,Online,3,500,5,1425.0,900.0,525.0
19612,2026-08-23,East,Product D,Accessory,CUST1347,Loyal,Retail Store,1,1200,0,1200.0,720.0,480.0
19613,2026-08-23,West,Product C,Accessory,CUST1432,At Risk,Retail Store,4,300,0,1200.0,720.0,480.0
19614,2026-08-23,West,Product A,Core,CUST1269,Champions,Online,2,500,0,1000.0,600.0,400.0
19615,2026-08-23,South,Product B,Core,CUST1205,Loyal,Online,1,750,10,675.0,450.0,225.0
19616,2026-08-23,East,Product D,Accessory,CUST1367,At Risk,Online,1,1200,5,1140.0,720.0,420.0
19617,2026-08-23,North,Product D,Accessory,CUST1309,Champions,Online,2,1200,5,2280.0,1440.0,840.0
19618,2026-08-23,East,Product C,Accessory,CUST1115,Lost,Retail Store,4,300,0,1200.0,720.0,480.0
19619,2026-08-23,East,Product A,Core,CUST1129,New,Online,3,500,5,1425.0,900.0,525.0
19620,2026-08-23,South,Product D,Accessory,CUST1506,Loyal,Partner,4,1200,15,4080.0,2880.0,1200.0
19621,2026-08-24,South,Product D,Accessory,CUST1054,At Risk,Retail Store,2,1200,0,2400.0,1440.0,960.0
19622,2026-08-24,North,Product A,Core,CUST1269,Champions,Online,4,500,5,1900.0,1200.0,700.0
19623,2026-08-24,North,Product A,Core,CUST1386,At Risk,Online,3,500,0,1500.0,900.0,600.0
19624,2026-08-24,North,Product A,Core,CUST1284,New,Online,3,500,0,1500.0,900.0,600.0
19625,2026-08-24,West,Product A,Core,CUST1544,Champions,Partner,2,500,10,900.0,600.0,300.0
19626,2026-08-24,East,Product A,Core,CUST1554,Champions,Online,1,500,0,500.0,300.0,200.0
19627,2026-08-24,North,Product A,Core,CUST1121,At Risk,Retail Store,2,500,10,900.0,600.0,300.0
19628,2026-08-24,North,Product C,Accessory,CUST1418,Loyal,Retail Store,3,300,10,810.0,540.0,270.0
19629,2026-08-24,South,Product A,Core,CUST1314,Loyal,Online,3,500,5,1425.0,900.0,525.0
19630,2026-08-24,West,Product A,Core,CUST1353,New,Online,2,500,0,1000.0,600.0,400.0
19631,2026-08-24,South,Product A,Core,CUST1392,New,Online,1,500,0,500.0,300.0,200.0
19632,2026-08-24,North,Product D,Accessory,CUST1394,Champions,Online,4,1200,10,4320.0,2880.0,1440.0
19633,2026-08-24,West,Product A,Core,CUST1313,Loyal,Retail Store,2,500,5,950.0,600.0,350.0
19634,2026-08-24,South,Product A,Core,CUST1313,Loyal,Retail Store,2,500,5,950.0,600.0,350.0
19635,2026-08-24,East,Product B,Core,CUST1326,At Risk,Retail Store,2,750,5,1425.0,900.0,525.0
19636,2026-08-24,North,Product A,Core,CUST1017,Champions,Online,3,500,5,1425.0,900.0,525.0
19637,2026-08-24,East,Product C,Accessory,CUST1575,New,Retail Store,2,300,0,600.0,360.0,240.0
19638,2026-08-24,East,Product D,Accessory,CUST1196,New,Retail Store,3,1200,15,3060.0,2160.0,900.0
19639,2026-08-24,East,Product A,Core,CUST1530,At Risk,Online,4,500,5,1900.0,1200.0,700.0
19640,2026-08-24,North,Product A,Core,CUST1442,At Risk,Online,2,500,0,1000.0,600.0,400.0
19641,2026-08-24,West,Product A,Core,CUST1163,Champions,Retail Store,3,500,10,1350.0,900.0,450.0
19642,2026-08-24,South,Product A,Core,CUST1340,Champions,Online,1,500,5,475.0,300.0,175.0
19643,2026-08-24,East,Product C,Accessory,CUST1276,Loyal,Retail Store,4,300,0,1200.0,720.0,480.0
19644,2026-08-24,East,Product A,Core,CUST1541,New,Online,4,500,5,1900.0,1200.0,700.0
19645,2026-08-24,East,Product B,Core,CUST1097,Champions,Partner,3,750,10,2025.0,1350.0,675.0
19646,2026-08-24,South,Product A,Core,CUST1482,New,Online,2,500,5,950.0,600.0,350.0
19647,2026-08-24,North,Product C,Accessory,CUST1068,Champions,Online,3,300,20,720.0,540.0,180.0
19648,2026-08-24,North,Product A,Core,CUST1521,Loyal,Retail Store,1,500,15,425.0,300.0,125.0
19649,2026-08-24,North,Product A,Core,CUST1427,At Risk,Online,4,500,15,1700.0,1200.0,500.0
19650,2026-08-24,East,Product D,Accessory,CUST1428,Champions,Online,4,1200,15,4080.0,2880.0,1200.0
19651,2026-08-24,South,Product A,Core,CUST1551,Loyal,Partner,3,500,10,1350.0,900.0,450.0
19652,2026-08-24,East,Product C,Accessory,CUST1526,Lost,Online,3,300,0,900.0,540.0,360.0
19653,2026-08-24,South,Product A,Core,CUST1590,Lost,Retail Store,3,500,0,1500.0,900.0,600.0
19654,2026-08-24,East,Product A,Core,CUST1113,New,Online,4,500,15,1700.0,1200.0,500.0
19655,2026-08-24,East,Product D,Accessory,CUST1263,Champions,Retail Store,3,1200,5,3420.0,2160.0,1260.0
19656,2026-08-24,South,Product A,Core,CUST1276,Loyal,Retail Store,4,500,5,1900.0,1200.0,700.0
19657,2026-08-24,North,Product C,Accessory,CUST1131,Lost,Online,2,300,10,540.0,360.0,180.0
19658,2026-08-24,South,Product D,Accessory,CUST1421,Champions,Online,2,1200,10,2160.0,1440.0,720.0
19659,2026-08-24,North,Product B,Core,CUST1431,At Risk,Online,2,750,0,1500.0,900.0,600.0
19660,2026-08-24,North,Product A,Core,CUST1462,Lost,Retail Store,1,500,0,500.0,300.0,200.0
19661,2026-08-24,North,Product C,Accessory,CUST1386,At Risk,Retail Store,4,300,15,1020.0,720.0,300.0
19662,2026-08-24,West,Product A,Core,CUST1557,New,Online,1,500,5,475.0,300.0,175.0
19663,2026-08-25,East,Product B,Core,CUST1589,Champions,Online,3,750,15,1912.5,1350.0,562.5
19664,2026-08-25,South,Product D,Accessory,CUST1181,Lost,Retail Store,3,1200,15,3060.0,2160.0,900.0
19665,2026-08-25,South,Product B,Core,CUST1557,New,Retail Store,2,750,10,1350.0,900.0,450.0
19666,2026-08-25,West,Product A,Core,CUST1095,At Risk,Online,2,500,0,1000.0,600.0,400.0
19667,2026-08-25,West,Product A,Core,CUST1524,Champions,Online,1,500,0,500.0,300.0,200.0
19668,2026-08-25,North,Product C,Accessory,CUST1021,Loyal,Online,4,300,5,1140.0,720.0,420.0
19669,2026-08-25,East,Product A,Core,CUST1209,New,Retail Store,3,500,10,1350.0,900.0,450.0
19670,2026-08-25,South,Product A,Core,CUST1072,Lost,Retail Store,4,500,20,1600.0,1200.0,400.0
19671,2026-08-25,South,Product B,Core,CUST1385,Lost,Online,2,750,10,1350.0,900.0,450.0
19672,2026-08-25,South,Product A,Core,CUST1201,Lost,Retail Store,4,500,0,2000.0,1200.0,800.0
19673,2026-08-25,East,Product A,Core,CUST1210,At Risk,Retail Store,4,500,0,2000.0,1200.0,800.0
19674,2026-08-25,East,Product A,Core,CUST1440,Lost,Retail Store,4,500,0,2000.0,1200.0,800.0
19675,2026-08-25,West,Product A,Core,CUST1176,New,Online,2,500,5,950.0,600.0,350.0
19676,2026-08-25,East,Product C,Accessory,CUST1311,New,Retail Store,3,300,0,900.0,540.0,360.0
19677,2026-08-25,West,Product A,Core,CUST1314,Loyal,Retail Store,3,500,0,1500.0,900.0,600.0
19678,2026-08-25,South,Product A,Core,CUST1429,At Risk,Online,4,500,0,2000.0,1200.0,800.0
19679,2026-08-25,South,Product C,Accessory,CUST1035,Loyal,Retail Store,3,300,15,765.0,540.0,225.0
19680,2026-08-25,North,Product A,Core,CUST1151,Lost,Online,3,500,20,1200.0,900.0,300.0
19681,2026-08-25,South,Product A,Core,CUST1337,At Risk,Online,4,500,0,2000.0,1200.0,800.0
19682,2026-08-25,South,Product A,Core,CUST1371,Loyal,Online,1,500,5,475.0,300.0,175.0
19683,2026-08-25,South,Product C,Accessory,CUST1520,Lost,Retail Store,3,300,15,765.0,540.0,225.0
19684,2026-08-25,North,Product A,Core,CUST1460,New,Online,3,500,0,1500.0,900.0,600.0
19685,2026-08-25,East,Product A,Core,CUST1019,At Risk,Partner,1,500,5,475.0,300.0,175.0
19686,2026-08-25,East,Product B,Core,CUST1509,Champions,Online,2,750,5,1425.0,900.0,525.0
19687,2026-08-25,West,Product B,Core,CUST1482,New,Online,1,750,10,675.0,450.0,225.0
19688,2026-08-25,North,Product C,Accessory,CUST1094,Loyal,Retail Store,2,300,15,510.0,360.0,150.0
19689,2026-08-25,West,Product C,Accessory,CUST1247,New,Retail Store,2,300,5,570.0,360.0,210.0
19690,2026-08-25,East,Product D,Accessory,CUST1359,New,Retail Store,1,1200,0,1200.0,720.0,480.0
19691,2026-08-25,West,Product B,Core,CUST1046,Loyal,Retail Store,1,750,0,750.0,450.0,300.0
19692,2026-08-25,North,Product C,Accessory,CUST1076,Loyal,Retail Store,4,300,0,1200.0,720.0,480.0
19693,2026-08-25,North,Product A,Core,CUST1544,Champions,Online,4,500,0,2000.0,1200.0,800.0
19694,2026-08-25,East,Product A,Core,CUST1388,Champions,Online,4,500,15,1700.0,1200.0,500.0
19695,2026-08-25,East,Product D,Accessory,CUST1193,At Risk,Online,1,1200,5,1140.0,720.0,420.0
19696,2026-08-25,North,Product B,Core,CUST1354,New,Online,4,750,10,2700.0,1800.0,900.0
19697,2026-08-25,North,Product A,Core,CUST1574,Lost,Online,1,500,0,500.0,300.0,200.0
19698,2026-08-25,East,Product D,Accessory,CUST1063,At Risk,Online,1,1200,5,1140.0,720.0,420.0
19699,2026-08-25,West,Product A,Core,CUST1323,New,Partner,4,500,0,2000.0,1200.0,800.0
19700,2026-08-25,South,Product A,Core,CUST1259,New,Retail Store,3,500,5,1425.0,900.0,525.0
19701,2026-08-25,East,Product A,Core,CUST1444,Loyal,Retail Store,2,500,10,900.0,600.0,300.0
19702,2026-08-25,East,Product A,Core,CUST1083,Loyal,Partner,3,500,0,1500.0,900.0,600.0
19703,2026-08-25,North,Product A,Core,CUST1572,New,Partner,3,500,15,1275.0,900.0,375.0
19704,2026-08-25,North,Product D,Accessory,CUST1188,At Risk,Retail Store,3,1200,10,3240.0,2160.0,1080.0
19705,2026-08-25,East,Product C,Accessory,CUST1472,Champions,Online,4,300,10,1080.0,720.0,360.0
19706,2026-08-25,West,Product C,Accessory,CUST1505,At Risk,Partner,1,300,0,300.0,180.0,120.0
19707,2026-08-25,South,Product A,Core,CUST1106,New,Retail Store,4,500,5,1900.0,1200.0,700.0
19708,2026-08-26,North,Product D,Accessory,CUST1107,Loyal,Online,2,1200,15,2040.0,1440.0,600.0
19709,2026-08-26,North,Product A,Core,CUST1152,Champions,Online,1,500,0,500.0,300.0,200.0
19710,2026-08-26,South,Product C,Accessory,CUST1213,At Risk,Online,4,300,15,1020.0,720.0,300.0
19711,2026-08-26,East,Product C,Accessory,CUST1343,New,Online,3,300,0,900.0,540.0,360.0
19712,2026-08-26,South,Product A,Core,CUST1306,Loyal,Online,3,500,5,1425.0,900.0,525.0
19713,2026-08-26,North,Product A,Core,CUST1315,Loyal,Online,3,500,10,1350.0,900.0,450.0
19714,2026-08-26,East,Product A,Core,CUST1202,New,Online,1,500,5,475.0,300.0,175.0
19715,2026-08-26,South,Product A,Core,CUST1362,Champions,Partner,2,500,0,1000.0,600.0,400.0
19716,2026-08-26,East,Product A,Core,CUST1269,Champions,Online,1,500,15,425.0,300.0,125.0
19717,2026-08-26,East,Product C,Accessory,CUST1263,Champions,Online,1,300,10,270.0,180.0,90.0
19718,2026-08-26,South,Product D,Accessory,CUST1185,At Risk,Partner,1,1200,0,1200.0,720.0,480.0
19719,2026-08-26,North,Product D,Accessory,CUST1423,Champions,Online,3,1200,0,3600.0,2160.0,1440.0
19720,2026-08-26,West,Product C,Accessory,CUST1272,Champions,Online,3,300,0,900.0,540.0,360.0
19721,2026-08-26,East,Product A,Core,CUST1553,Lost,Retail Store,1,500,10,450.0,300.0,150.0
19722,2026-08-26,South,Product B,Core,CUST1466,At Risk,Online,4,750,0,3000.0,1800.0,1200.0
19723,2026-08-26,South,Product C,Accessory,CUST1341,Lost,Retail Store,2,300,5,570.0,360.0,210.0
19724,2026-08-26,South,Product A,Core,CUST1476,New,Online,1,500,0,500.0,300.0,200.0
19725,2026-08-26,North,Product A,Core,CUST1280,Champions,Online,3,500,0,1500.0,900.0,600.0
19726,2026-08-26,North,Product C,Accessory,CUST1304,Lost,Retail Store,2,300,0,600.0,360.0,240.0
19727,2026-08-26,West,Product A,Core,CUST1140,New,Retail Store,2,500,10,900.0,600.0,300.0
19728,2026-08-26,South,Product C,Accessory,CUST1092,New,Retail Store,2,300,0,600.0,360.0,240.0
19729,2026-08-26,South,Product A,Core,CUST1257,Champions,Online,3,500,10,1350.0,900.0,450.0
19730,2026-08-26,North,Product B,Core,CUST1365,New,Partner,2,750,10,1350.0,900.0,450.0
19731,2026-08-26,East,Product D,Accessory,CUST1169,Lost,Retail Store,3,1200,5,3420.0,2160.0,1260.0
19732,2026-08-26,East,Product C,Accessory,CUST1293,Champions,Online,2,300,10,540.0,360.0,180.0
19733,2026-08-26,North,Product C,Accessory,CUST1179,At Risk,Retail Store,3,300,15,765.0,540.0,225.0
19734,2026-08-26,South,Product C,Accessory,CUST1130,Loyal,Online,3,300,0,900.0,540.0,360.0
19735,2026-08-26,South,Product D,Accessory,CUST1127,Champions,Retail Store,3,1200,0,3600.0,2160.0,1440.0
19736,2026-08-26,East,Product A,Core,CUST1010,Loyal,Online,3,500,0,1500.0,900.0,600.0
19737,2026-08-26,South,Product B,Core,CUST1419,Lost,Online,1,750,0,750.0,450.0,300.0
19738,2026-08-26,West,Product A,Core,CUST1244,At Risk,Retail Store,2,500,0,1000.0,600.0,400.0
19739,2026-08-26,South,Product C,Accessory,CUST1175,Champions,Online,1,300,10,270.0,180.0,90.0
19740,2026-08-26,South,Product D,Accessory,CUST1102,Loyal,Online,3,1200,5,3420.0,2160.0,1260.0
19741,2026-08-26,North,Product A,Core,CUST1487,Loyal,Retail Store,3,500,0,1500.0,900.0,600.0
19742,2026-08-26,North,Product C,Accessory,CUST1506,Loyal,Online,4,300,0,1200.0,720.0,480.0
19743,2026-08-26,South,Product A,Core,CUST1384,Loyal,Online,2,500,0,1000.0,600.0,400.0
19744,2026-08-26,North,Product D,Accessory,CUST1421,Champions,Retail Store,4,1200,15,4080.0,2880.0,1200.0
19745,2026-08-26,West,Product C,Accessory,CUST1212,Loyal,Online,3,300,15,765.0,540.0,225.0
19746,2026-08-26,East,Product C,Accessory,CUST1103,Lost,Online,4,300,0,1200.0,720.0,480.0
19747,2026-08-26,West,Product B,Core,CUST1252,New,Online,2,750,0,1500.0,900.0,600.0
19748,2026-08-26,East,Product C,Accessory,CUST1230,Champions,Online,4,300,20,960.0,720.0,240.0
19749,2026-08-26,North,Product A,Core,CUST1424,At Risk,Online,1,500,10,450.0,300.0,150.0
19750,2026-08-26,South,Product A,Core,CUST1260,Champions,Online,2,500,0,1000.0,600.0,400.0
19751,2026-08-26,North,Product C,Accessory,CUST1243,New,Online,2,300,0,600.0,360.0,240.0
19752,2026-08-26,East,Product D,Accessory,CUST1321,New,Online,1,1200,10,1080.0,720.0,360.0
19753,2026-08-26,East,Product C,Accessory,CUST1279,Lost,Online,3,300,10,810.0,540.0,270.0
19754,2026-08-26,North,Product A,Core,CUST1488,New,Retail Store,4,500,0,2000.0,1200.0,800.0
19755,2026-08-26,East,Product A,Core,CUST1522,Loyal,Online,2,500,0,1000.0,600.0,400.0
19756,2026-08-26,North,Product D,Accessory,CUST1021,Loyal,Online,2,1200,10,2160.0,1440.0,720.0
19757,2026-08-26,North,Product B,Core,CUST1041,At Risk,Online,2,750,15,1275.0,900.0,375.0
